URL,Version,Status,OIDs,Name,Title,Descriptino,Used
https://dhis2.org/fhir/CodeSystem/animal-class,0.1.0,draft,,AnimalClassCS,Animal Class Code System,"Code system for classifying types of animals.",
https://dhis2.org/fhir/CodeSystem/animal-type,0.1.0,draft,,AnimalTypeCS,Animal Type Code System,"Code system for types of animals.",
https://dhis2.org/fhir/CodeSystem/districts-cs,0.1.0,draft,,DistrictsCS,Districts Code System,"Code system for districts.",
https://dhis2.org/fhir/CodeSystem/locality-quality-cs,0.1.0,draft,,LocalityQualityCS,Locality Quality Code System,"Code system for the quality of locality data.",
https://dhis2.org/fhir/CodeSystem/locality-source-cs,0.1.0,draft,,LocalitySourceCS,Locality Source Code System,"Code system for sources of locality information.",
https://dhis2.org/fhir/CodeSystem/regions-cs,0.1.0,draft,,RegionsCS,Regions Code System,"Code system for regions.",
https://dhis2.org/fhir/CodeSystem/yes-no-unknown-cs,0.1.0,draft,,YesNoUnknownCS,Yes/No/Unknown Code System,"Code system for yes, no, and unknown responses.",
