URL,Version,Status,OIDs,Name,Title,Descriptino,Uses,Used,Sources
https://dhis2.org/fhir/ValueSet/animal-class,0.1.0,draft,,AnimalClassVS,Animal Class,"Value set for classifying types of animals.",,"Internal"
https://dhis2.org/fhir/ValueSet/animal-type,0.1.0,draft,,AnimalTypeVS,Animal Type,"Value set for types of animals.",,"Internal"
https://dhis2.org/fhir/ValueSet/regions-vs,0.1.0,draft,,RegionsVS,Regions Value Set,"Value set for regions.",,"Internal"
https://dhis2.org/fhir/ValueSet/yes-no-unknown,0.1.0,draft,,YesNoUnknownVS,Yes/No/Unknown Value Set,"Value set for yes, no, and unknown responses.",,"Internal"
