{
  "resourceType" : "Bundle",
  "id" : "0e2c1f34-09fc-4090-a489-a26645333a67",
  "meta" : {
    "lastUpdated" : "2024-04-10T12:47:47.471+00:00"
  },
  "type" : "collection",
  "entry" : [{
    "fullUrl" : "https://dhis2.org/fhir/ValueSet/animal-class",
    "resource" : {
      "resourceType" : "ValueSet",
      "text" : {
        "status" : "generated",
        "div" : "<div xmlns=\"http://www.w3.org/1999/xhtml\"><p style=\"border: black 1px dotted; background-color: #EEEEEE; padding: 8px; margin-bottom: 8px\">Expansion based on <a href=\"CodeSystem-animal-class.html\">codesystem Animal Class v0.1.0 (CodeSystem)</a></p><p>This value set contains 10 concepts.</p><table class=\"codes\"><tr><td style=\"white-space:nowrap\"><b>Code</b></td><td><b>System</b></td><td><b>Display</b></td></tr><tr><td style=\"white-space:nowrap\"><a name=\"https---dhis2.org-fhir-CodeSystem-animal-class-BIRDS\"> </a>\u00a0\u00a0<a href=\"CodeSystem-animal-class.html#animal-class-BIRDS\">BIRDS</a></td><td>https://dhis2.org/fhir/CodeSystem/animal-class</td><td>Birds</td></tr><tr><td style=\"white-space:nowrap\"><a name=\"https---dhis2.org-fhir-CodeSystem-animal-class-MAMMAL\"> </a>\u00a0\u00a0<a href=\"CodeSystem-animal-class.html#animal-class-MAMMAL\">MAMMAL</a></td><td>https://dhis2.org/fhir/CodeSystem/animal-class</td><td>Mammal</td></tr><tr><td style=\"white-space:nowrap\"><a name=\"https---dhis2.org-fhir-CodeSystem-animal-class-ARTHROPOD\"> </a>\u00a0\u00a0<a href=\"CodeSystem-animal-class.html#animal-class-ARTHROPOD\">ARTHROPOD</a></td><td>https://dhis2.org/fhir/CodeSystem/animal-class</td><td>Arthropod</td></tr><tr><td style=\"white-space:nowrap\"><a name=\"https---dhis2.org-fhir-CodeSystem-animal-class-FISH\"> </a>\u00a0\u00a0<a href=\"CodeSystem-animal-class.html#animal-class-FISH\">FISH</a></td><td>https://dhis2.org/fhir/CodeSystem/animal-class</td><td>Fish</td></tr><tr><td style=\"white-space:nowrap\"><a name=\"https---dhis2.org-fhir-CodeSystem-animal-class-CRUSTACEANS\"> </a>\u00a0\u00a0<a href=\"CodeSystem-animal-class.html#animal-class-CRUSTACEANS\">CRUSTACEANS</a></td><td>https://dhis2.org/fhir/CodeSystem/animal-class</td><td>Crustaceans</td></tr><tr><td style=\"white-space:nowrap\"><a name=\"https---dhis2.org-fhir-CodeSystem-animal-class-UNKNOWN\"> </a>\u00a0\u00a0<a href=\"CodeSystem-animal-class.html#animal-class-UNKNOWN\">UNKNOWN</a></td><td>https://dhis2.org/fhir/CodeSystem/animal-class</td><td>Unknown</td></tr><tr><td style=\"white-space:nowrap\"><a name=\"https---dhis2.org-fhir-CodeSystem-animal-class-ENVIRONMENTAL-SAMPLE\"> </a>\u00a0\u00a0<a href=\"CodeSystem-animal-class.html#animal-class-ENVIRONMENTAL_SAMPLE\">ENVIRONMENTAL_SAMPLE</a></td><td>https://dhis2.org/fhir/CodeSystem/animal-class</td><td>Environmental sample</td></tr><tr><td style=\"white-space:nowrap\"><a name=\"https---dhis2.org-fhir-CodeSystem-animal-class-MOLLUSKS\"> </a>\u00a0\u00a0<a href=\"CodeSystem-animal-class.html#animal-class-MOLLUSKS\">MOLLUSKS</a></td><td>https://dhis2.org/fhir/CodeSystem/animal-class</td><td>Mollusks</td></tr><tr><td style=\"white-space:nowrap\"><a name=\"https---dhis2.org-fhir-CodeSystem-animal-class-AMPHIBIANS\"> </a>\u00a0\u00a0<a href=\"CodeSystem-animal-class.html#animal-class-AMPHIBIANS\">AMPHIBIANS</a></td><td>https://dhis2.org/fhir/CodeSystem/animal-class</td><td>Amphibians</td></tr><tr><td style=\"white-space:nowrap\"><a name=\"https---dhis2.org-fhir-CodeSystem-animal-class-REPTILES\"> </a>\u00a0\u00a0<a href=\"CodeSystem-animal-class.html#animal-class-REPTILES\">REPTILES</a></td><td>https://dhis2.org/fhir/CodeSystem/animal-class</td><td>Reptiles</td></tr></table></div>"
      },
      "url" : "https://dhis2.org/fhir/ValueSet/animal-class",
      "version" : "0.1.0",
      "name" : "AnimalClassVS",
      "title" : "Animal Class",
      "status" : "draft",
      "date" : "2024-04-10T12:47:47+00:00",
      "expansion" : {
        "identifier" : "urn:uuid:94dfb220-627a-42c7-aea6-b307f595fe92",
        "timestamp" : "2024-04-10T12:47:57+00:00",
        "total" : 10,
        "offset" : 0,
        "parameter" : [{
          "name" : "count",
          "valueInteger" : 1000
        },
        {
          "name" : "offset",
          "valueInteger" : 0
        },
        {
          "name" : "excludeNested",
          "valueBoolean" : false
        },
        {
          "name" : "used-codesystem",
          "valueUri" : "https://dhis2.org/fhir/CodeSystem/animal-class|0.1.0"
        }],
        "contains" : [{
          "system" : "https://dhis2.org/fhir/CodeSystem/animal-class",
          "code" : "BIRDS",
          "display" : "Birds"
        },
        {
          "system" : "https://dhis2.org/fhir/CodeSystem/animal-class",
          "code" : "MAMMAL",
          "display" : "Mammal"
        },
        {
          "system" : "https://dhis2.org/fhir/CodeSystem/animal-class",
          "code" : "ARTHROPOD",
          "display" : "Arthropod"
        },
        {
          "system" : "https://dhis2.org/fhir/CodeSystem/animal-class",
          "code" : "FISH",
          "display" : "Fish"
        },
        {
          "system" : "https://dhis2.org/fhir/CodeSystem/animal-class",
          "code" : "CRUSTACEANS",
          "display" : "Crustaceans"
        },
        {
          "system" : "https://dhis2.org/fhir/CodeSystem/animal-class",
          "code" : "UNKNOWN",
          "display" : "Unknown"
        },
        {
          "system" : "https://dhis2.org/fhir/CodeSystem/animal-class",
          "code" : "ENVIRONMENTAL_SAMPLE",
          "display" : "Environmental sample"
        },
        {
          "system" : "https://dhis2.org/fhir/CodeSystem/animal-class",
          "code" : "MOLLUSKS",
          "display" : "Mollusks"
        },
        {
          "system" : "https://dhis2.org/fhir/CodeSystem/animal-class",
          "code" : "AMPHIBIANS",
          "display" : "Amphibians"
        },
        {
          "system" : "https://dhis2.org/fhir/CodeSystem/animal-class",
          "code" : "REPTILES",
          "display" : "Reptiles"
        }]
      }
    }
  },
  {
    "fullUrl" : "https://dhis2.org/fhir/ValueSet/animal-type",
    "resource" : {
      "resourceType" : "ValueSet",
      "text" : {
        "status" : "generated",
        "div" : "<div xmlns=\"http://www.w3.org/1999/xhtml\"><p style=\"border: black 1px dotted; background-color: #EEEEEE; padding: 8px; margin-bottom: 8px\">Expansion based on <a href=\"CodeSystem-animal-type.html\">codesystem Animal Type v0.1.0 (CodeSystem)</a></p><p>This value set contains 3 concepts.</p><table class=\"codes\"><tr><td style=\"white-space:nowrap\"><b>Code</b></td><td><b>System</b></td><td><b>Display</b></td></tr><tr><td style=\"white-space:nowrap\"><a name=\"https---dhis2.org-fhir-CodeSystem-animal-type-CAPTIVE\"> </a>\u00a0\u00a0<a href=\"CodeSystem-animal-type.html#animal-type-CAPTIVE\">CAPTIVE</a></td><td>https://dhis2.org/fhir/CodeSystem/animal-type</td><td>Captive</td></tr><tr><td style=\"white-space:nowrap\"><a name=\"https---dhis2.org-fhir-CodeSystem-animal-type-WILD\"> </a>\u00a0\u00a0<a href=\"CodeSystem-animal-type.html#animal-type-WILD\">WILD</a></td><td>https://dhis2.org/fhir/CodeSystem/animal-type</td><td>Wild</td></tr><tr><td style=\"white-space:nowrap\"><a name=\"https---dhis2.org-fhir-CodeSystem-animal-type-DOMESTIC\"> </a>\u00a0\u00a0<a href=\"CodeSystem-animal-type.html#animal-type-DOMESTIC\">DOMESTIC</a></td><td>https://dhis2.org/fhir/CodeSystem/animal-type</td><td>Domestic</td></tr></table></div>"
      },
      "url" : "https://dhis2.org/fhir/ValueSet/animal-type",
      "version" : "0.1.0",
      "name" : "AnimalTypeVS",
      "title" : "Animal Type",
      "status" : "draft",
      "date" : "2024-04-10T12:47:47+00:00",
      "expansion" : {
        "identifier" : "urn:uuid:8d1d76b2-1fe8-4c8c-b144-564bd00b807d",
        "timestamp" : "2024-04-10T12:47:57+00:00",
        "total" : 3,
        "offset" : 0,
        "parameter" : [{
          "name" : "count",
          "valueInteger" : 1000
        },
        {
          "name" : "offset",
          "valueInteger" : 0
        },
        {
          "name" : "excludeNested",
          "valueBoolean" : false
        },
        {
          "name" : "used-codesystem",
          "valueUri" : "https://dhis2.org/fhir/CodeSystem/animal-type|0.1.0"
        }],
        "contains" : [{
          "system" : "https://dhis2.org/fhir/CodeSystem/animal-type",
          "code" : "CAPTIVE",
          "display" : "Captive"
        },
        {
          "system" : "https://dhis2.org/fhir/CodeSystem/animal-type",
          "code" : "WILD",
          "display" : "Wild"
        },
        {
          "system" : "https://dhis2.org/fhir/CodeSystem/animal-type",
          "code" : "DOMESTIC",
          "display" : "Domestic"
        }]
      }
    }
  },
  {
    "fullUrl" : "https://dhis2.org/fhir/ValueSet/regions-vs",
    "resource" : {
      "resourceType" : "ValueSet",
      "text" : {
        "status" : "generated",
        "div" : "<div xmlns=\"http://www.w3.org/1999/xhtml\"><p style=\"border: black 1px dotted; background-color: #EEEEEE; padding: 8px; margin-bottom: 8px\">Expansion based on <a href=\"CodeSystem-regions-cs.html\">codesystem Regions Code System v0.1.0 (CodeSystem)</a></p><p>This value set contains 17 concepts.</p><table class=\"codes\"><tr><td style=\"white-space:nowrap\"><b>Code</b></td><td><b>System</b></td><td><b>Display</b></td></tr><tr><td style=\"white-space:nowrap\"><a name=\"https---dhis2.org-fhir-CodeSystem-regions-cs-ATTAPU\"> </a>\u00a0\u00a0<a href=\"CodeSystem-regions-cs.html#regions-cs-ATTAPU\">ATTAPU</a></td><td>https://dhis2.org/fhir/CodeSystem/regions-cs</td><td>Attapu</td></tr><tr><td style=\"white-space:nowrap\"><a name=\"https---dhis2.org-fhir-CodeSystem-regions-cs-BOKEO\"> </a>\u00a0\u00a0<a href=\"CodeSystem-regions-cs.html#regions-cs-BOKEO\">BOKEO</a></td><td>https://dhis2.org/fhir/CodeSystem/regions-cs</td><td>Bokeo</td></tr><tr><td style=\"white-space:nowrap\"><a name=\"https---dhis2.org-fhir-CodeSystem-regions-cs-BOLIKHAMXAI\"> </a>\u00a0\u00a0<a href=\"CodeSystem-regions-cs.html#regions-cs-BOLIKHAMXAI\">BOLIKHAMXAI</a></td><td>https://dhis2.org/fhir/CodeSystem/regions-cs</td><td>Bolikhamxai</td></tr><tr><td style=\"white-space:nowrap\"><a name=\"https---dhis2.org-fhir-CodeSystem-regions-cs-CHAMPASAK\"> </a>\u00a0\u00a0<a href=\"CodeSystem-regions-cs.html#regions-cs-CHAMPASAK\">CHAMPASAK</a></td><td>https://dhis2.org/fhir/CodeSystem/regions-cs</td><td>Champasak</td></tr><tr><td style=\"white-space:nowrap\"><a name=\"https---dhis2.org-fhir-CodeSystem-regions-cs-HOUAPHAN\"> </a>\u00a0\u00a0<a href=\"CodeSystem-regions-cs.html#regions-cs-HOUAPHAN\">HOUAPHAN</a></td><td>https://dhis2.org/fhir/CodeSystem/regions-cs</td><td>Houaphan</td></tr><tr><td style=\"white-space:nowrap\"><a name=\"https---dhis2.org-fhir-CodeSystem-regions-cs-KHAMMOUAN\"> </a>\u00a0\u00a0<a href=\"CodeSystem-regions-cs.html#regions-cs-KHAMMOUAN\">KHAMMOUAN</a></td><td>https://dhis2.org/fhir/CodeSystem/regions-cs</td><td>Khammouan</td></tr><tr><td style=\"white-space:nowrap\"><a name=\"https---dhis2.org-fhir-CodeSystem-regions-cs-LOUANGNAMTHA\"> </a>\u00a0\u00a0<a href=\"CodeSystem-regions-cs.html#regions-cs-LOUANGNAMTHA\">LOUANGNAMTHA</a></td><td>https://dhis2.org/fhir/CodeSystem/regions-cs</td><td>Louang-Namtha</td></tr><tr><td style=\"white-space:nowrap\"><a name=\"https---dhis2.org-fhir-CodeSystem-regions-cs-LOUANGPHABANG\"> </a>\u00a0\u00a0<a href=\"CodeSystem-regions-cs.html#regions-cs-LOUANGPHABANG\">LOUANGPHABANG</a></td><td>https://dhis2.org/fhir/CodeSystem/regions-cs</td><td>Louangphabang</td></tr><tr><td style=\"white-space:nowrap\"><a name=\"https---dhis2.org-fhir-CodeSystem-regions-cs-OUDOMXAI\"> </a>\u00a0\u00a0<a href=\"CodeSystem-regions-cs.html#regions-cs-OUDOMXAI\">OUDOMXAI</a></td><td>https://dhis2.org/fhir/CodeSystem/regions-cs</td><td>Oudomxai</td></tr><tr><td style=\"white-space:nowrap\"><a name=\"https---dhis2.org-fhir-CodeSystem-regions-cs-PHONGSALI\"> </a>\u00a0\u00a0<a href=\"CodeSystem-regions-cs.html#regions-cs-PHONGSALI\">PHONGSALI</a></td><td>https://dhis2.org/fhir/CodeSystem/regions-cs</td><td>Phongsali</td></tr><tr><td style=\"white-space:nowrap\"><a name=\"https---dhis2.org-fhir-CodeSystem-regions-cs-SALAVAN\"> </a>\u00a0\u00a0<a href=\"CodeSystem-regions-cs.html#regions-cs-SALAVAN\">SALAVAN</a></td><td>https://dhis2.org/fhir/CodeSystem/regions-cs</td><td>Salavan</td></tr><tr><td style=\"white-space:nowrap\"><a name=\"https---dhis2.org-fhir-CodeSystem-regions-cs-SAVANNAKHET\"> </a>\u00a0\u00a0<a href=\"CodeSystem-regions-cs.html#regions-cs-SAVANNAKHET\">SAVANNAKHET</a></td><td>https://dhis2.org/fhir/CodeSystem/regions-cs</td><td>Savannakhet</td></tr><tr><td style=\"white-space:nowrap\"><a name=\"https---dhis2.org-fhir-CodeSystem-regions-cs-VIENTIANE\"> </a>\u00a0\u00a0<a href=\"CodeSystem-regions-cs.html#regions-cs-VIENTIANE\">VIENTIANE</a></td><td>https://dhis2.org/fhir/CodeSystem/regions-cs</td><td>Vientiane</td></tr><tr><td style=\"white-space:nowrap\"><a name=\"https---dhis2.org-fhir-CodeSystem-regions-cs-VIENTIANE-CAPITAL\"> </a>\u00a0\u00a0<a href=\"CodeSystem-regions-cs.html#regions-cs-VIENTIANE_CAPITAL\">VIENTIANE_CAPITAL</a></td><td>https://dhis2.org/fhir/CodeSystem/regions-cs</td><td>Vientiane capital</td></tr><tr><td style=\"white-space:nowrap\"><a name=\"https---dhis2.org-fhir-CodeSystem-regions-cs-XAINYABOULI\"> </a>\u00a0\u00a0<a href=\"CodeSystem-regions-cs.html#regions-cs-XAINYABOULI\">XAINYABOULI</a></td><td>https://dhis2.org/fhir/CodeSystem/regions-cs</td><td>Xaignabouli</td></tr><tr><td style=\"white-space:nowrap\"><a name=\"https---dhis2.org-fhir-CodeSystem-regions-cs-XEKONG\"> </a>\u00a0\u00a0<a href=\"CodeSystem-regions-cs.html#regions-cs-XEKONG\">XEKONG</a></td><td>https://dhis2.org/fhir/CodeSystem/regions-cs</td><td>Xekong</td></tr><tr><td style=\"white-space:nowrap\"><a name=\"https---dhis2.org-fhir-CodeSystem-regions-cs-XIANGKHOUANG\"> </a>\u00a0\u00a0<a href=\"CodeSystem-regions-cs.html#regions-cs-XIANGKHOUANG\">XIANGKHOUANG</a></td><td>https://dhis2.org/fhir/CodeSystem/regions-cs</td><td>Xiangkhouang</td></tr></table></div>"
      },
      "url" : "https://dhis2.org/fhir/ValueSet/regions-vs",
      "version" : "0.1.0",
      "name" : "RegionsVS",
      "title" : "Regions Value Set",
      "status" : "draft",
      "date" : "2024-04-10T12:47:47+00:00",
      "expansion" : {
        "identifier" : "urn:uuid:e57c7315-b313-425b-b41f-06b4eee3be50",
        "timestamp" : "2024-04-10T12:47:57+00:00",
        "total" : 17,
        "offset" : 0,
        "parameter" : [{
          "name" : "count",
          "valueInteger" : 1000
        },
        {
          "name" : "offset",
          "valueInteger" : 0
        },
        {
          "name" : "excludeNested",
          "valueBoolean" : false
        },
        {
          "name" : "used-codesystem",
          "valueUri" : "https://dhis2.org/fhir/CodeSystem/regions-cs|0.1.0"
        }],
        "contains" : [{
          "system" : "https://dhis2.org/fhir/CodeSystem/regions-cs",
          "code" : "ATTAPU",
          "display" : "Attapu"
        },
        {
          "system" : "https://dhis2.org/fhir/CodeSystem/regions-cs",
          "code" : "BOKEO",
          "display" : "Bokeo"
        },
        {
          "system" : "https://dhis2.org/fhir/CodeSystem/regions-cs",
          "code" : "BOLIKHAMXAI",
          "display" : "Bolikhamxai"
        },
        {
          "system" : "https://dhis2.org/fhir/CodeSystem/regions-cs",
          "code" : "CHAMPASAK",
          "display" : "Champasak"
        },
        {
          "system" : "https://dhis2.org/fhir/CodeSystem/regions-cs",
          "code" : "HOUAPHAN",
          "display" : "Houaphan"
        },
        {
          "system" : "https://dhis2.org/fhir/CodeSystem/regions-cs",
          "code" : "KHAMMOUAN",
          "display" : "Khammouan"
        },
        {
          "system" : "https://dhis2.org/fhir/CodeSystem/regions-cs",
          "code" : "LOUANGNAMTHA",
          "display" : "Louang-Namtha"
        },
        {
          "system" : "https://dhis2.org/fhir/CodeSystem/regions-cs",
          "code" : "LOUANGPHABANG",
          "display" : "Louangphabang"
        },
        {
          "system" : "https://dhis2.org/fhir/CodeSystem/regions-cs",
          "code" : "OUDOMXAI",
          "display" : "Oudomxai"
        },
        {
          "system" : "https://dhis2.org/fhir/CodeSystem/regions-cs",
          "code" : "PHONGSALI",
          "display" : "Phongsali"
        },
        {
          "system" : "https://dhis2.org/fhir/CodeSystem/regions-cs",
          "code" : "SALAVAN",
          "display" : "Salavan"
        },
        {
          "system" : "https://dhis2.org/fhir/CodeSystem/regions-cs",
          "code" : "SAVANNAKHET",
          "display" : "Savannakhet"
        },
        {
          "system" : "https://dhis2.org/fhir/CodeSystem/regions-cs",
          "code" : "VIENTIANE",
          "display" : "Vientiane"
        },
        {
          "system" : "https://dhis2.org/fhir/CodeSystem/regions-cs",
          "code" : "VIENTIANE_CAPITAL",
          "display" : "Vientiane capital"
        },
        {
          "system" : "https://dhis2.org/fhir/CodeSystem/regions-cs",
          "code" : "XAINYABOULI",
          "display" : "Xaignabouli"
        },
        {
          "system" : "https://dhis2.org/fhir/CodeSystem/regions-cs",
          "code" : "XEKONG",
          "display" : "Xekong"
        },
        {
          "system" : "https://dhis2.org/fhir/CodeSystem/regions-cs",
          "code" : "XIANGKHOUANG",
          "display" : "Xiangkhouang"
        }]
      }
    }
  },
  {
    "fullUrl" : "https://dhis2.org/fhir/ValueSet/yes-no-unknown",
    "resource" : {
      "resourceType" : "ValueSet",
      "text" : {
        "status" : "generated",
        "div" : "<div xmlns=\"http://www.w3.org/1999/xhtml\"><p style=\"border: black 1px dotted; background-color: #EEEEEE; padding: 8px; margin-bottom: 8px\">Expansion based on <a href=\"CodeSystem-yes-no-unknown.html\">codesystem Yes/No/Unknown v0.1.0 (CodeSystem)</a></p><p>This value set contains 3 concepts.</p><table class=\"codes\"><tr><td style=\"white-space:nowrap\"><b>Code</b></td><td><b>System</b></td><td><b>Display</b></td></tr><tr><td style=\"white-space:nowrap\"><a name=\"https---dhis2.org-fhir-CodeSystem-yes-no-unknown-YES\"> </a>\u00a0\u00a0<a href=\"CodeSystem-yes-no-unknown.html#yes-no-unknown-YES\">YES</a></td><td>https://dhis2.org/fhir/CodeSystem/yes-no-unknown</td><td>Yes</td></tr><tr><td style=\"white-space:nowrap\"><a name=\"https---dhis2.org-fhir-CodeSystem-yes-no-unknown-NO\"> </a>\u00a0\u00a0<a href=\"CodeSystem-yes-no-unknown.html#yes-no-unknown-NO\">NO</a></td><td>https://dhis2.org/fhir/CodeSystem/yes-no-unknown</td><td>No</td></tr><tr><td style=\"white-space:nowrap\"><a name=\"https---dhis2.org-fhir-CodeSystem-yes-no-unknown-UNKNOWN\"> </a>\u00a0\u00a0<a href=\"CodeSystem-yes-no-unknown.html#yes-no-unknown-UNKNOWN\">UNKNOWN</a></td><td>https://dhis2.org/fhir/CodeSystem/yes-no-unknown</td><td>Unknown</td></tr></table></div>"
      },
      "url" : "https://dhis2.org/fhir/ValueSet/yes-no-unknown",
      "version" : "0.1.0",
      "name" : "YesNoUnknownVS",
      "title" : "Yes/No/Unknown Value Set",
      "status" : "draft",
      "date" : "2024-04-10T12:47:47+00:00",
      "expansion" : {
        "identifier" : "urn:uuid:864f5fbd-9eb4-4175-aa58-5f77f42e8490",
        "timestamp" : "2024-04-10T12:47:57+00:00",
        "total" : 3,
        "offset" : 0,
        "parameter" : [{
          "name" : "count",
          "valueInteger" : 1000
        },
        {
          "name" : "offset",
          "valueInteger" : 0
        },
        {
          "name" : "excludeNested",
          "valueBoolean" : false
        },
        {
          "name" : "used-codesystem",
          "valueUri" : "https://dhis2.org/fhir/CodeSystem/yes-no-unknown|0.1.0"
        }],
        "contains" : [{
          "system" : "https://dhis2.org/fhir/CodeSystem/yes-no-unknown",
          "code" : "YES",
          "display" : "Yes"
        },
        {
          "system" : "https://dhis2.org/fhir/CodeSystem/yes-no-unknown",
          "code" : "NO",
          "display" : "No"
        },
        {
          "system" : "https://dhis2.org/fhir/CodeSystem/yes-no-unknown",
          "code" : "UNKNOWN",
          "display" : "Unknown"
        }]
      }
    }
  }]
}