<?xml version="1.0" encoding="UTF-8"?>

<CodeSystem xmlns="http://hl7.org/fhir">
  <id value="necropsy-lesions-cs"/>
  <text>
    <status value="generated"/><div xmlns="http://www.w3.org/1999/xhtml"><p>This  code system <code>https://example.org/fhir/CodeSystem/necropsy-lesions-cs</code> defines the following codes:</p><table class="codes"><tr><td style="white-space:nowrap"><b>Code</b></td><td><b>Display</b></td></tr><tr><td style="white-space:nowrap">ABOMASAL_IMPACTION<a name="necropsy-lesions-cs-ABOMASAL_IMPACTION"> </a></td><td>Abomasal Impaction</td></tr><tr><td style="white-space:nowrap">ABOMASITIS<a name="necropsy-lesions-cs-ABOMASITIS"> </a></td><td>Abomasitis</td></tr><tr><td style="white-space:nowrap">ABSCESSATION<a name="necropsy-lesions-cs-ABSCESSATION"> </a></td><td>Abscessation</td></tr><tr><td style="white-space:nowrap">ADHESIONS<a name="necropsy-lesions-cs-ADHESIONS"> </a></td><td>Adhesions</td></tr><tr><td style="white-space:nowrap">ALOPECIA<a name="necropsy-lesions-cs-ALOPECIA"> </a></td><td>Alopecia</td></tr><tr><td style="white-space:nowrap">ANAEMIA<a name="necropsy-lesions-cs-ANAEMIA"> </a></td><td>Anaemia</td></tr><tr><td style="white-space:nowrap">ASCITES<a name="necropsy-lesions-cs-ASCITES"> </a></td><td>Ascites</td></tr><tr><td style="white-space:nowrap">BLOAT<a name="necropsy-lesions-cs-BLOAT"> </a></td><td>Bloat</td></tr><tr><td style="white-space:nowrap">CATARRHAL_ENTERITIS<a name="necropsy-lesions-cs-CATARRHAL_ENTERITIS"> </a></td><td>Catarrhal enteritis</td></tr><tr><td style="white-space:nowrap">CONGESTION<a name="necropsy-lesions-cs-CONGESTION"> </a></td><td>Congestion</td></tr><tr><td style="white-space:nowrap">CONGESTION_IN_LUNG<a name="necropsy-lesions-cs-CONGESTION_IN_LUNG"> </a></td><td>Congestion in lung</td></tr><tr><td style="white-space:nowrap">CONJUNCTIVITIS<a name="necropsy-lesions-cs-CONJUNCTIVITIS"> </a></td><td>Conjunctivitis</td></tr><tr><td style="white-space:nowrap">CYANOSIS<a name="necropsy-lesions-cs-CYANOSIS"> </a></td><td>Cyanosis</td></tr><tr><td style="white-space:nowrap">DEHYDRATION<a name="necropsy-lesions-cs-DEHYDRATION"> </a></td><td>Dehydration</td></tr><tr><td style="white-space:nowrap">EMACIATION<a name="necropsy-lesions-cs-EMACIATION"> </a></td><td>Emaciation</td></tr><tr><td style="white-space:nowrap">ENCEPHALITIS<a name="necropsy-lesions-cs-ENCEPHALITIS"> </a></td><td>Encephalitis</td></tr><tr><td style="white-space:nowrap">ENCEPHALOMYELITIS<a name="necropsy-lesions-cs-ENCEPHALOMYELITIS"> </a></td><td>Encephalomyelitis</td></tr><tr><td style="white-space:nowrap">ENLARGED_GALL_BLADDER<a name="necropsy-lesions-cs-ENLARGED_GALL_BLADDER"> </a></td><td>Enlarged gall bladder</td></tr><tr><td style="white-space:nowrap">ENLARGED_LIVER<a name="necropsy-lesions-cs-ENLARGED_LIVER"> </a></td><td>Enlarged Liver</td></tr><tr><td style="white-space:nowrap">ENTERITIS<a name="necropsy-lesions-cs-ENTERITIS"> </a></td><td>Enteritis</td></tr><tr><td style="white-space:nowrap">ERYTHEMA<a name="necropsy-lesions-cs-ERYTHEMA"> </a></td><td>Erythema</td></tr><tr><td style="white-space:nowrap">FIBRINOUS_PLEURITIS<a name="necropsy-lesions-cs-FIBRINOUS_PLEURITIS"> </a></td><td>Fibrinous pleuritis</td></tr><tr><td style="white-space:nowrap">FIBRINOUS_PLEUROPNEUMONIA<a name="necropsy-lesions-cs-FIBRINOUS_PLEUROPNEUMONIA"> </a></td><td>Fibrinous Pleuropneumonia</td></tr><tr><td style="white-space:nowrap">FOETAL_MACERATION<a name="necropsy-lesions-cs-FOETAL_MACERATION"> </a></td><td>Foetal maceration</td></tr><tr><td style="white-space:nowrap">FOETAL_MUMMIFICATION<a name="necropsy-lesions-cs-FOETAL_MUMMIFICATION"> </a></td><td>Foetal mummification</td></tr><tr><td style="white-space:nowrap">GALLBLADDER_ENLARGED<a name="necropsy-lesions-cs-GALLBLADDER_ENLARGED"> </a></td><td>Gallbladder enlarged</td></tr><tr><td style="white-space:nowrap">GASTRITIS<a name="necropsy-lesions-cs-GASTRITIS"> </a></td><td>Gastritis</td></tr><tr><td style="white-space:nowrap">HAEMOPERITONEUM<a name="necropsy-lesions-cs-HAEMOPERITONEUM"> </a></td><td>Haemoperitoneum</td></tr><tr><td style="white-space:nowrap">HAEMORRHAGES<a name="necropsy-lesions-cs-HAEMORRHAGES"> </a></td><td>Haemorrhages</td></tr><tr><td style="white-space:nowrap">HAEMORRHAGIC_ENTERITIS<a name="necropsy-lesions-cs-HAEMORRHAGIC_ENTERITIS"> </a></td><td>Haemorrhagic enteritis</td></tr><tr><td style="white-space:nowrap">HAEMORRHAGIC_GASTRITIS<a name="necropsy-lesions-cs-HAEMORRHAGIC_GASTRITIS"> </a></td><td>Haemorrhagic Gastritis</td></tr><tr><td style="white-space:nowrap">HAEMORRHAGIC_GASTROENTERITIS<a name="necropsy-lesions-cs-HAEMORRHAGIC_GASTROENTERITIS"> </a></td><td>Haemorrhagic gastroenteritis</td></tr><tr><td style="white-space:nowrap">HAEMOTHORAX<a name="necropsy-lesions-cs-HAEMOTHORAX"> </a></td><td>Haemothorax</td></tr><tr><td style="white-space:nowrap">HEART_ECCHYMOSES<a name="necropsy-lesions-cs-HEART_ECCHYMOSES"> </a></td><td>Heart, ecchymoses</td></tr><tr><td style="white-space:nowrap">HEART_ENDOCARDITIS<a name="necropsy-lesions-cs-HEART_ENDOCARDITIS"> </a></td><td>Heart, endocarditis</td></tr><tr><td style="white-space:nowrap">HEART_ENLARGED<a name="necropsy-lesions-cs-HEART_ENLARGED"> </a></td><td>Heart, enlarged</td></tr><tr><td style="white-space:nowrap">HEART_INFARCTION<a name="necropsy-lesions-cs-HEART_INFARCTION"> </a></td><td>Heart, infarction</td></tr><tr><td style="white-space:nowrap">HEART_MYOCARDITIS<a name="necropsy-lesions-cs-HEART_MYOCARDITIS"> </a></td><td>Heart, myocarditis</td></tr><tr><td style="white-space:nowrap">HEART_PERICARDITIS<a name="necropsy-lesions-cs-HEART_PERICARDITIS"> </a></td><td>Heart, pericarditis</td></tr><tr><td style="white-space:nowrap">HEPATOMEGALY<a name="necropsy-lesions-cs-HEPATOMEGALY"> </a></td><td>Hepatomegaly</td></tr><tr><td style="white-space:nowrap">HYDROTHORAX<a name="necropsy-lesions-cs-HYDROTHORAX"> </a></td><td>Hydrothorax</td></tr><tr><td style="white-space:nowrap">ICTERUS<a name="necropsy-lesions-cs-ICTERUS"> </a></td><td>Icterus</td></tr><tr><td style="white-space:nowrap">INTERDIGITAL_BLISTERS<a name="necropsy-lesions-cs-INTERDIGITAL_BLISTERS"> </a></td><td>Interdigital blisters</td></tr><tr><td style="white-space:nowrap">INTERDIGITAL_DERMATITIS<a name="necropsy-lesions-cs-INTERDIGITAL_DERMATITIS"> </a></td><td>Interdigital dermatitis</td></tr><tr><td style="white-space:nowrap">INTERDIGITAL_VESICLES<a name="necropsy-lesions-cs-INTERDIGITAL_VESICLES"> </a></td><td>Interdigital vesicles</td></tr><tr><td style="white-space:nowrap">INTERNAL_BLEEDING<a name="necropsy-lesions-cs-INTERNAL_BLEEDING"> </a></td><td>Internal bleeding</td></tr><tr><td style="white-space:nowrap">INTUSSUSSEPTION<a name="necropsy-lesions-cs-INTUSSUSSEPTION"> </a></td><td>Intussusseption</td></tr><tr><td style="white-space:nowrap">KIDNEY_INFARCTION<a name="necropsy-lesions-cs-KIDNEY_INFARCTION"> </a></td><td>Kidney, infarction</td></tr><tr><td style="white-space:nowrap">KIDNEY_NEPHRITIS<a name="necropsy-lesions-cs-KIDNEY_NEPHRITIS"> </a></td><td>Kidney, nephritis</td></tr><tr><td style="white-space:nowrap">KIDNEY_PULPY<a name="necropsy-lesions-cs-KIDNEY_PULPY"> </a></td><td>Kidney, pulpy</td></tr><tr><td style="white-space:nowrap">LINGUAL_BLISTERS<a name="necropsy-lesions-cs-LINGUAL_BLISTERS"> </a></td><td>Lingual blisters</td></tr><tr><td style="white-space:nowrap">LINGUAL_ULCERS<a name="necropsy-lesions-cs-LINGUAL_ULCERS"> </a></td><td>Lingual ulcers</td></tr><tr><td style="white-space:nowrap">LINGUAL_VESICLES<a name="necropsy-lesions-cs-LINGUAL_VESICLES"> </a></td><td>Lingual vesicles</td></tr><tr><td style="white-space:nowrap">LIVER_ENLARGED<a name="necropsy-lesions-cs-LIVER_ENLARGED"> </a></td><td>Liver enlarged</td></tr><tr><td style="white-space:nowrap">LIVER_PALE<a name="necropsy-lesions-cs-LIVER_PALE"> </a></td><td>Liver pale</td></tr><tr><td style="white-space:nowrap">LIVER_YELLOW<a name="necropsy-lesions-cs-LIVER_YELLOW"> </a></td><td>Liver yellow</td></tr><tr><td style="white-space:nowrap">LUMPS<a name="necropsy-lesions-cs-LUMPS"> </a></td><td>Lumps</td></tr><tr><td style="white-space:nowrap">LUNG_ABSCESSATION<a name="necropsy-lesions-cs-LUNG_ABSCESSATION"> </a></td><td>Lung abscessation</td></tr><tr><td style="white-space:nowrap">LUNG_CONGESTION<a name="necropsy-lesions-cs-LUNG_CONGESTION"> </a></td><td>Lung congestion</td></tr><tr><td style="white-space:nowrap">LUNG_OEDEMA<a name="necropsy-lesions-cs-LUNG_OEDEMA"> </a></td><td>Lung Oedema</td></tr><tr><td style="white-space:nowrap">LYMPHNODES_ENLARGED<a name="necropsy-lesions-cs-LYMPHNODES_ENLARGED"> </a></td><td>Lymphnodes enlarged</td></tr><tr><td style="white-space:nowrap">METRITIS<a name="necropsy-lesions-cs-METRITIS"> </a></td><td>Metritis</td></tr><tr><td style="white-space:nowrap">MUCOPURULENT_PLEUROPNEUMONIA<a name="necropsy-lesions-cs-MUCOPURULENT_PLEUROPNEUMONIA"> </a></td><td>Mucopurulent pleuropneumonia</td></tr><tr><td style="white-space:nowrap">MUSCULAR_NECROSIS<a name="necropsy-lesions-cs-MUSCULAR_NECROSIS"> </a></td><td>Muscular Necrosis</td></tr><tr><td style="white-space:nowrap">MUSCULAR_SWELLING<a name="necropsy-lesions-cs-MUSCULAR_SWELLING"> </a></td><td>Muscular swelling</td></tr><tr><td style="white-space:nowrap">NODULES<a name="necropsy-lesions-cs-NODULES"> </a></td><td>Nodules</td></tr><tr><td style="white-space:nowrap">OMASAL_IMPACTION<a name="necropsy-lesions-cs-OMASAL_IMPACTION"> </a></td><td>Omasal Impaction</td></tr><tr><td style="white-space:nowrap">ORGAN_RUPTURE<a name="necropsy-lesions-cs-ORGAN_RUPTURE"> </a></td><td>Organ-rupture</td></tr><tr><td style="white-space:nowrap">OTHER<a name="necropsy-lesions-cs-OTHER"> </a></td><td>Other</td></tr><tr><td style="white-space:nowrap">PERITONITIS<a name="necropsy-lesions-cs-PERITONITIS"> </a></td><td>Peritonitis</td></tr><tr><td style="white-space:nowrap">PETECHIATION<a name="necropsy-lesions-cs-PETECHIATION"> </a></td><td>Petechiation</td></tr><tr><td style="white-space:nowrap">PNEUMONIA<a name="necropsy-lesions-cs-PNEUMONIA"> </a></td><td>Pneumonia</td></tr><tr><td style="white-space:nowrap">PULMONARY_EMPHYSEMA<a name="necropsy-lesions-cs-PULMONARY_EMPHYSEMA"> </a></td><td>Pulmonary Emphysema</td></tr><tr><td style="white-space:nowrap">PUSTULAR_VULVO_VAGINITIS<a name="necropsy-lesions-cs-PUSTULAR_VULVO_VAGINITIS"> </a></td><td>Pustular vulvo-vaginitis</td></tr><tr><td style="white-space:nowrap">PUSTULES<a name="necropsy-lesions-cs-PUSTULES"> </a></td><td>Pustules</td></tr><tr><td style="white-space:nowrap">RUMENAL_IMPACTION<a name="necropsy-lesions-cs-RUMENAL_IMPACTION"> </a></td><td>Rumenal Impaction</td></tr><tr><td style="white-space:nowrap">RUMENITIS<a name="necropsy-lesions-cs-RUMENITIS"> </a></td><td>Rumenitis</td></tr><tr><td style="white-space:nowrap">RUPTURE_OF_ORGAN<a name="necropsy-lesions-cs-RUPTURE_OF_ORGAN"> </a></td><td>Rupture of organ</td></tr><tr><td style="white-space:nowrap">SCABS<a name="necropsy-lesions-cs-SCABS"> </a></td><td>Scabs</td></tr><tr><td style="white-space:nowrap">SEPTIC_METRITIS<a name="necropsy-lesions-cs-SEPTIC_METRITIS"> </a></td><td>Septic metritis</td></tr><tr><td style="white-space:nowrap">SEPTICAEMIA<a name="necropsy-lesions-cs-SEPTICAEMIA"> </a></td><td>Septicaemia</td></tr><tr><td style="white-space:nowrap">SEQUESTERS<a name="necropsy-lesions-cs-SEQUESTERS"> </a></td><td>Sequesters</td></tr><tr><td style="white-space:nowrap">SPLENOMEGALY<a name="necropsy-lesions-cs-SPLENOMEGALY"> </a></td><td>SPLENOMEGALY</td></tr><tr><td style="white-space:nowrap">SUBCUTANEOUS_OEDEMA<a name="necropsy-lesions-cs-SUBCUTANEOUS_OEDEMA"> </a></td><td>Subcutaneous oedema</td></tr><tr><td style="white-space:nowrap">TORSION<a name="necropsy-lesions-cs-TORSION"> </a></td><td>Torsion</td></tr><tr><td style="white-space:nowrap">TRACHEAL_FLUID<a name="necropsy-lesions-cs-TRACHEAL_FLUID"> </a></td><td>Tracheal fluid</td></tr><tr><td style="white-space:nowrap">ULCERS<a name="necropsy-lesions-cs-ULCERS"> </a></td><td>Ulcers</td></tr><tr><td style="white-space:nowrap">VAGINITIS<a name="necropsy-lesions-cs-VAGINITIS"> </a></td><td>Vaginitis</td></tr><tr><td style="white-space:nowrap">WEALS<a name="necropsy-lesions-cs-WEALS"> </a></td><td>Weals</td></tr><tr><td style="white-space:nowrap">ZEBRA_STRIPE_GUT<a name="necropsy-lesions-cs-ZEBRA_STRIPE_GUT"> </a></td><td>Zebra stripe gut</td></tr></table></div>
  </text>
  <url value="https://example.org/fhir/CodeSystem/necropsy-lesions-cs"/>
  <version value="0.1.0"/>
  <name value="NecropsyLesionsCS"/>
  <title value="Necropsy Lesions Code System"/>
  <status value="draft"/>
  <date value="2024-04-17T13:33:19+00:00"/>
  <publisher value="DHIS2"/>
  <contact>
    <name value="DHIS2"/>
    <telecom>
      <system value="url"/>
      <value value="https://dhis2.org"/>
    </telecom>
    <telecom>
      <system value="email"/>
      <value value="johan.hole@dhis2.org"/>
    </telecom>
  </contact>
  <description value="Code system for necropsy lesions."/>
  <content value="complete"/>
  <count value="90"/>
  <concept>
    <code value="ABOMASAL_IMPACTION"/>
    <display value="Abomasal Impaction"/>
  </concept>
  <concept>
    <code value="ABOMASITIS"/>
    <display value="Abomasitis"/>
  </concept>
  <concept>
    <code value="ABSCESSATION"/>
    <display value="Abscessation"/>
  </concept>
  <concept>
    <code value="ADHESIONS"/>
    <display value="Adhesions"/>
  </concept>
  <concept>
    <code value="ALOPECIA"/>
    <display value="Alopecia"/>
  </concept>
  <concept>
    <code value="ANAEMIA"/>
    <display value="Anaemia"/>
  </concept>
  <concept>
    <code value="ASCITES"/>
    <display value="Ascites"/>
  </concept>
  <concept>
    <code value="BLOAT"/>
    <display value="Bloat"/>
  </concept>
  <concept>
    <code value="CATARRHAL_ENTERITIS"/>
    <display value="Catarrhal enteritis"/>
  </concept>
  <concept>
    <code value="CONGESTION"/>
    <display value="Congestion"/>
  </concept>
  <concept>
    <code value="CONGESTION_IN_LUNG"/>
    <display value="Congestion in lung"/>
  </concept>
  <concept>
    <code value="CONJUNCTIVITIS"/>
    <display value="Conjunctivitis"/>
  </concept>
  <concept>
    <code value="CYANOSIS"/>
    <display value="Cyanosis"/>
  </concept>
  <concept>
    <code value="DEHYDRATION"/>
    <display value="Dehydration"/>
  </concept>
  <concept>
    <code value="EMACIATION"/>
    <display value="Emaciation"/>
  </concept>
  <concept>
    <code value="ENCEPHALITIS"/>
    <display value="Encephalitis"/>
  </concept>
  <concept>
    <code value="ENCEPHALOMYELITIS"/>
    <display value="Encephalomyelitis"/>
  </concept>
  <concept>
    <code value="ENLARGED_GALL_BLADDER"/>
    <display value="Enlarged gall bladder"/>
  </concept>
  <concept>
    <code value="ENLARGED_LIVER"/>
    <display value="Enlarged Liver"/>
  </concept>
  <concept>
    <code value="ENTERITIS"/>
    <display value="Enteritis"/>
  </concept>
  <concept>
    <code value="ERYTHEMA"/>
    <display value="Erythema"/>
  </concept>
  <concept>
    <code value="FIBRINOUS_PLEURITIS"/>
    <display value="Fibrinous pleuritis"/>
  </concept>
  <concept>
    <code value="FIBRINOUS_PLEUROPNEUMONIA"/>
    <display value="Fibrinous Pleuropneumonia"/>
  </concept>
  <concept>
    <code value="FOETAL_MACERATION"/>
    <display value="Foetal maceration"/>
  </concept>
  <concept>
    <code value="FOETAL_MUMMIFICATION"/>
    <display value="Foetal mummification"/>
  </concept>
  <concept>
    <code value="GALLBLADDER_ENLARGED"/>
    <display value="Gallbladder enlarged"/>
  </concept>
  <concept>
    <code value="GASTRITIS"/>
    <display value="Gastritis"/>
  </concept>
  <concept>
    <code value="HAEMOPERITONEUM"/>
    <display value="Haemoperitoneum"/>
  </concept>
  <concept>
    <code value="HAEMORRHAGES"/>
    <display value="Haemorrhages"/>
  </concept>
  <concept>
    <code value="HAEMORRHAGIC_ENTERITIS"/>
    <display value="Haemorrhagic enteritis"/>
  </concept>
  <concept>
    <code value="HAEMORRHAGIC_GASTRITIS"/>
    <display value="Haemorrhagic Gastritis"/>
  </concept>
  <concept>
    <code value="HAEMORRHAGIC_GASTROENTERITIS"/>
    <display value="Haemorrhagic gastroenteritis"/>
  </concept>
  <concept>
    <code value="HAEMOTHORAX"/>
    <display value="Haemothorax"/>
  </concept>
  <concept>
    <code value="HEART_ECCHYMOSES"/>
    <display value="Heart, ecchymoses"/>
  </concept>
  <concept>
    <code value="HEART_ENDOCARDITIS"/>
    <display value="Heart, endocarditis"/>
  </concept>
  <concept>
    <code value="HEART_ENLARGED"/>
    <display value="Heart, enlarged"/>
  </concept>
  <concept>
    <code value="HEART_INFARCTION"/>
    <display value="Heart, infarction"/>
  </concept>
  <concept>
    <code value="HEART_MYOCARDITIS"/>
    <display value="Heart, myocarditis"/>
  </concept>
  <concept>
    <code value="HEART_PERICARDITIS"/>
    <display value="Heart, pericarditis"/>
  </concept>
  <concept>
    <code value="HEPATOMEGALY"/>
    <display value="Hepatomegaly"/>
  </concept>
  <concept>
    <code value="HYDROTHORAX"/>
    <display value="Hydrothorax"/>
  </concept>
  <concept>
    <code value="ICTERUS"/>
    <display value="Icterus"/>
  </concept>
  <concept>
    <code value="INTERDIGITAL_BLISTERS"/>
    <display value="Interdigital blisters"/>
  </concept>
  <concept>
    <code value="INTERDIGITAL_DERMATITIS"/>
    <display value="Interdigital dermatitis"/>
  </concept>
  <concept>
    <code value="INTERDIGITAL_VESICLES"/>
    <display value="Interdigital vesicles"/>
  </concept>
  <concept>
    <code value="INTERNAL_BLEEDING"/>
    <display value="Internal bleeding"/>
  </concept>
  <concept>
    <code value="INTUSSUSSEPTION"/>
    <display value="Intussusseption"/>
  </concept>
  <concept>
    <code value="KIDNEY_INFARCTION"/>
    <display value="Kidney, infarction"/>
  </concept>
  <concept>
    <code value="KIDNEY_NEPHRITIS"/>
    <display value="Kidney, nephritis"/>
  </concept>
  <concept>
    <code value="KIDNEY_PULPY"/>
    <display value="Kidney, pulpy"/>
  </concept>
  <concept>
    <code value="LINGUAL_BLISTERS"/>
    <display value="Lingual blisters"/>
  </concept>
  <concept>
    <code value="LINGUAL_ULCERS"/>
    <display value="Lingual ulcers"/>
  </concept>
  <concept>
    <code value="LINGUAL_VESICLES"/>
    <display value="Lingual vesicles"/>
  </concept>
  <concept>
    <code value="LIVER_ENLARGED"/>
    <display value="Liver enlarged"/>
  </concept>
  <concept>
    <code value="LIVER_PALE"/>
    <display value="Liver pale"/>
  </concept>
  <concept>
    <code value="LIVER_YELLOW"/>
    <display value="Liver yellow"/>
  </concept>
  <concept>
    <code value="LUMPS"/>
    <display value="Lumps"/>
  </concept>
  <concept>
    <code value="LUNG_ABSCESSATION"/>
    <display value="Lung abscessation"/>
  </concept>
  <concept>
    <code value="LUNG_CONGESTION"/>
    <display value="Lung congestion"/>
  </concept>
  <concept>
    <code value="LUNG_OEDEMA"/>
    <display value="Lung Oedema"/>
  </concept>
  <concept>
    <code value="LYMPHNODES_ENLARGED"/>
    <display value="Lymphnodes enlarged"/>
  </concept>
  <concept>
    <code value="METRITIS"/>
    <display value="Metritis"/>
  </concept>
  <concept>
    <code value="MUCOPURULENT_PLEUROPNEUMONIA"/>
    <display value="Mucopurulent pleuropneumonia"/>
  </concept>
  <concept>
    <code value="MUSCULAR_NECROSIS"/>
    <display value="Muscular Necrosis"/>
  </concept>
  <concept>
    <code value="MUSCULAR_SWELLING"/>
    <display value="Muscular swelling"/>
  </concept>
  <concept>
    <code value="NODULES"/>
    <display value="Nodules"/>
  </concept>
  <concept>
    <code value="OMASAL_IMPACTION"/>
    <display value="Omasal Impaction"/>
  </concept>
  <concept>
    <code value="ORGAN_RUPTURE"/>
    <display value="Organ-rupture"/>
  </concept>
  <concept>
    <code value="OTHER"/>
    <display value="Other"/>
  </concept>
  <concept>
    <code value="PERITONITIS"/>
    <display value="Peritonitis"/>
  </concept>
  <concept>
    <code value="PETECHIATION"/>
    <display value="Petechiation"/>
  </concept>
  <concept>
    <code value="PNEUMONIA"/>
    <display value="Pneumonia"/>
  </concept>
  <concept>
    <code value="PULMONARY_EMPHYSEMA"/>
    <display value="Pulmonary Emphysema"/>
  </concept>
  <concept>
    <code value="PUSTULAR_VULVO_VAGINITIS"/>
    <display value="Pustular vulvo-vaginitis"/>
  </concept>
  <concept>
    <code value="PUSTULES"/>
    <display value="Pustules"/>
  </concept>
  <concept>
    <code value="RUMENAL_IMPACTION"/>
    <display value="Rumenal Impaction"/>
  </concept>
  <concept>
    <code value="RUMENITIS"/>
    <display value="Rumenitis"/>
  </concept>
  <concept>
    <code value="RUPTURE_OF_ORGAN"/>
    <display value="Rupture of organ"/>
  </concept>
  <concept>
    <code value="SCABS"/>
    <display value="Scabs"/>
  </concept>
  <concept>
    <code value="SEPTIC_METRITIS"/>
    <display value="Septic metritis"/>
  </concept>
  <concept>
    <code value="SEPTICAEMIA"/>
    <display value="Septicaemia"/>
  </concept>
  <concept>
    <code value="SEQUESTERS"/>
    <display value="Sequesters"/>
  </concept>
  <concept>
    <code value="SPLENOMEGALY"/>
    <display value="SPLENOMEGALY"/>
  </concept>
  <concept>
    <code value="SUBCUTANEOUS_OEDEMA"/>
    <display value="Subcutaneous oedema"/>
  </concept>
  <concept>
    <code value="TORSION"/>
    <display value="Torsion"/>
  </concept>
  <concept>
    <code value="TRACHEAL_FLUID"/>
    <display value="Tracheal fluid"/>
  </concept>
  <concept>
    <code value="ULCERS"/>
    <display value="Ulcers"/>
  </concept>
  <concept>
    <code value="VAGINITIS"/>
    <display value="Vaginitis"/>
  </concept>
  <concept>
    <code value="WEALS"/>
    <display value="Weals"/>
  </concept>
  <concept>
    <code value="ZEBRA_STRIPE_GUT"/>
    <display value="Zebra stripe gut"/>
  </concept>
</CodeSystem>