<?xml version="1.0" encoding="UTF-8"?>

<CodeSystem xmlns="http://hl7.org/fhir">
  <id value="locality-quality-cs"/>
  <text>
    <status value="generated"/><div xmlns="http://www.w3.org/1999/xhtml"><p>This  code system <code>https://dhis2.org/fhir/CodeSystem/locality-quality-cs</code> defines the following codes:</p><table class="codes"><tr><td style="white-space:nowrap"><b>Code</b></td><td><b>Display</b></td></tr><tr><td style="white-space:nowrap">CENTROID_ADMIN1<a name="locality-quality-cs-CENTROID_ADMIN1"> </a></td><td>Centroid Admin1</td></tr><tr><td style="white-space:nowrap">CENTROID_ADMIN2<a name="locality-quality-cs-CENTROID_ADMIN2"> </a></td><td>Centroid Admin2</td></tr><tr><td style="white-space:nowrap">CENTROID_ADMIN3<a name="locality-quality-cs-CENTROID_ADMIN3"> </a></td><td>Centroid Admin3</td></tr><tr><td style="white-space:nowrap">CENTROID_LOCALITY<a name="locality-quality-cs-CENTROID_LOCALITY"> </a></td><td>Centroid Locality</td></tr><tr><td style="white-space:nowrap">EXACT<a name="locality-quality-cs-EXACT"> </a></td><td>Exact</td></tr><tr><td style="white-space:nowrap">UNKNOWN<a name="locality-quality-cs-UNKNOWN"> </a></td><td>Unknown</td></tr></table></div>
  </text>
  <url value="https://dhis2.org/fhir/CodeSystem/locality-quality-cs"/>
  <version value="0.1.0"/>
  <name value="LocalityQualityCS"/>
  <title value="Locality Quality Code System"/>
  <status value="draft"/>
  <date value="2024-04-16T08:17:53+00:00"/>
  <publisher value="DHIS2"/>
  <contact>
    <name value="DHIS2"/>
    <telecom>
      <system value="url"/>
      <value value="https://dhis2.org"/>
    </telecom>
    <telecom>
      <system value="email"/>
      <value value="johan.hole@dhis2.org"/>
    </telecom>
  </contact>
  <description value="Code system for the quality of locality data."/>
  <content value="complete"/>
  <count value="6"/>
  <concept>
    <code value="CENTROID_ADMIN1"/>
    <display value="Centroid Admin1"/>
  </concept>
  <concept>
    <code value="CENTROID_ADMIN2"/>
    <display value="Centroid Admin2"/>
  </concept>
  <concept>
    <code value="CENTROID_ADMIN3"/>
    <display value="Centroid Admin3"/>
  </concept>
  <concept>
    <code value="CENTROID_LOCALITY"/>
    <display value="Centroid Locality"/>
  </concept>
  <concept>
    <code value="EXACT"/>
    <display value="Exact"/>
  </concept>
  <concept>
    <code value="UNKNOWN"/>
    <display value="Unknown"/>
  </concept>
</CodeSystem>