<?xml version="1.0" encoding="UTF-8"?>

<CodeSystem xmlns="http://hl7.org/fhir">
  <id value="empresi-countries-cs"/>
  <text>
    <status value="generated"/><div xmlns="http://www.w3.org/1999/xhtml"><p>This  code system <code>https://example.org/fhir/CodeSystem/empresi-countries-cs</code> defines the following codes:</p><table class="codes"><tr><td style="white-space:nowrap"><b>Code</b></td><td><b>Display</b></td></tr><tr><td style="white-space:nowrap">COUNTRIES_EMPRESI_125<a name="empresi-countries-cs-COUNTRIES_EMPRESI_125"> </a></td><td>Abyei</td></tr><tr><td style="white-space:nowrap">COUNTRIES_EMPRESI_208<a name="empresi-countries-cs-COUNTRIES_EMPRESI_208"> </a></td><td>Afghanistan</td></tr><tr><td style="white-space:nowrap">COUNTRIES_EMPRESI_76<a name="empresi-countries-cs-COUNTRIES_EMPRESI_76"> </a></td><td>Aksai Chin</td></tr><tr><td style="white-space:nowrap">COUNTRIES_EMPRESI_217<a name="empresi-countries-cs-COUNTRIES_EMPRESI_217"> </a></td><td>Albania</td></tr><tr><td style="white-space:nowrap">COUNTRIES_EMPRESI_122<a name="empresi-countries-cs-COUNTRIES_EMPRESI_122"> </a></td><td>Algeria</td></tr><tr><td style="white-space:nowrap">COUNTRIES_EMPRESI_163<a name="empresi-countries-cs-COUNTRIES_EMPRESI_163"> </a></td><td>American Samoa</td></tr><tr><td style="white-space:nowrap">COUNTRIES_EMPRESI_218<a name="empresi-countries-cs-COUNTRIES_EMPRESI_218"> </a></td><td>Andorra</td></tr><tr><td style="white-space:nowrap">COUNTRIES_EMPRESI_113<a name="empresi-countries-cs-COUNTRIES_EMPRESI_113"> </a></td><td>Angola</td></tr><tr><td style="white-space:nowrap">COUNTRIES_EMPRESI_14<a name="empresi-countries-cs-COUNTRIES_EMPRESI_14"> </a></td><td>Anguilla</td></tr><tr><td style="white-space:nowrap">COUNTRIES_EMPRESI_5<a name="empresi-countries-cs-COUNTRIES_EMPRESI_5"> </a></td><td>Antarctica</td></tr><tr><td style="white-space:nowrap">COUNTRIES_EMPRESI_15<a name="empresi-countries-cs-COUNTRIES_EMPRESI_15"> </a></td><td>Antigua and Barbuda</td></tr><tr><td style="white-space:nowrap">COUNTRIES_EMPRESI_173<a name="empresi-countries-cs-COUNTRIES_EMPRESI_173"> </a></td><td>Argentina</td></tr><tr><td style="white-space:nowrap">COUNTRIES_EMPRESI_251<a name="empresi-countries-cs-COUNTRIES_EMPRESI_251"> </a></td><td>Armenia</td></tr><tr><td style="white-space:nowrap">COUNTRIES_EMPRESI_16<a name="empresi-countries-cs-COUNTRIES_EMPRESI_16"> </a></td><td>Aruba</td></tr><tr><td style="white-space:nowrap">COUNTRIES_EMPRESI_77<a name="empresi-countries-cs-COUNTRIES_EMPRESI_77"> </a></td><td>Arunachal Pradesh</td></tr><tr><td style="white-space:nowrap">COUNTRIES_EMPRESI_10<a name="empresi-countries-cs-COUNTRIES_EMPRESI_10"> </a></td><td>Ashmore and Cartier Islands</td></tr><tr><td style="white-space:nowrap">COUNTRIES_EMPRESI_11<a name="empresi-countries-cs-COUNTRIES_EMPRESI_11"> </a></td><td>Australia</td></tr><tr><td style="white-space:nowrap">COUNTRIES_EMPRESI_270<a name="empresi-countries-cs-COUNTRIES_EMPRESI_270"> </a></td><td>Austria</td></tr><tr><td style="white-space:nowrap">COUNTRIES_EMPRESI_252<a name="empresi-countries-cs-COUNTRIES_EMPRESI_252"> </a></td><td>Azerbaijan</td></tr><tr><td style="white-space:nowrap">COUNTRIES_EMPRESI_233<a name="empresi-countries-cs-COUNTRIES_EMPRESI_233"> </a></td><td>Azores Islands</td></tr><tr><td style="white-space:nowrap">COUNTRIES_EMPRESI_17<a name="empresi-countries-cs-COUNTRIES_EMPRESI_17"> </a></td><td>Bahamas</td></tr><tr><td style="white-space:nowrap">COUNTRIES_EMPRESI_253<a name="empresi-countries-cs-COUNTRIES_EMPRESI_253"> </a></td><td>Bahrain</td></tr><tr><td style="white-space:nowrap">COUNTRIES_EMPRESI_134<a name="empresi-countries-cs-COUNTRIES_EMPRESI_134"> </a></td><td>Baker Island</td></tr><tr><td style="white-space:nowrap">COUNTRIES_EMPRESI_209<a name="empresi-countries-cs-COUNTRIES_EMPRESI_209"> </a></td><td>Bangladesh</td></tr><tr><td style="white-space:nowrap">COUNTRIES_EMPRESI_18<a name="empresi-countries-cs-COUNTRIES_EMPRESI_18"> </a></td><td>Barbados</td></tr><tr><td style="white-space:nowrap">COUNTRIES_EMPRESI_53<a name="empresi-countries-cs-COUNTRIES_EMPRESI_53"> </a></td><td>Bassas da India</td></tr><tr><td style="white-space:nowrap">COUNTRIES_EMPRESI_90<a name="empresi-countries-cs-COUNTRIES_EMPRESI_90"> </a></td><td>Belarus</td></tr><tr><td style="white-space:nowrap">COUNTRIES_EMPRESI_271<a name="empresi-countries-cs-COUNTRIES_EMPRESI_271"> </a></td><td>Belgium</td></tr><tr><td style="white-space:nowrap">COUNTRIES_EMPRESI_39<a name="empresi-countries-cs-COUNTRIES_EMPRESI_39"> </a></td><td>Belize</td></tr><tr><td style="white-space:nowrap">COUNTRIES_EMPRESI_234<a name="empresi-countries-cs-COUNTRIES_EMPRESI_234"> </a></td><td>Benin</td></tr><tr><td style="white-space:nowrap">COUNTRIES_EMPRESI_135<a name="empresi-countries-cs-COUNTRIES_EMPRESI_135"> </a></td><td>Bermuda</td></tr><tr><td style="white-space:nowrap">COUNTRIES_EMPRESI_210<a name="empresi-countries-cs-COUNTRIES_EMPRESI_210"> </a></td><td>Bhutan</td></tr><tr><td style="white-space:nowrap">COUNTRIES_EMPRESI_19<a name="empresi-countries-cs-COUNTRIES_EMPRESI_19"> </a></td><td>Bird Island</td></tr><tr><td style="white-space:nowrap">COUNTRIES_EMPRESI_174<a name="empresi-countries-cs-COUNTRIES_EMPRESI_174"> </a></td><td>Bolivia (Plurinational State of)</td></tr><tr><td style="white-space:nowrap">COUNTRIES_EMPRESI_219<a name="empresi-countries-cs-COUNTRIES_EMPRESI_219"> </a></td><td>Bosnia and Herzegovina</td></tr><tr><td style="white-space:nowrap">COUNTRIES_EMPRESI_203<a name="empresi-countries-cs-COUNTRIES_EMPRESI_203"> </a></td><td>Botswana</td></tr><tr><td style="white-space:nowrap">COUNTRIES_EMPRESI_6<a name="empresi-countries-cs-COUNTRIES_EMPRESI_6"> </a></td><td>Bouvet Island</td></tr><tr><td style="white-space:nowrap">COUNTRIES_EMPRESI_175<a name="empresi-countries-cs-COUNTRIES_EMPRESI_175"> </a></td><td>Brazil</td></tr><tr><td style="white-space:nowrap">COUNTRIES_EMPRESI_54<a name="empresi-countries-cs-COUNTRIES_EMPRESI_54"> </a></td><td>British Indian Ocean Territory</td></tr><tr><td style="white-space:nowrap">COUNTRIES_EMPRESI_20<a name="empresi-countries-cs-COUNTRIES_EMPRESI_20"> </a></td><td>British Virgin Islands</td></tr><tr><td style="white-space:nowrap">COUNTRIES_EMPRESI_187<a name="empresi-countries-cs-COUNTRIES_EMPRESI_187"> </a></td><td>Brunei Darussalam</td></tr><tr><td style="white-space:nowrap">COUNTRIES_EMPRESI_91<a name="empresi-countries-cs-COUNTRIES_EMPRESI_91"> </a></td><td>Bulgaria</td></tr><tr><td style="white-space:nowrap">COUNTRIES_EMPRESI_235<a name="empresi-countries-cs-COUNTRIES_EMPRESI_235"> </a></td><td>Burkina Faso</td></tr><tr><td style="white-space:nowrap">COUNTRIES_EMPRESI_55<a name="empresi-countries-cs-COUNTRIES_EMPRESI_55"> </a></td><td>Burundi</td></tr><tr><td style="white-space:nowrap">COUNTRIES_EMPRESI_237<a name="empresi-countries-cs-COUNTRIES_EMPRESI_237"> </a></td><td>CÃ´te d'Ivoire</td></tr><tr><td style="white-space:nowrap">COUNTRIES_EMPRESI_236<a name="empresi-countries-cs-COUNTRIES_EMPRESI_236"> </a></td><td>Cabo Verde</td></tr><tr><td style="white-space:nowrap">COUNTRIES_EMPRESI_188<a name="empresi-countries-cs-COUNTRIES_EMPRESI_188"> </a></td><td>Cambodia</td></tr><tr><td style="white-space:nowrap">COUNTRIES_EMPRESI_114<a name="empresi-countries-cs-COUNTRIES_EMPRESI_114"> </a></td><td>Cameroon</td></tr><tr><td style="white-space:nowrap">COUNTRIES_EMPRESI_136<a name="empresi-countries-cs-COUNTRIES_EMPRESI_136"> </a></td><td>Canada</td></tr><tr><td style="white-space:nowrap">COUNTRIES_EMPRESI_21<a name="empresi-countries-cs-COUNTRIES_EMPRESI_21"> </a></td><td>Cayman Islands</td></tr><tr><td style="white-space:nowrap">COUNTRIES_EMPRESI_115<a name="empresi-countries-cs-COUNTRIES_EMPRESI_115"> </a></td><td>Central African Republic</td></tr><tr><td style="white-space:nowrap">COUNTRIES_EMPRESI_116<a name="empresi-countries-cs-COUNTRIES_EMPRESI_116"> </a></td><td>Chad</td></tr><tr><td style="white-space:nowrap">COUNTRIES_EMPRESI_176<a name="empresi-countries-cs-COUNTRIES_EMPRESI_176"> </a></td><td>Chile</td></tr><tr><td style="white-space:nowrap">COUNTRIES_EMPRESI_293<a name="empresi-countries-cs-COUNTRIES_EMPRESI_293"> </a></td><td>China</td></tr><tr><td style="white-space:nowrap">COUNTRIES_EMPRESI_86<a name="empresi-countries-cs-COUNTRIES_EMPRESI_86"> </a></td><td>China, Hong Kong SAR</td></tr><tr><td style="white-space:nowrap">COUNTRIES_EMPRESI_89<a name="empresi-countries-cs-COUNTRIES_EMPRESI_89"> </a></td><td>China, Taiwan Province of</td></tr><tr><td style="white-space:nowrap">COUNTRIES_EMPRESI_78<a name="empresi-countries-cs-COUNTRIES_EMPRESI_78"> </a></td><td>China/India</td></tr><tr><td style="white-space:nowrap">COUNTRIES_EMPRESI_189<a name="empresi-countries-cs-COUNTRIES_EMPRESI_189"> </a></td><td>Christmas Island</td></tr><tr><td style="white-space:nowrap">COUNTRIES_EMPRESI_40<a name="empresi-countries-cs-COUNTRIES_EMPRESI_40"> </a></td><td>Clipperton Island</td></tr><tr><td style="white-space:nowrap">COUNTRIES_EMPRESI_190<a name="empresi-countries-cs-COUNTRIES_EMPRESI_190"> </a></td><td>Cocos (Keeling) Islands</td></tr><tr><td style="white-space:nowrap">COUNTRIES_EMPRESI_177<a name="empresi-countries-cs-COUNTRIES_EMPRESI_177"> </a></td><td>Colombia</td></tr><tr><td style="white-space:nowrap">COUNTRIES_EMPRESI_56<a name="empresi-countries-cs-COUNTRIES_EMPRESI_56"> </a></td><td>Comoros</td></tr><tr><td style="white-space:nowrap">COUNTRIES_EMPRESI_117<a name="empresi-countries-cs-COUNTRIES_EMPRESI_117"> </a></td><td>Congo</td></tr><tr><td style="white-space:nowrap">COUNTRIES_EMPRESI_164<a name="empresi-countries-cs-COUNTRIES_EMPRESI_164"> </a></td><td>Cook Islands</td></tr><tr><td style="white-space:nowrap">COUNTRIES_EMPRESI_41<a name="empresi-countries-cs-COUNTRIES_EMPRESI_41"> </a></td><td>Costa Rica</td></tr><tr><td style="white-space:nowrap">COUNTRIES_EMPRESI_220<a name="empresi-countries-cs-COUNTRIES_EMPRESI_220"> </a></td><td>Croatia</td></tr><tr><td style="white-space:nowrap">COUNTRIES_EMPRESI_22<a name="empresi-countries-cs-COUNTRIES_EMPRESI_22"> </a></td><td>Cuba</td></tr><tr><td style="white-space:nowrap">COUNTRIES_EMPRESI_254<a name="empresi-countries-cs-COUNTRIES_EMPRESI_254"> </a></td><td>Cyprus</td></tr><tr><td style="white-space:nowrap">COUNTRIES_EMPRESI_92<a name="empresi-countries-cs-COUNTRIES_EMPRESI_92"> </a></td><td>Czechia</td></tr><tr><td style="white-space:nowrap">COUNTRIES_EMPRESI_79<a name="empresi-countries-cs-COUNTRIES_EMPRESI_79"> </a></td><td>Democratic People's Republic of Korea</td></tr><tr><td style="white-space:nowrap">COUNTRIES_EMPRESI_118<a name="empresi-countries-cs-COUNTRIES_EMPRESI_118"> </a></td><td>Democratic Republic of the Congo</td></tr><tr><td style="white-space:nowrap">COUNTRIES_EMPRESI_147<a name="empresi-countries-cs-COUNTRIES_EMPRESI_147"> </a></td><td>Denmark</td></tr><tr><td style="white-space:nowrap">COUNTRIES_EMPRESI_57<a name="empresi-countries-cs-COUNTRIES_EMPRESI_57"> </a></td><td>Djibouti</td></tr><tr><td style="white-space:nowrap">COUNTRIES_EMPRESI_23<a name="empresi-countries-cs-COUNTRIES_EMPRESI_23"> </a></td><td>Dominica</td></tr><tr><td style="white-space:nowrap">COUNTRIES_EMPRESI_24<a name="empresi-countries-cs-COUNTRIES_EMPRESI_24"> </a></td><td>Dominican Republic</td></tr><tr><td style="white-space:nowrap">COUNTRIES_EMPRESI_178<a name="empresi-countries-cs-COUNTRIES_EMPRESI_178"> </a></td><td>Ecuador</td></tr><tr><td style="white-space:nowrap">COUNTRIES_EMPRESI_132<a name="empresi-countries-cs-COUNTRIES_EMPRESI_132"> </a></td><td>Egypt</td></tr><tr><td style="white-space:nowrap">COUNTRIES_EMPRESI_42<a name="empresi-countries-cs-COUNTRIES_EMPRESI_42"> </a></td><td>El Salvador</td></tr><tr><td style="white-space:nowrap">COUNTRIES_EMPRESI_119<a name="empresi-countries-cs-COUNTRIES_EMPRESI_119"> </a></td><td>Equatorial Guinea</td></tr><tr><td style="white-space:nowrap">COUNTRIES_EMPRESI_58<a name="empresi-countries-cs-COUNTRIES_EMPRESI_58"> </a></td><td>Eritrea</td></tr><tr><td style="white-space:nowrap">COUNTRIES_EMPRESI_148<a name="empresi-countries-cs-COUNTRIES_EMPRESI_148"> </a></td><td>Estonia</td></tr><tr><td style="white-space:nowrap">COUNTRIES_EMPRESI_207<a name="empresi-countries-cs-COUNTRIES_EMPRESI_207"> </a></td><td>Eswatini</td></tr><tr><td style="white-space:nowrap">COUNTRIES_EMPRESI_59<a name="empresi-countries-cs-COUNTRIES_EMPRESI_59"> </a></td><td>Ethiopia</td></tr><tr><td style="white-space:nowrap">COUNTRIES_EMPRESI_60<a name="empresi-countries-cs-COUNTRIES_EMPRESI_60"> </a></td><td>Europa Island</td></tr><tr><td style="white-space:nowrap">COUNTRIES_EMPRESI_179<a name="empresi-countries-cs-COUNTRIES_EMPRESI_179"> </a></td><td>Falkland Islands (Malvinas)</td></tr><tr><td style="white-space:nowrap">COUNTRIES_EMPRESI_149<a name="empresi-countries-cs-COUNTRIES_EMPRESI_149"> </a></td><td>Faroe Islands</td></tr><tr><td style="white-space:nowrap">COUNTRIES_EMPRESI_100<a name="empresi-countries-cs-COUNTRIES_EMPRESI_100"> </a></td><td>Fiji</td></tr><tr><td style="white-space:nowrap">COUNTRIES_EMPRESI_150<a name="empresi-countries-cs-COUNTRIES_EMPRESI_150"> </a></td><td>Finland</td></tr><tr><td style="white-space:nowrap">COUNTRIES_EMPRESI_272<a name="empresi-countries-cs-COUNTRIES_EMPRESI_272"> </a></td><td>France</td></tr><tr><td style="white-space:nowrap">COUNTRIES_EMPRESI_180<a name="empresi-countries-cs-COUNTRIES_EMPRESI_180"> </a></td><td>French Guiana</td></tr><tr><td style="white-space:nowrap">COUNTRIES_EMPRESI_165<a name="empresi-countries-cs-COUNTRIES_EMPRESI_165"> </a></td><td>French Polynesia</td></tr><tr><td style="white-space:nowrap">COUNTRIES_EMPRESI_7<a name="empresi-countries-cs-COUNTRIES_EMPRESI_7"> </a></td><td>French Southern and Antarctic Territories</td></tr><tr><td style="white-space:nowrap">COUNTRIES_EMPRESI_120<a name="empresi-countries-cs-COUNTRIES_EMPRESI_120"> </a></td><td>Gabon</td></tr><tr><td style="white-space:nowrap">COUNTRIES_EMPRESI_238<a name="empresi-countries-cs-COUNTRIES_EMPRESI_238"> </a></td><td>Gambia</td></tr><tr><td style="white-space:nowrap">COUNTRIES_EMPRESI_255<a name="empresi-countries-cs-COUNTRIES_EMPRESI_255"> </a></td><td>Gaza Strip</td></tr><tr><td style="white-space:nowrap">COUNTRIES_EMPRESI_256<a name="empresi-countries-cs-COUNTRIES_EMPRESI_256"> </a></td><td>Georgia</td></tr><tr><td style="white-space:nowrap">COUNTRIES_EMPRESI_273<a name="empresi-countries-cs-COUNTRIES_EMPRESI_273"> </a></td><td>Germany</td></tr><tr><td style="white-space:nowrap">COUNTRIES_EMPRESI_239<a name="empresi-countries-cs-COUNTRIES_EMPRESI_239"> </a></td><td>Ghana</td></tr><tr><td style="white-space:nowrap">COUNTRIES_EMPRESI_221<a name="empresi-countries-cs-COUNTRIES_EMPRESI_221"> </a></td><td>Gibraltar</td></tr><tr><td style="white-space:nowrap">COUNTRIES_EMPRESI_61<a name="empresi-countries-cs-COUNTRIES_EMPRESI_61"> </a></td><td>Glorioso Islands</td></tr><tr><td style="white-space:nowrap">COUNTRIES_EMPRESI_222<a name="empresi-countries-cs-COUNTRIES_EMPRESI_222"> </a></td><td>Greece</td></tr><tr><td style="white-space:nowrap">COUNTRIES_EMPRESI_137<a name="empresi-countries-cs-COUNTRIES_EMPRESI_137"> </a></td><td>Greenland</td></tr><tr><td style="white-space:nowrap">COUNTRIES_EMPRESI_25<a name="empresi-countries-cs-COUNTRIES_EMPRESI_25"> </a></td><td>Grenada</td></tr><tr><td style="white-space:nowrap">COUNTRIES_EMPRESI_26<a name="empresi-countries-cs-COUNTRIES_EMPRESI_26"> </a></td><td>Guadeloupe</td></tr><tr><td style="white-space:nowrap">COUNTRIES_EMPRESI_105<a name="empresi-countries-cs-COUNTRIES_EMPRESI_105"> </a></td><td>Guam</td></tr><tr><td style="white-space:nowrap">COUNTRIES_EMPRESI_43<a name="empresi-countries-cs-COUNTRIES_EMPRESI_43"> </a></td><td>Guatemala</td></tr><tr><td style="white-space:nowrap">COUNTRIES_EMPRESI_151<a name="empresi-countries-cs-COUNTRIES_EMPRESI_151"> </a></td><td>Guernsey</td></tr><tr><td style="white-space:nowrap">COUNTRIES_EMPRESI_241<a name="empresi-countries-cs-COUNTRIES_EMPRESI_241"> </a></td><td>Guinea</td></tr><tr><td style="white-space:nowrap">COUNTRIES_EMPRESI_240<a name="empresi-countries-cs-COUNTRIES_EMPRESI_240"> </a></td><td>Guinea-Bissau</td></tr><tr><td style="white-space:nowrap">COUNTRIES_EMPRESI_181<a name="empresi-countries-cs-COUNTRIES_EMPRESI_181"> </a></td><td>Guyana</td></tr><tr><td style="white-space:nowrap">COUNTRIES_EMPRESI_27<a name="empresi-countries-cs-COUNTRIES_EMPRESI_27"> </a></td><td>Haiti</td></tr><tr><td style="white-space:nowrap">COUNTRIES_EMPRESI_130<a name="empresi-countries-cs-COUNTRIES_EMPRESI_130"> </a></td><td>Hala'ib triangle</td></tr><tr><td style="white-space:nowrap">COUNTRIES_EMPRESI_8<a name="empresi-countries-cs-COUNTRIES_EMPRESI_8"> </a></td><td>Heard and McDonald Islands</td></tr><tr><td style="white-space:nowrap">COUNTRIES_EMPRESI_223<a name="empresi-countries-cs-COUNTRIES_EMPRESI_223"> </a></td><td>Holy See</td></tr><tr><td style="white-space:nowrap">COUNTRIES_EMPRESI_44<a name="empresi-countries-cs-COUNTRIES_EMPRESI_44"> </a></td><td>Honduras</td></tr><tr><td style="white-space:nowrap">COUNTRIES_EMPRESI_138<a name="empresi-countries-cs-COUNTRIES_EMPRESI_138"> </a></td><td>Howland Island</td></tr><tr><td style="white-space:nowrap">COUNTRIES_EMPRESI_93<a name="empresi-countries-cs-COUNTRIES_EMPRESI_93"> </a></td><td>Hungary</td></tr><tr><td style="white-space:nowrap">COUNTRIES_EMPRESI_152<a name="empresi-countries-cs-COUNTRIES_EMPRESI_152"> </a></td><td>Iceland</td></tr><tr><td style="white-space:nowrap">COUNTRIES_EMPRESI_133<a name="empresi-countries-cs-COUNTRIES_EMPRESI_133"> </a></td><td>Ilemi triangle</td></tr><tr><td style="white-space:nowrap">COUNTRIES_EMPRESI_211<a name="empresi-countries-cs-COUNTRIES_EMPRESI_211"> </a></td><td>India</td></tr><tr><td style="white-space:nowrap">COUNTRIES_EMPRESI_191<a name="empresi-countries-cs-COUNTRIES_EMPRESI_191"> </a></td><td>Indonesia</td></tr><tr><td style="white-space:nowrap">COUNTRIES_EMPRESI_212<a name="empresi-countries-cs-COUNTRIES_EMPRESI_212"> </a></td><td>Iran (Islamic Republic of)</td></tr><tr><td style="white-space:nowrap">COUNTRIES_EMPRESI_257<a name="empresi-countries-cs-COUNTRIES_EMPRESI_257"> </a></td><td>Iraq</td></tr><tr><td style="white-space:nowrap">COUNTRIES_EMPRESI_153<a name="empresi-countries-cs-COUNTRIES_EMPRESI_153"> </a></td><td>Ireland</td></tr><tr><td style="white-space:nowrap">COUNTRIES_EMPRESI_154<a name="empresi-countries-cs-COUNTRIES_EMPRESI_154"> </a></td><td>Isle of Man</td></tr><tr><td style="white-space:nowrap">COUNTRIES_EMPRESI_258<a name="empresi-countries-cs-COUNTRIES_EMPRESI_258"> </a></td><td>Israel</td></tr><tr><td style="white-space:nowrap">COUNTRIES_EMPRESI_2<a name="empresi-countries-cs-COUNTRIES_EMPRESI_2"> </a></td><td>Italy</td></tr><tr><td style="white-space:nowrap">COUNTRIES_EMPRESI_28<a name="empresi-countries-cs-COUNTRIES_EMPRESI_28"> </a></td><td>Jamaica</td></tr><tr><td style="white-space:nowrap">COUNTRIES_EMPRESI_87<a name="empresi-countries-cs-COUNTRIES_EMPRESI_87"> </a></td><td>Jammu and Kashmir</td></tr><tr><td style="white-space:nowrap">COUNTRIES_EMPRESI_80<a name="empresi-countries-cs-COUNTRIES_EMPRESI_80"> </a></td><td>Japan</td></tr><tr><td style="white-space:nowrap">COUNTRIES_EMPRESI_139<a name="empresi-countries-cs-COUNTRIES_EMPRESI_139"> </a></td><td>Jarvis Island</td></tr><tr><td style="white-space:nowrap">COUNTRIES_EMPRESI_155<a name="empresi-countries-cs-COUNTRIES_EMPRESI_155"> </a></td><td>Jersey</td></tr><tr><td style="white-space:nowrap">COUNTRIES_EMPRESI_140<a name="empresi-countries-cs-COUNTRIES_EMPRESI_140"> </a></td><td>Johnston Atoll</td></tr><tr><td style="white-space:nowrap">COUNTRIES_EMPRESI_259<a name="empresi-countries-cs-COUNTRIES_EMPRESI_259"> </a></td><td>Jordan</td></tr><tr><td style="white-space:nowrap">COUNTRIES_EMPRESI_62<a name="empresi-countries-cs-COUNTRIES_EMPRESI_62"> </a></td><td>Juan de Nova Island</td></tr><tr><td style="white-space:nowrap">COUNTRIES_EMPRESI_48<a name="empresi-countries-cs-COUNTRIES_EMPRESI_48"> </a></td><td>Kazakhstan</td></tr><tr><td style="white-space:nowrap">COUNTRIES_EMPRESI_1<a name="empresi-countries-cs-COUNTRIES_EMPRESI_1"> </a></td><td>Kenya</td></tr><tr><td style="white-space:nowrap">COUNTRIES_EMPRESI_141<a name="empresi-countries-cs-COUNTRIES_EMPRESI_141"> </a></td><td>Kingman Reef</td></tr><tr><td style="white-space:nowrap">COUNTRIES_EMPRESI_106<a name="empresi-countries-cs-COUNTRIES_EMPRESI_106"> </a></td><td>Kiribati</td></tr><tr><td style="white-space:nowrap">COUNTRIES_EMPRESI_81<a name="empresi-countries-cs-COUNTRIES_EMPRESI_81"> </a></td><td>Kuril islands</td></tr><tr><td style="white-space:nowrap">COUNTRIES_EMPRESI_260<a name="empresi-countries-cs-COUNTRIES_EMPRESI_260"> </a></td><td>Kuwait</td></tr><tr><td style="white-space:nowrap">COUNTRIES_EMPRESI_49<a name="empresi-countries-cs-COUNTRIES_EMPRESI_49"> </a></td><td>Kyrgyzstan</td></tr><tr><td style="white-space:nowrap">COUNTRIES_EMPRESI_192<a name="empresi-countries-cs-COUNTRIES_EMPRESI_192"> </a></td><td>Lao People's Democratic Republic</td></tr><tr><td style="white-space:nowrap">COUNTRIES_EMPRESI_156<a name="empresi-countries-cs-COUNTRIES_EMPRESI_156"> </a></td><td>Latvia</td></tr><tr><td style="white-space:nowrap">COUNTRIES_EMPRESI_261<a name="empresi-countries-cs-COUNTRIES_EMPRESI_261"> </a></td><td>Lebanon</td></tr><tr><td style="white-space:nowrap">COUNTRIES_EMPRESI_204<a name="empresi-countries-cs-COUNTRIES_EMPRESI_204"> </a></td><td>Lesotho</td></tr><tr><td style="white-space:nowrap">COUNTRIES_EMPRESI_242<a name="empresi-countries-cs-COUNTRIES_EMPRESI_242"> </a></td><td>Liberia</td></tr><tr><td style="white-space:nowrap">COUNTRIES_EMPRESI_126<a name="empresi-countries-cs-COUNTRIES_EMPRESI_126"> </a></td><td>Libya</td></tr><tr><td style="white-space:nowrap">COUNTRIES_EMPRESI_274<a name="empresi-countries-cs-COUNTRIES_EMPRESI_274"> </a></td><td>Liechtenstein</td></tr><tr><td style="white-space:nowrap">COUNTRIES_EMPRESI_157<a name="empresi-countries-cs-COUNTRIES_EMPRESI_157"> </a></td><td>Lithuania</td></tr><tr><td style="white-space:nowrap">COUNTRIES_EMPRESI_275<a name="empresi-countries-cs-COUNTRIES_EMPRESI_275"> </a></td><td>Luxembourg</td></tr><tr><td style="white-space:nowrap">COUNTRIES_EMPRESI_131<a name="empresi-countries-cs-COUNTRIES_EMPRESI_131"> </a></td><td>Ma'tan al-Sarra</td></tr><tr><td style="white-space:nowrap">COUNTRIES_EMPRESI_82<a name="empresi-countries-cs-COUNTRIES_EMPRESI_82"> </a></td><td>Macau</td></tr><tr><td style="white-space:nowrap">COUNTRIES_EMPRESI_63<a name="empresi-countries-cs-COUNTRIES_EMPRESI_63"> </a></td><td>Madagascar</td></tr><tr><td style="white-space:nowrap">COUNTRIES_EMPRESI_224<a name="empresi-countries-cs-COUNTRIES_EMPRESI_224"> </a></td><td>Madeira Islands</td></tr><tr><td style="white-space:nowrap">COUNTRIES_EMPRESI_64<a name="empresi-countries-cs-COUNTRIES_EMPRESI_64"> </a></td><td>Malawi</td></tr><tr><td style="white-space:nowrap">COUNTRIES_EMPRESI_193<a name="empresi-countries-cs-COUNTRIES_EMPRESI_193"> </a></td><td>Malaysia</td></tr><tr><td style="white-space:nowrap">COUNTRIES_EMPRESI_213<a name="empresi-countries-cs-COUNTRIES_EMPRESI_213"> </a></td><td>Maldives</td></tr><tr><td style="white-space:nowrap">COUNTRIES_EMPRESI_243<a name="empresi-countries-cs-COUNTRIES_EMPRESI_243"> </a></td><td>Mali</td></tr><tr><td style="white-space:nowrap">COUNTRIES_EMPRESI_225<a name="empresi-countries-cs-COUNTRIES_EMPRESI_225"> </a></td><td>Malta</td></tr><tr><td style="white-space:nowrap">COUNTRIES_EMPRESI_107<a name="empresi-countries-cs-COUNTRIES_EMPRESI_107"> </a></td><td>Marshall Islands</td></tr><tr><td style="white-space:nowrap">COUNTRIES_EMPRESI_29<a name="empresi-countries-cs-COUNTRIES_EMPRESI_29"> </a></td><td>Martinique</td></tr><tr><td style="white-space:nowrap">COUNTRIES_EMPRESI_244<a name="empresi-countries-cs-COUNTRIES_EMPRESI_244"> </a></td><td>Mauritania</td></tr><tr><td style="white-space:nowrap">COUNTRIES_EMPRESI_65<a name="empresi-countries-cs-COUNTRIES_EMPRESI_65"> </a></td><td>Mauritius</td></tr><tr><td style="white-space:nowrap">COUNTRIES_EMPRESI_66<a name="empresi-countries-cs-COUNTRIES_EMPRESI_66"> </a></td><td>Mayotte</td></tr><tr><td style="white-space:nowrap">COUNTRIES_EMPRESI_45<a name="empresi-countries-cs-COUNTRIES_EMPRESI_45"> </a></td><td>Mexico</td></tr><tr><td style="white-space:nowrap">COUNTRIES_EMPRESI_108<a name="empresi-countries-cs-COUNTRIES_EMPRESI_108"> </a></td><td>Micronesia (Federated States of)</td></tr><tr><td style="white-space:nowrap">COUNTRIES_EMPRESI_142<a name="empresi-countries-cs-COUNTRIES_EMPRESI_142"> </a></td><td>Midway Island</td></tr><tr><td style="white-space:nowrap">COUNTRIES_EMPRESI_276<a name="empresi-countries-cs-COUNTRIES_EMPRESI_276"> </a></td><td>Monaco</td></tr><tr><td style="white-space:nowrap">COUNTRIES_EMPRESI_83<a name="empresi-countries-cs-COUNTRIES_EMPRESI_83"> </a></td><td>Mongolia</td></tr><tr><td style="white-space:nowrap">COUNTRIES_EMPRESI_231<a name="empresi-countries-cs-COUNTRIES_EMPRESI_231"> </a></td><td>Montenegro</td></tr><tr><td style="white-space:nowrap">COUNTRIES_EMPRESI_30<a name="empresi-countries-cs-COUNTRIES_EMPRESI_30"> </a></td><td>Montserrat</td></tr><tr><td style="white-space:nowrap">COUNTRIES_EMPRESI_127<a name="empresi-countries-cs-COUNTRIES_EMPRESI_127"> </a></td><td>Morocco</td></tr><tr><td style="white-space:nowrap">COUNTRIES_EMPRESI_67<a name="empresi-countries-cs-COUNTRIES_EMPRESI_67"> </a></td><td>Mozambique</td></tr><tr><td style="white-space:nowrap">COUNTRIES_EMPRESI_194<a name="empresi-countries-cs-COUNTRIES_EMPRESI_194"> </a></td><td>Myanmar</td></tr><tr><td style="white-space:nowrap">COUNTRIES_EMPRESI_205<a name="empresi-countries-cs-COUNTRIES_EMPRESI_205"> </a></td><td>Namibia</td></tr><tr><td style="white-space:nowrap">COUNTRIES_EMPRESI_109<a name="empresi-countries-cs-COUNTRIES_EMPRESI_109"> </a></td><td>Nauru</td></tr><tr><td style="white-space:nowrap">COUNTRIES_EMPRESI_143<a name="empresi-countries-cs-COUNTRIES_EMPRESI_143"> </a></td><td>Navassa Island</td></tr><tr><td style="white-space:nowrap">COUNTRIES_EMPRESI_214<a name="empresi-countries-cs-COUNTRIES_EMPRESI_214"> </a></td><td>Nepal</td></tr><tr><td style="white-space:nowrap">COUNTRIES_EMPRESI_277<a name="empresi-countries-cs-COUNTRIES_EMPRESI_277"> </a></td><td>Netherlands</td></tr><tr><td style="white-space:nowrap">COUNTRIES_EMPRESI_31<a name="empresi-countries-cs-COUNTRIES_EMPRESI_31"> </a></td><td>Netherlands Antilles</td></tr><tr><td style="white-space:nowrap">COUNTRIES_EMPRESI_101<a name="empresi-countries-cs-COUNTRIES_EMPRESI_101"> </a></td><td>New Caledonia</td></tr><tr><td style="white-space:nowrap">COUNTRIES_EMPRESI_12<a name="empresi-countries-cs-COUNTRIES_EMPRESI_12"> </a></td><td>New Zealand</td></tr><tr><td style="white-space:nowrap">COUNTRIES_EMPRESI_46<a name="empresi-countries-cs-COUNTRIES_EMPRESI_46"> </a></td><td>Nicaragua</td></tr><tr><td style="white-space:nowrap">COUNTRIES_EMPRESI_245<a name="empresi-countries-cs-COUNTRIES_EMPRESI_245"> </a></td><td>Niger</td></tr><tr><td style="white-space:nowrap">COUNTRIES_EMPRESI_246<a name="empresi-countries-cs-COUNTRIES_EMPRESI_246"> </a></td><td>Nigeria</td></tr><tr><td style="white-space:nowrap">COUNTRIES_EMPRESI_166<a name="empresi-countries-cs-COUNTRIES_EMPRESI_166"> </a></td><td>Niue</td></tr><tr><td style="white-space:nowrap">COUNTRIES_EMPRESI_13<a name="empresi-countries-cs-COUNTRIES_EMPRESI_13"> </a></td><td>Norfolk Island</td></tr><tr><td style="white-space:nowrap">COUNTRIES_EMPRESI_230<a name="empresi-countries-cs-COUNTRIES_EMPRESI_230"> </a></td><td>North Macedonia</td></tr><tr><td style="white-space:nowrap">COUNTRIES_EMPRESI_110<a name="empresi-countries-cs-COUNTRIES_EMPRESI_110"> </a></td><td>Northern Mariana Islands</td></tr><tr><td style="white-space:nowrap">COUNTRIES_EMPRESI_158<a name="empresi-countries-cs-COUNTRIES_EMPRESI_158"> </a></td><td>Norway</td></tr><tr><td style="white-space:nowrap">COUNTRIES_EMPRESI_162<a name="empresi-countries-cs-COUNTRIES_EMPRESI_162"> </a></td><td>Not Available</td></tr><tr><td style="white-space:nowrap">COUNTRIES_EMPRESI_262<a name="empresi-countries-cs-COUNTRIES_EMPRESI_262"> </a></td><td>Oman</td></tr><tr><td style="white-space:nowrap">COUNTRIES_EMPRESI_215<a name="empresi-countries-cs-COUNTRIES_EMPRESI_215"> </a></td><td>Pakistan</td></tr><tr><td style="white-space:nowrap">COUNTRIES_EMPRESI_111<a name="empresi-countries-cs-COUNTRIES_EMPRESI_111"> </a></td><td>Palau</td></tr><tr><td style="white-space:nowrap">COUNTRIES_EMPRESI_268<a name="empresi-countries-cs-COUNTRIES_EMPRESI_268"> </a></td><td>Palestine</td></tr><tr><td style="white-space:nowrap">COUNTRIES_EMPRESI_144<a name="empresi-countries-cs-COUNTRIES_EMPRESI_144"> </a></td><td>Palmyra Atoll</td></tr><tr><td style="white-space:nowrap">COUNTRIES_EMPRESI_47<a name="empresi-countries-cs-COUNTRIES_EMPRESI_47"> </a></td><td>Panama</td></tr><tr><td style="white-space:nowrap">COUNTRIES_EMPRESI_102<a name="empresi-countries-cs-COUNTRIES_EMPRESI_102"> </a></td><td>Papua New Guinea</td></tr><tr><td style="white-space:nowrap">COUNTRIES_EMPRESI_195<a name="empresi-countries-cs-COUNTRIES_EMPRESI_195"> </a></td><td>Paracel Islands</td></tr><tr><td style="white-space:nowrap">COUNTRIES_EMPRESI_182<a name="empresi-countries-cs-COUNTRIES_EMPRESI_182"> </a></td><td>Paraguay</td></tr><tr><td style="white-space:nowrap">COUNTRIES_EMPRESI_183<a name="empresi-countries-cs-COUNTRIES_EMPRESI_183"> </a></td><td>Peru</td></tr><tr><td style="white-space:nowrap">COUNTRIES_EMPRESI_196<a name="empresi-countries-cs-COUNTRIES_EMPRESI_196"> </a></td><td>Philippines</td></tr><tr><td style="white-space:nowrap">COUNTRIES_EMPRESI_167<a name="empresi-countries-cs-COUNTRIES_EMPRESI_167"> </a></td><td>Pitcairn Islands</td></tr><tr><td style="white-space:nowrap">COUNTRIES_EMPRESI_95<a name="empresi-countries-cs-COUNTRIES_EMPRESI_95"> </a></td><td>Poland</td></tr><tr><td style="white-space:nowrap">COUNTRIES_EMPRESI_226<a name="empresi-countries-cs-COUNTRIES_EMPRESI_226"> </a></td><td>Portugal</td></tr><tr><td style="white-space:nowrap">COUNTRIES_EMPRESI_32<a name="empresi-countries-cs-COUNTRIES_EMPRESI_32"> </a></td><td>Puerto Rico</td></tr><tr><td style="white-space:nowrap">COUNTRIES_EMPRESI_263<a name="empresi-countries-cs-COUNTRIES_EMPRESI_263"> </a></td><td>Qatar</td></tr><tr><td style="white-space:nowrap">COUNTRIES_EMPRESI_69<a name="empresi-countries-cs-COUNTRIES_EMPRESI_69"> </a></td><td>Reunion</td></tr><tr><td style="white-space:nowrap">COUNTRIES_EMPRESI_84<a name="empresi-countries-cs-COUNTRIES_EMPRESI_84"> </a></td><td>Republic of Korea</td></tr><tr><td style="white-space:nowrap">COUNTRIES_EMPRESI_94<a name="empresi-countries-cs-COUNTRIES_EMPRESI_94"> </a></td><td>Republic of Moldova</td></tr><tr><td style="white-space:nowrap">COUNTRIES_EMPRESI_96<a name="empresi-countries-cs-COUNTRIES_EMPRESI_96"> </a></td><td>Romania</td></tr><tr><td style="white-space:nowrap">COUNTRIES_EMPRESI_97<a name="empresi-countries-cs-COUNTRIES_EMPRESI_97"> </a></td><td>Russian Federation</td></tr><tr><td style="white-space:nowrap">COUNTRIES_EMPRESI_68<a name="empresi-countries-cs-COUNTRIES_EMPRESI_68"> </a></td><td>Rwanda</td></tr><tr><td style="white-space:nowrap">COUNTRIES_EMPRESI_247<a name="empresi-countries-cs-COUNTRIES_EMPRESI_247"> </a></td><td>Saint Helena, Ascension and Tristan da Cunha</td></tr><tr><td style="white-space:nowrap">COUNTRIES_EMPRESI_33<a name="empresi-countries-cs-COUNTRIES_EMPRESI_33"> </a></td><td>Saint Kitts and Nevis</td></tr><tr><td style="white-space:nowrap">COUNTRIES_EMPRESI_34<a name="empresi-countries-cs-COUNTRIES_EMPRESI_34"> </a></td><td>Saint Lucia</td></tr><tr><td style="white-space:nowrap">COUNTRIES_EMPRESI_145<a name="empresi-countries-cs-COUNTRIES_EMPRESI_145"> </a></td><td>Saint Pierre and Miquelon</td></tr><tr><td style="white-space:nowrap">COUNTRIES_EMPRESI_35<a name="empresi-countries-cs-COUNTRIES_EMPRESI_35"> </a></td><td>Saint Vincent and the Grenadines</td></tr><tr><td style="white-space:nowrap">COUNTRIES_EMPRESI_168<a name="empresi-countries-cs-COUNTRIES_EMPRESI_168"> </a></td><td>Samoa</td></tr><tr><td style="white-space:nowrap">COUNTRIES_EMPRESI_227<a name="empresi-countries-cs-COUNTRIES_EMPRESI_227"> </a></td><td>San Marino</td></tr><tr><td style="white-space:nowrap">COUNTRIES_EMPRESI_121<a name="empresi-countries-cs-COUNTRIES_EMPRESI_121"> </a></td><td>Sao Tome and Principe</td></tr><tr><td style="white-space:nowrap">COUNTRIES_EMPRESI_264<a name="empresi-countries-cs-COUNTRIES_EMPRESI_264"> </a></td><td>Saudi Arabia</td></tr><tr><td style="white-space:nowrap">COUNTRIES_EMPRESI_197<a name="empresi-countries-cs-COUNTRIES_EMPRESI_197"> </a></td><td>Scarborough Reef</td></tr><tr><td style="white-space:nowrap">COUNTRIES_EMPRESI_248<a name="empresi-countries-cs-COUNTRIES_EMPRESI_248"> </a></td><td>Senegal</td></tr><tr><td style="white-space:nowrap">COUNTRIES_EMPRESI_85<a name="empresi-countries-cs-COUNTRIES_EMPRESI_85"> </a></td><td>Senkaku Islands</td></tr><tr><td style="white-space:nowrap">COUNTRIES_EMPRESI_232<a name="empresi-countries-cs-COUNTRIES_EMPRESI_232"> </a></td><td>Serbia</td></tr><tr><td style="white-space:nowrap">COUNTRIES_EMPRESI_70<a name="empresi-countries-cs-COUNTRIES_EMPRESI_70"> </a></td><td>Seychelles</td></tr><tr><td style="white-space:nowrap">COUNTRIES_EMPRESI_249<a name="empresi-countries-cs-COUNTRIES_EMPRESI_249"> </a></td><td>Sierra Leone</td></tr><tr><td style="white-space:nowrap">COUNTRIES_EMPRESI_198<a name="empresi-countries-cs-COUNTRIES_EMPRESI_198"> </a></td><td>Singapore</td></tr><tr><td style="white-space:nowrap">COUNTRIES_EMPRESI_98<a name="empresi-countries-cs-COUNTRIES_EMPRESI_98"> </a></td><td>Slovakia</td></tr><tr><td style="white-space:nowrap">COUNTRIES_EMPRESI_228<a name="empresi-countries-cs-COUNTRIES_EMPRESI_228"> </a></td><td>Slovenia</td></tr><tr><td style="white-space:nowrap">COUNTRIES_EMPRESI_103<a name="empresi-countries-cs-COUNTRIES_EMPRESI_103"> </a></td><td>Solomon Islands</td></tr><tr><td style="white-space:nowrap">COUNTRIES_EMPRESI_71<a name="empresi-countries-cs-COUNTRIES_EMPRESI_71"> </a></td><td>Somalia</td></tr><tr><td style="white-space:nowrap">COUNTRIES_EMPRESI_206<a name="empresi-countries-cs-COUNTRIES_EMPRESI_206"> </a></td><td>South Africa</td></tr><tr><td style="white-space:nowrap">COUNTRIES_EMPRESI_9<a name="empresi-countries-cs-COUNTRIES_EMPRESI_9"> </a></td><td>South Georgia and the South Sandwich Islands</td></tr><tr><td style="white-space:nowrap">COUNTRIES_EMPRESI_124<a name="empresi-countries-cs-COUNTRIES_EMPRESI_124"> </a></td><td>South Sudan</td></tr><tr><td style="white-space:nowrap">COUNTRIES_EMPRESI_229<a name="empresi-countries-cs-COUNTRIES_EMPRESI_229"> </a></td><td>Spain</td></tr><tr><td style="white-space:nowrap">COUNTRIES_EMPRESI_199<a name="empresi-countries-cs-COUNTRIES_EMPRESI_199"> </a></td><td>Spratly Islands</td></tr><tr><td style="white-space:nowrap">COUNTRIES_EMPRESI_216<a name="empresi-countries-cs-COUNTRIES_EMPRESI_216"> </a></td><td>Sri Lanka</td></tr><tr><td style="white-space:nowrap">COUNTRIES_EMPRESI_123<a name="empresi-countries-cs-COUNTRIES_EMPRESI_123"> </a></td><td>Sudan</td></tr><tr><td style="white-space:nowrap">COUNTRIES_EMPRESI_184<a name="empresi-countries-cs-COUNTRIES_EMPRESI_184"> </a></td><td>Suriname</td></tr><tr><td style="white-space:nowrap">COUNTRIES_EMPRESI_159<a name="empresi-countries-cs-COUNTRIES_EMPRESI_159"> </a></td><td>Svalbard and Jan Mayen Islands</td></tr><tr><td style="white-space:nowrap">COUNTRIES_EMPRESI_160<a name="empresi-countries-cs-COUNTRIES_EMPRESI_160"> </a></td><td>Sweden</td></tr><tr><td style="white-space:nowrap">COUNTRIES_EMPRESI_278<a name="empresi-countries-cs-COUNTRIES_EMPRESI_278"> </a></td><td>Switzerland</td></tr><tr><td style="white-space:nowrap">COUNTRIES_EMPRESI_265<a name="empresi-countries-cs-COUNTRIES_EMPRESI_265"> </a></td><td>Syrian Arab Republic</td></tr><tr><td style="white-space:nowrap">COUNTRIES_EMPRESI_266<a name="empresi-countries-cs-COUNTRIES_EMPRESI_266"> </a></td><td>Turkye</td></tr><tr><td style="white-space:nowrap">COUNTRIES_EMPRESI_50<a name="empresi-countries-cs-COUNTRIES_EMPRESI_50"> </a></td><td>Tajikistan</td></tr><tr><td style="white-space:nowrap">COUNTRIES_EMPRESI_200<a name="empresi-countries-cs-COUNTRIES_EMPRESI_200"> </a></td><td>Thailand</td></tr><tr><td style="white-space:nowrap">COUNTRIES_EMPRESI_201<a name="empresi-countries-cs-COUNTRIES_EMPRESI_201"> </a></td><td>Timor-Leste</td></tr><tr><td style="white-space:nowrap">COUNTRIES_EMPRESI_250<a name="empresi-countries-cs-COUNTRIES_EMPRESI_250"> </a></td><td>Togo</td></tr><tr><td style="white-space:nowrap">COUNTRIES_EMPRESI_169<a name="empresi-countries-cs-COUNTRIES_EMPRESI_169"> </a></td><td>Tokelau</td></tr><tr><td style="white-space:nowrap">COUNTRIES_EMPRESI_170<a name="empresi-countries-cs-COUNTRIES_EMPRESI_170"> </a></td><td>Tonga</td></tr><tr><td style="white-space:nowrap">COUNTRIES_EMPRESI_36<a name="empresi-countries-cs-COUNTRIES_EMPRESI_36"> </a></td><td>Trinidad and Tobago</td></tr><tr><td style="white-space:nowrap">COUNTRIES_EMPRESI_72<a name="empresi-countries-cs-COUNTRIES_EMPRESI_72"> </a></td><td>Tromelin Island</td></tr><tr><td style="white-space:nowrap">COUNTRIES_EMPRESI_128<a name="empresi-countries-cs-COUNTRIES_EMPRESI_128"> </a></td><td>Tunisia</td></tr><tr><td style="white-space:nowrap">COUNTRIES_EMPRESI_51<a name="empresi-countries-cs-COUNTRIES_EMPRESI_51"> </a></td><td>Turkmenistan</td></tr><tr><td style="white-space:nowrap">COUNTRIES_EMPRESI_37<a name="empresi-countries-cs-COUNTRIES_EMPRESI_37"> </a></td><td>Turks and Caicos islands</td></tr><tr><td style="white-space:nowrap">COUNTRIES_EMPRESI_171<a name="empresi-countries-cs-COUNTRIES_EMPRESI_171"> </a></td><td>Tuvalu</td></tr><tr><td style="white-space:nowrap">COUNTRIES_EMPRESI_3<a name="empresi-countries-cs-COUNTRIES_EMPRESI_3"> </a></td><td>Uganda</td></tr><tr><td style="white-space:nowrap">COUNTRIES_EMPRESI_99<a name="empresi-countries-cs-COUNTRIES_EMPRESI_99"> </a></td><td>Ukraine</td></tr><tr><td style="white-space:nowrap">COUNTRIES_EMPRESI_267<a name="empresi-countries-cs-COUNTRIES_EMPRESI_267"> </a></td><td>United Arab Emirates</td></tr><tr><td style="white-space:nowrap">COUNTRIES_EMPRESI_161<a name="empresi-countries-cs-COUNTRIES_EMPRESI_161"> </a></td><td>United Kingdom</td></tr><tr><td style="white-space:nowrap">COUNTRIES_EMPRESI_73<a name="empresi-countries-cs-COUNTRIES_EMPRESI_73"> </a></td><td>United Republic of Tanzania</td></tr><tr><td style="white-space:nowrap">COUNTRIES_EMPRESI_146<a name="empresi-countries-cs-COUNTRIES_EMPRESI_146"> </a></td><td>United States of America</td></tr><tr><td style="white-space:nowrap">COUNTRIES_EMPRESI_38<a name="empresi-countries-cs-COUNTRIES_EMPRESI_38"> </a></td><td>United States Virgin Islands</td></tr><tr><td style="white-space:nowrap">COUNTRIES_EMPRESI_185<a name="empresi-countries-cs-COUNTRIES_EMPRESI_185"> </a></td><td>Uruguay</td></tr><tr><td style="white-space:nowrap">COUNTRIES_EMPRESI_52<a name="empresi-countries-cs-COUNTRIES_EMPRESI_52"> </a></td><td>Uzbekistan</td></tr><tr><td style="white-space:nowrap">COUNTRIES_EMPRESI_104<a name="empresi-countries-cs-COUNTRIES_EMPRESI_104"> </a></td><td>Vanuatu</td></tr><tr><td style="white-space:nowrap">COUNTRIES_EMPRESI_186<a name="empresi-countries-cs-COUNTRIES_EMPRESI_186"> </a></td><td>Venezuela (Bolivarian Republic of)</td></tr><tr><td style="white-space:nowrap">COUNTRIES_EMPRESI_202<a name="empresi-countries-cs-COUNTRIES_EMPRESI_202"> </a></td><td>Viet Nam</td></tr><tr><td style="white-space:nowrap">COUNTRIES_EMPRESI_112<a name="empresi-countries-cs-COUNTRIES_EMPRESI_112"> </a></td><td>Wake Island</td></tr><tr><td style="white-space:nowrap">COUNTRIES_EMPRESI_172<a name="empresi-countries-cs-COUNTRIES_EMPRESI_172"> </a></td><td>Wallis and Futuna Islands</td></tr><tr><td style="white-space:nowrap">COUNTRIES_EMPRESI_129<a name="empresi-countries-cs-COUNTRIES_EMPRESI_129"> </a></td><td>Western Sahara</td></tr><tr><td style="white-space:nowrap">COUNTRIES_EMPRESI_269<a name="empresi-countries-cs-COUNTRIES_EMPRESI_269"> </a></td><td>Yemen</td></tr><tr><td style="white-space:nowrap">COUNTRIES_EMPRESI_74<a name="empresi-countries-cs-COUNTRIES_EMPRESI_74"> </a></td><td>Zambia</td></tr><tr><td style="white-space:nowrap">COUNTRIES_EMPRESI_75<a name="empresi-countries-cs-COUNTRIES_EMPRESI_75"> </a></td><td>Zimbabwe</td></tr></table></div>
  </text>
  <url value="https://example.org/fhir/CodeSystem/empresi-countries-cs"/>
  <version value="0.1.0"/>
  <name value="EmpresiCountriesCS"/>
  <title value="Empresi Countries Code System"/>
  <status value="draft"/>
  <date value="2024-04-17T11:58:12+00:00"/>
  <publisher value="DHIS2"/>
  <contact>
    <name value="DHIS2"/>
    <telecom>
      <system value="url"/>
      <value value="https://dhis2.org"/>
    </telecom>
    <telecom>
      <system value="email"/>
      <value value="johan.hole@dhis2.org"/>
    </telecom>
  </contact>
  <description value="Generated from CSV"/>
  <content value="complete"/>
  <count value="277"/>
  <concept>
    <code value="COUNTRIES_EMPRESI_125"/>
    <display value="Abyei"/>
  </concept>
  <concept>
    <code value="COUNTRIES_EMPRESI_208"/>
    <display value="Afghanistan"/>
  </concept>
  <concept>
    <code value="COUNTRIES_EMPRESI_76"/>
    <display value="Aksai Chin"/>
  </concept>
  <concept>
    <code value="COUNTRIES_EMPRESI_217"/>
    <display value="Albania"/>
  </concept>
  <concept>
    <code value="COUNTRIES_EMPRESI_122"/>
    <display value="Algeria"/>
  </concept>
  <concept>
    <code value="COUNTRIES_EMPRESI_163"/>
    <display value="American Samoa"/>
  </concept>
  <concept>
    <code value="COUNTRIES_EMPRESI_218"/>
    <display value="Andorra"/>
  </concept>
  <concept>
    <code value="COUNTRIES_EMPRESI_113"/>
    <display value="Angola"/>
  </concept>
  <concept>
    <code value="COUNTRIES_EMPRESI_14"/>
    <display value="Anguilla"/>
  </concept>
  <concept>
    <code value="COUNTRIES_EMPRESI_5"/>
    <display value="Antarctica"/>
  </concept>
  <concept>
    <code value="COUNTRIES_EMPRESI_15"/>
    <display value="Antigua and Barbuda"/>
  </concept>
  <concept>
    <code value="COUNTRIES_EMPRESI_173"/>
    <display value="Argentina"/>
  </concept>
  <concept>
    <code value="COUNTRIES_EMPRESI_251"/>
    <display value="Armenia"/>
  </concept>
  <concept>
    <code value="COUNTRIES_EMPRESI_16"/>
    <display value="Aruba"/>
  </concept>
  <concept>
    <code value="COUNTRIES_EMPRESI_77"/>
    <display value="Arunachal Pradesh"/>
  </concept>
  <concept>
    <code value="COUNTRIES_EMPRESI_10"/>
    <display value="Ashmore and Cartier Islands"/>
  </concept>
  <concept>
    <code value="COUNTRIES_EMPRESI_11"/>
    <display value="Australia"/>
  </concept>
  <concept>
    <code value="COUNTRIES_EMPRESI_270"/>
    <display value="Austria"/>
  </concept>
  <concept>
    <code value="COUNTRIES_EMPRESI_252"/>
    <display value="Azerbaijan"/>
  </concept>
  <concept>
    <code value="COUNTRIES_EMPRESI_233"/>
    <display value="Azores Islands"/>
  </concept>
  <concept>
    <code value="COUNTRIES_EMPRESI_17"/>
    <display value="Bahamas"/>
  </concept>
  <concept>
    <code value="COUNTRIES_EMPRESI_253"/>
    <display value="Bahrain"/>
  </concept>
  <concept>
    <code value="COUNTRIES_EMPRESI_134"/>
    <display value="Baker Island"/>
  </concept>
  <concept>
    <code value="COUNTRIES_EMPRESI_209"/>
    <display value="Bangladesh"/>
  </concept>
  <concept>
    <code value="COUNTRIES_EMPRESI_18"/>
    <display value="Barbados"/>
  </concept>
  <concept>
    <code value="COUNTRIES_EMPRESI_53"/>
    <display value="Bassas da India"/>
  </concept>
  <concept>
    <code value="COUNTRIES_EMPRESI_90"/>
    <display value="Belarus"/>
  </concept>
  <concept>
    <code value="COUNTRIES_EMPRESI_271"/>
    <display value="Belgium"/>
  </concept>
  <concept>
    <code value="COUNTRIES_EMPRESI_39"/>
    <display value="Belize"/>
  </concept>
  <concept>
    <code value="COUNTRIES_EMPRESI_234"/>
    <display value="Benin"/>
  </concept>
  <concept>
    <code value="COUNTRIES_EMPRESI_135"/>
    <display value="Bermuda"/>
  </concept>
  <concept>
    <code value="COUNTRIES_EMPRESI_210"/>
    <display value="Bhutan"/>
  </concept>
  <concept>
    <code value="COUNTRIES_EMPRESI_19"/>
    <display value="Bird Island"/>
  </concept>
  <concept>
    <code value="COUNTRIES_EMPRESI_174"/>
    <display value="Bolivia (Plurinational State of)"/>
  </concept>
  <concept>
    <code value="COUNTRIES_EMPRESI_219"/>
    <display value="Bosnia and Herzegovina"/>
  </concept>
  <concept>
    <code value="COUNTRIES_EMPRESI_203"/>
    <display value="Botswana"/>
  </concept>
  <concept>
    <code value="COUNTRIES_EMPRESI_6"/>
    <display value="Bouvet Island"/>
  </concept>
  <concept>
    <code value="COUNTRIES_EMPRESI_175"/>
    <display value="Brazil"/>
  </concept>
  <concept>
    <code value="COUNTRIES_EMPRESI_54"/>
    <display value="British Indian Ocean Territory"/>
  </concept>
  <concept>
    <code value="COUNTRIES_EMPRESI_20"/>
    <display value="British Virgin Islands"/>
  </concept>
  <concept>
    <code value="COUNTRIES_EMPRESI_187"/>
    <display value="Brunei Darussalam"/>
  </concept>
  <concept>
    <code value="COUNTRIES_EMPRESI_91"/>
    <display value="Bulgaria"/>
  </concept>
  <concept>
    <code value="COUNTRIES_EMPRESI_235"/>
    <display value="Burkina Faso"/>
  </concept>
  <concept>
    <code value="COUNTRIES_EMPRESI_55"/>
    <display value="Burundi"/>
  </concept>
  <concept>
    <code value="COUNTRIES_EMPRESI_237"/>
    <display value="CÃ´te d'Ivoire"/>
  </concept>
  <concept>
    <code value="COUNTRIES_EMPRESI_236"/>
    <display value="Cabo Verde"/>
  </concept>
  <concept>
    <code value="COUNTRIES_EMPRESI_188"/>
    <display value="Cambodia"/>
  </concept>
  <concept>
    <code value="COUNTRIES_EMPRESI_114"/>
    <display value="Cameroon"/>
  </concept>
  <concept>
    <code value="COUNTRIES_EMPRESI_136"/>
    <display value="Canada"/>
  </concept>
  <concept>
    <code value="COUNTRIES_EMPRESI_21"/>
    <display value="Cayman Islands"/>
  </concept>
  <concept>
    <code value="COUNTRIES_EMPRESI_115"/>
    <display value="Central African Republic"/>
  </concept>
  <concept>
    <code value="COUNTRIES_EMPRESI_116"/>
    <display value="Chad"/>
  </concept>
  <concept>
    <code value="COUNTRIES_EMPRESI_176"/>
    <display value="Chile"/>
  </concept>
  <concept>
    <code value="COUNTRIES_EMPRESI_293"/>
    <display value="China"/>
  </concept>
  <concept>
    <code value="COUNTRIES_EMPRESI_86"/>
    <display value="China, Hong Kong SAR"/>
  </concept>
  <concept>
    <code value="COUNTRIES_EMPRESI_89"/>
    <display value="China, Taiwan Province of"/>
  </concept>
  <concept>
    <code value="COUNTRIES_EMPRESI_78"/>
    <display value="China/India"/>
  </concept>
  <concept>
    <code value="COUNTRIES_EMPRESI_189"/>
    <display value="Christmas Island"/>
  </concept>
  <concept>
    <code value="COUNTRIES_EMPRESI_40"/>
    <display value="Clipperton Island"/>
  </concept>
  <concept>
    <code value="COUNTRIES_EMPRESI_190"/>
    <display value="Cocos (Keeling) Islands"/>
  </concept>
  <concept>
    <code value="COUNTRIES_EMPRESI_177"/>
    <display value="Colombia"/>
  </concept>
  <concept>
    <code value="COUNTRIES_EMPRESI_56"/>
    <display value="Comoros"/>
  </concept>
  <concept>
    <code value="COUNTRIES_EMPRESI_117"/>
    <display value="Congo"/>
  </concept>
  <concept>
    <code value="COUNTRIES_EMPRESI_164"/>
    <display value="Cook Islands"/>
  </concept>
  <concept>
    <code value="COUNTRIES_EMPRESI_41"/>
    <display value="Costa Rica"/>
  </concept>
  <concept>
    <code value="COUNTRIES_EMPRESI_220"/>
    <display value="Croatia"/>
  </concept>
  <concept>
    <code value="COUNTRIES_EMPRESI_22"/>
    <display value="Cuba"/>
  </concept>
  <concept>
    <code value="COUNTRIES_EMPRESI_254"/>
    <display value="Cyprus"/>
  </concept>
  <concept>
    <code value="COUNTRIES_EMPRESI_92"/>
    <display value="Czechia"/>
  </concept>
  <concept>
    <code value="COUNTRIES_EMPRESI_79"/>
    <display value="Democratic People's Republic of Korea"/>
  </concept>
  <concept>
    <code value="COUNTRIES_EMPRESI_118"/>
    <display value="Democratic Republic of the Congo"/>
  </concept>
  <concept>
    <code value="COUNTRIES_EMPRESI_147"/>
    <display value="Denmark"/>
  </concept>
  <concept>
    <code value="COUNTRIES_EMPRESI_57"/>
    <display value="Djibouti"/>
  </concept>
  <concept>
    <code value="COUNTRIES_EMPRESI_23"/>
    <display value="Dominica"/>
  </concept>
  <concept>
    <code value="COUNTRIES_EMPRESI_24"/>
    <display value="Dominican Republic"/>
  </concept>
  <concept>
    <code value="COUNTRIES_EMPRESI_178"/>
    <display value="Ecuador"/>
  </concept>
  <concept>
    <code value="COUNTRIES_EMPRESI_132"/>
    <display value="Egypt"/>
  </concept>
  <concept>
    <code value="COUNTRIES_EMPRESI_42"/>
    <display value="El Salvador"/>
  </concept>
  <concept>
    <code value="COUNTRIES_EMPRESI_119"/>
    <display value="Equatorial Guinea"/>
  </concept>
  <concept>
    <code value="COUNTRIES_EMPRESI_58"/>
    <display value="Eritrea"/>
  </concept>
  <concept>
    <code value="COUNTRIES_EMPRESI_148"/>
    <display value="Estonia"/>
  </concept>
  <concept>
    <code value="COUNTRIES_EMPRESI_207"/>
    <display value="Eswatini"/>
  </concept>
  <concept>
    <code value="COUNTRIES_EMPRESI_59"/>
    <display value="Ethiopia"/>
  </concept>
  <concept>
    <code value="COUNTRIES_EMPRESI_60"/>
    <display value="Europa Island"/>
  </concept>
  <concept>
    <code value="COUNTRIES_EMPRESI_179"/>
    <display value="Falkland Islands (Malvinas)"/>
  </concept>
  <concept>
    <code value="COUNTRIES_EMPRESI_149"/>
    <display value="Faroe Islands"/>
  </concept>
  <concept>
    <code value="COUNTRIES_EMPRESI_100"/>
    <display value="Fiji"/>
  </concept>
  <concept>
    <code value="COUNTRIES_EMPRESI_150"/>
    <display value="Finland"/>
  </concept>
  <concept>
    <code value="COUNTRIES_EMPRESI_272"/>
    <display value="France"/>
  </concept>
  <concept>
    <code value="COUNTRIES_EMPRESI_180"/>
    <display value="French Guiana"/>
  </concept>
  <concept>
    <code value="COUNTRIES_EMPRESI_165"/>
    <display value="French Polynesia"/>
  </concept>
  <concept>
    <code value="COUNTRIES_EMPRESI_7"/>
    <display value="French Southern and Antarctic Territories"/>
  </concept>
  <concept>
    <code value="COUNTRIES_EMPRESI_120"/>
    <display value="Gabon"/>
  </concept>
  <concept>
    <code value="COUNTRIES_EMPRESI_238"/>
    <display value="Gambia"/>
  </concept>
  <concept>
    <code value="COUNTRIES_EMPRESI_255"/>
    <display value="Gaza Strip"/>
  </concept>
  <concept>
    <code value="COUNTRIES_EMPRESI_256"/>
    <display value="Georgia"/>
  </concept>
  <concept>
    <code value="COUNTRIES_EMPRESI_273"/>
    <display value="Germany"/>
  </concept>
  <concept>
    <code value="COUNTRIES_EMPRESI_239"/>
    <display value="Ghana"/>
  </concept>
  <concept>
    <code value="COUNTRIES_EMPRESI_221"/>
    <display value="Gibraltar"/>
  </concept>
  <concept>
    <code value="COUNTRIES_EMPRESI_61"/>
    <display value="Glorioso Islands"/>
  </concept>
  <concept>
    <code value="COUNTRIES_EMPRESI_222"/>
    <display value="Greece"/>
  </concept>
  <concept>
    <code value="COUNTRIES_EMPRESI_137"/>
    <display value="Greenland"/>
  </concept>
  <concept>
    <code value="COUNTRIES_EMPRESI_25"/>
    <display value="Grenada"/>
  </concept>
  <concept>
    <code value="COUNTRIES_EMPRESI_26"/>
    <display value="Guadeloupe"/>
  </concept>
  <concept>
    <code value="COUNTRIES_EMPRESI_105"/>
    <display value="Guam"/>
  </concept>
  <concept>
    <code value="COUNTRIES_EMPRESI_43"/>
    <display value="Guatemala"/>
  </concept>
  <concept>
    <code value="COUNTRIES_EMPRESI_151"/>
    <display value="Guernsey"/>
  </concept>
  <concept>
    <code value="COUNTRIES_EMPRESI_241"/>
    <display value="Guinea"/>
  </concept>
  <concept>
    <code value="COUNTRIES_EMPRESI_240"/>
    <display value="Guinea-Bissau"/>
  </concept>
  <concept>
    <code value="COUNTRIES_EMPRESI_181"/>
    <display value="Guyana"/>
  </concept>
  <concept>
    <code value="COUNTRIES_EMPRESI_27"/>
    <display value="Haiti"/>
  </concept>
  <concept>
    <code value="COUNTRIES_EMPRESI_130"/>
    <display value="Hala'ib triangle"/>
  </concept>
  <concept>
    <code value="COUNTRIES_EMPRESI_8"/>
    <display value="Heard and McDonald Islands"/>
  </concept>
  <concept>
    <code value="COUNTRIES_EMPRESI_223"/>
    <display value="Holy See"/>
  </concept>
  <concept>
    <code value="COUNTRIES_EMPRESI_44"/>
    <display value="Honduras"/>
  </concept>
  <concept>
    <code value="COUNTRIES_EMPRESI_138"/>
    <display value="Howland Island"/>
  </concept>
  <concept>
    <code value="COUNTRIES_EMPRESI_93"/>
    <display value="Hungary"/>
  </concept>
  <concept>
    <code value="COUNTRIES_EMPRESI_152"/>
    <display value="Iceland"/>
  </concept>
  <concept>
    <code value="COUNTRIES_EMPRESI_133"/>
    <display value="Ilemi triangle"/>
  </concept>
  <concept>
    <code value="COUNTRIES_EMPRESI_211"/>
    <display value="India"/>
  </concept>
  <concept>
    <code value="COUNTRIES_EMPRESI_191"/>
    <display value="Indonesia"/>
  </concept>
  <concept>
    <code value="COUNTRIES_EMPRESI_212"/>
    <display value="Iran (Islamic Republic of)"/>
  </concept>
  <concept>
    <code value="COUNTRIES_EMPRESI_257"/>
    <display value="Iraq"/>
  </concept>
  <concept>
    <code value="COUNTRIES_EMPRESI_153"/>
    <display value="Ireland"/>
  </concept>
  <concept>
    <code value="COUNTRIES_EMPRESI_154"/>
    <display value="Isle of Man"/>
  </concept>
  <concept>
    <code value="COUNTRIES_EMPRESI_258"/>
    <display value="Israel"/>
  </concept>
  <concept>
    <code value="COUNTRIES_EMPRESI_2"/>
    <display value="Italy"/>
  </concept>
  <concept>
    <code value="COUNTRIES_EMPRESI_28"/>
    <display value="Jamaica"/>
  </concept>
  <concept>
    <code value="COUNTRIES_EMPRESI_87"/>
    <display value="Jammu and Kashmir"/>
  </concept>
  <concept>
    <code value="COUNTRIES_EMPRESI_80"/>
    <display value="Japan"/>
  </concept>
  <concept>
    <code value="COUNTRIES_EMPRESI_139"/>
    <display value="Jarvis Island"/>
  </concept>
  <concept>
    <code value="COUNTRIES_EMPRESI_155"/>
    <display value="Jersey"/>
  </concept>
  <concept>
    <code value="COUNTRIES_EMPRESI_140"/>
    <display value="Johnston Atoll"/>
  </concept>
  <concept>
    <code value="COUNTRIES_EMPRESI_259"/>
    <display value="Jordan"/>
  </concept>
  <concept>
    <code value="COUNTRIES_EMPRESI_62"/>
    <display value="Juan de Nova Island"/>
  </concept>
  <concept>
    <code value="COUNTRIES_EMPRESI_48"/>
    <display value="Kazakhstan"/>
  </concept>
  <concept>
    <code value="COUNTRIES_EMPRESI_1"/>
    <display value="Kenya"/>
  </concept>
  <concept>
    <code value="COUNTRIES_EMPRESI_141"/>
    <display value="Kingman Reef"/>
  </concept>
  <concept>
    <code value="COUNTRIES_EMPRESI_106"/>
    <display value="Kiribati"/>
  </concept>
  <concept>
    <code value="COUNTRIES_EMPRESI_81"/>
    <display value="Kuril islands"/>
  </concept>
  <concept>
    <code value="COUNTRIES_EMPRESI_260"/>
    <display value="Kuwait"/>
  </concept>
  <concept>
    <code value="COUNTRIES_EMPRESI_49"/>
    <display value="Kyrgyzstan"/>
  </concept>
  <concept>
    <code value="COUNTRIES_EMPRESI_192"/>
    <display value="Lao People's Democratic Republic"/>
  </concept>
  <concept>
    <code value="COUNTRIES_EMPRESI_156"/>
    <display value="Latvia"/>
  </concept>
  <concept>
    <code value="COUNTRIES_EMPRESI_261"/>
    <display value="Lebanon"/>
  </concept>
  <concept>
    <code value="COUNTRIES_EMPRESI_204"/>
    <display value="Lesotho"/>
  </concept>
  <concept>
    <code value="COUNTRIES_EMPRESI_242"/>
    <display value="Liberia"/>
  </concept>
  <concept>
    <code value="COUNTRIES_EMPRESI_126"/>
    <display value="Libya"/>
  </concept>
  <concept>
    <code value="COUNTRIES_EMPRESI_274"/>
    <display value="Liechtenstein"/>
  </concept>
  <concept>
    <code value="COUNTRIES_EMPRESI_157"/>
    <display value="Lithuania"/>
  </concept>
  <concept>
    <code value="COUNTRIES_EMPRESI_275"/>
    <display value="Luxembourg"/>
  </concept>
  <concept>
    <code value="COUNTRIES_EMPRESI_131"/>
    <display value="Ma'tan al-Sarra"/>
  </concept>
  <concept>
    <code value="COUNTRIES_EMPRESI_82"/>
    <display value="Macau"/>
  </concept>
  <concept>
    <code value="COUNTRIES_EMPRESI_63"/>
    <display value="Madagascar"/>
  </concept>
  <concept>
    <code value="COUNTRIES_EMPRESI_224"/>
    <display value="Madeira Islands"/>
  </concept>
  <concept>
    <code value="COUNTRIES_EMPRESI_64"/>
    <display value="Malawi"/>
  </concept>
  <concept>
    <code value="COUNTRIES_EMPRESI_193"/>
    <display value="Malaysia"/>
  </concept>
  <concept>
    <code value="COUNTRIES_EMPRESI_213"/>
    <display value="Maldives"/>
  </concept>
  <concept>
    <code value="COUNTRIES_EMPRESI_243"/>
    <display value="Mali"/>
  </concept>
  <concept>
    <code value="COUNTRIES_EMPRESI_225"/>
    <display value="Malta"/>
  </concept>
  <concept>
    <code value="COUNTRIES_EMPRESI_107"/>
    <display value="Marshall Islands"/>
  </concept>
  <concept>
    <code value="COUNTRIES_EMPRESI_29"/>
    <display value="Martinique"/>
  </concept>
  <concept>
    <code value="COUNTRIES_EMPRESI_244"/>
    <display value="Mauritania"/>
  </concept>
  <concept>
    <code value="COUNTRIES_EMPRESI_65"/>
    <display value="Mauritius"/>
  </concept>
  <concept>
    <code value="COUNTRIES_EMPRESI_66"/>
    <display value="Mayotte"/>
  </concept>
  <concept>
    <code value="COUNTRIES_EMPRESI_45"/>
    <display value="Mexico"/>
  </concept>
  <concept>
    <code value="COUNTRIES_EMPRESI_108"/>
    <display value="Micronesia (Federated States of)"/>
  </concept>
  <concept>
    <code value="COUNTRIES_EMPRESI_142"/>
    <display value="Midway Island"/>
  </concept>
  <concept>
    <code value="COUNTRIES_EMPRESI_276"/>
    <display value="Monaco"/>
  </concept>
  <concept>
    <code value="COUNTRIES_EMPRESI_83"/>
    <display value="Mongolia"/>
  </concept>
  <concept>
    <code value="COUNTRIES_EMPRESI_231"/>
    <display value="Montenegro"/>
  </concept>
  <concept>
    <code value="COUNTRIES_EMPRESI_30"/>
    <display value="Montserrat"/>
  </concept>
  <concept>
    <code value="COUNTRIES_EMPRESI_127"/>
    <display value="Morocco"/>
  </concept>
  <concept>
    <code value="COUNTRIES_EMPRESI_67"/>
    <display value="Mozambique"/>
  </concept>
  <concept>
    <code value="COUNTRIES_EMPRESI_194"/>
    <display value="Myanmar"/>
  </concept>
  <concept>
    <code value="COUNTRIES_EMPRESI_205"/>
    <display value="Namibia"/>
  </concept>
  <concept>
    <code value="COUNTRIES_EMPRESI_109"/>
    <display value="Nauru"/>
  </concept>
  <concept>
    <code value="COUNTRIES_EMPRESI_143"/>
    <display value="Navassa Island"/>
  </concept>
  <concept>
    <code value="COUNTRIES_EMPRESI_214"/>
    <display value="Nepal"/>
  </concept>
  <concept>
    <code value="COUNTRIES_EMPRESI_277"/>
    <display value="Netherlands"/>
  </concept>
  <concept>
    <code value="COUNTRIES_EMPRESI_31"/>
    <display value="Netherlands Antilles"/>
  </concept>
  <concept>
    <code value="COUNTRIES_EMPRESI_101"/>
    <display value="New Caledonia"/>
  </concept>
  <concept>
    <code value="COUNTRIES_EMPRESI_12"/>
    <display value="New Zealand"/>
  </concept>
  <concept>
    <code value="COUNTRIES_EMPRESI_46"/>
    <display value="Nicaragua"/>
  </concept>
  <concept>
    <code value="COUNTRIES_EMPRESI_245"/>
    <display value="Niger"/>
  </concept>
  <concept>
    <code value="COUNTRIES_EMPRESI_246"/>
    <display value="Nigeria"/>
  </concept>
  <concept>
    <code value="COUNTRIES_EMPRESI_166"/>
    <display value="Niue"/>
  </concept>
  <concept>
    <code value="COUNTRIES_EMPRESI_13"/>
    <display value="Norfolk Island"/>
  </concept>
  <concept>
    <code value="COUNTRIES_EMPRESI_230"/>
    <display value="North Macedonia"/>
  </concept>
  <concept>
    <code value="COUNTRIES_EMPRESI_110"/>
    <display value="Northern Mariana Islands"/>
  </concept>
  <concept>
    <code value="COUNTRIES_EMPRESI_158"/>
    <display value="Norway"/>
  </concept>
  <concept>
    <code value="COUNTRIES_EMPRESI_162"/>
    <display value="Not Available"/>
  </concept>
  <concept>
    <code value="COUNTRIES_EMPRESI_262"/>
    <display value="Oman"/>
  </concept>
  <concept>
    <code value="COUNTRIES_EMPRESI_215"/>
    <display value="Pakistan"/>
  </concept>
  <concept>
    <code value="COUNTRIES_EMPRESI_111"/>
    <display value="Palau"/>
  </concept>
  <concept>
    <code value="COUNTRIES_EMPRESI_268"/>
    <display value="Palestine"/>
  </concept>
  <concept>
    <code value="COUNTRIES_EMPRESI_144"/>
    <display value="Palmyra Atoll"/>
  </concept>
  <concept>
    <code value="COUNTRIES_EMPRESI_47"/>
    <display value="Panama"/>
  </concept>
  <concept>
    <code value="COUNTRIES_EMPRESI_102"/>
    <display value="Papua New Guinea"/>
  </concept>
  <concept>
    <code value="COUNTRIES_EMPRESI_195"/>
    <display value="Paracel Islands"/>
  </concept>
  <concept>
    <code value="COUNTRIES_EMPRESI_182"/>
    <display value="Paraguay"/>
  </concept>
  <concept>
    <code value="COUNTRIES_EMPRESI_183"/>
    <display value="Peru"/>
  </concept>
  <concept>
    <code value="COUNTRIES_EMPRESI_196"/>
    <display value="Philippines"/>
  </concept>
  <concept>
    <code value="COUNTRIES_EMPRESI_167"/>
    <display value="Pitcairn Islands"/>
  </concept>
  <concept>
    <code value="COUNTRIES_EMPRESI_95"/>
    <display value="Poland"/>
  </concept>
  <concept>
    <code value="COUNTRIES_EMPRESI_226"/>
    <display value="Portugal"/>
  </concept>
  <concept>
    <code value="COUNTRIES_EMPRESI_32"/>
    <display value="Puerto Rico"/>
  </concept>
  <concept>
    <code value="COUNTRIES_EMPRESI_263"/>
    <display value="Qatar"/>
  </concept>
  <concept>
    <code value="COUNTRIES_EMPRESI_69"/>
    <display value="Reunion"/>
  </concept>
  <concept>
    <code value="COUNTRIES_EMPRESI_84"/>
    <display value="Republic of Korea"/>
  </concept>
  <concept>
    <code value="COUNTRIES_EMPRESI_94"/>
    <display value="Republic of Moldova"/>
  </concept>
  <concept>
    <code value="COUNTRIES_EMPRESI_96"/>
    <display value="Romania"/>
  </concept>
  <concept>
    <code value="COUNTRIES_EMPRESI_97"/>
    <display value="Russian Federation"/>
  </concept>
  <concept>
    <code value="COUNTRIES_EMPRESI_68"/>
    <display value="Rwanda"/>
  </concept>
  <concept>
    <code value="COUNTRIES_EMPRESI_247"/>
    <display value="Saint Helena, Ascension and Tristan da Cunha"/>
  </concept>
  <concept>
    <code value="COUNTRIES_EMPRESI_33"/>
    <display value="Saint Kitts and Nevis"/>
  </concept>
  <concept>
    <code value="COUNTRIES_EMPRESI_34"/>
    <display value="Saint Lucia"/>
  </concept>
  <concept>
    <code value="COUNTRIES_EMPRESI_145"/>
    <display value="Saint Pierre and Miquelon"/>
  </concept>
  <concept>
    <code value="COUNTRIES_EMPRESI_35"/>
    <display value="Saint Vincent and the Grenadines"/>
  </concept>
  <concept>
    <code value="COUNTRIES_EMPRESI_168"/>
    <display value="Samoa"/>
  </concept>
  <concept>
    <code value="COUNTRIES_EMPRESI_227"/>
    <display value="San Marino"/>
  </concept>
  <concept>
    <code value="COUNTRIES_EMPRESI_121"/>
    <display value="Sao Tome and Principe"/>
  </concept>
  <concept>
    <code value="COUNTRIES_EMPRESI_264"/>
    <display value="Saudi Arabia"/>
  </concept>
  <concept>
    <code value="COUNTRIES_EMPRESI_197"/>
    <display value="Scarborough Reef"/>
  </concept>
  <concept>
    <code value="COUNTRIES_EMPRESI_248"/>
    <display value="Senegal"/>
  </concept>
  <concept>
    <code value="COUNTRIES_EMPRESI_85"/>
    <display value="Senkaku Islands"/>
  </concept>
  <concept>
    <code value="COUNTRIES_EMPRESI_232"/>
    <display value="Serbia"/>
  </concept>
  <concept>
    <code value="COUNTRIES_EMPRESI_70"/>
    <display value="Seychelles"/>
  </concept>
  <concept>
    <code value="COUNTRIES_EMPRESI_249"/>
    <display value="Sierra Leone"/>
  </concept>
  <concept>
    <code value="COUNTRIES_EMPRESI_198"/>
    <display value="Singapore"/>
  </concept>
  <concept>
    <code value="COUNTRIES_EMPRESI_98"/>
    <display value="Slovakia"/>
  </concept>
  <concept>
    <code value="COUNTRIES_EMPRESI_228"/>
    <display value="Slovenia"/>
  </concept>
  <concept>
    <code value="COUNTRIES_EMPRESI_103"/>
    <display value="Solomon Islands"/>
  </concept>
  <concept>
    <code value="COUNTRIES_EMPRESI_71"/>
    <display value="Somalia"/>
  </concept>
  <concept>
    <code value="COUNTRIES_EMPRESI_206"/>
    <display value="South Africa"/>
  </concept>
  <concept>
    <code value="COUNTRIES_EMPRESI_9"/>
    <display value="South Georgia and the South Sandwich Islands"/>
  </concept>
  <concept>
    <code value="COUNTRIES_EMPRESI_124"/>
    <display value="South Sudan"/>
  </concept>
  <concept>
    <code value="COUNTRIES_EMPRESI_229"/>
    <display value="Spain"/>
  </concept>
  <concept>
    <code value="COUNTRIES_EMPRESI_199"/>
    <display value="Spratly Islands"/>
  </concept>
  <concept>
    <code value="COUNTRIES_EMPRESI_216"/>
    <display value="Sri Lanka"/>
  </concept>
  <concept>
    <code value="COUNTRIES_EMPRESI_123"/>
    <display value="Sudan"/>
  </concept>
  <concept>
    <code value="COUNTRIES_EMPRESI_184"/>
    <display value="Suriname"/>
  </concept>
  <concept>
    <code value="COUNTRIES_EMPRESI_159"/>
    <display value="Svalbard and Jan Mayen Islands"/>
  </concept>
  <concept>
    <code value="COUNTRIES_EMPRESI_160"/>
    <display value="Sweden"/>
  </concept>
  <concept>
    <code value="COUNTRIES_EMPRESI_278"/>
    <display value="Switzerland"/>
  </concept>
  <concept>
    <code value="COUNTRIES_EMPRESI_265"/>
    <display value="Syrian Arab Republic"/>
  </concept>
  <concept>
    <code value="COUNTRIES_EMPRESI_266"/>
    <display value="Turkye"/>
  </concept>
  <concept>
    <code value="COUNTRIES_EMPRESI_50"/>
    <display value="Tajikistan"/>
  </concept>
  <concept>
    <code value="COUNTRIES_EMPRESI_200"/>
    <display value="Thailand"/>
  </concept>
  <concept>
    <code value="COUNTRIES_EMPRESI_201"/>
    <display value="Timor-Leste"/>
  </concept>
  <concept>
    <code value="COUNTRIES_EMPRESI_250"/>
    <display value="Togo"/>
  </concept>
  <concept>
    <code value="COUNTRIES_EMPRESI_169"/>
    <display value="Tokelau"/>
  </concept>
  <concept>
    <code value="COUNTRIES_EMPRESI_170"/>
    <display value="Tonga"/>
  </concept>
  <concept>
    <code value="COUNTRIES_EMPRESI_36"/>
    <display value="Trinidad and Tobago"/>
  </concept>
  <concept>
    <code value="COUNTRIES_EMPRESI_72"/>
    <display value="Tromelin Island"/>
  </concept>
  <concept>
    <code value="COUNTRIES_EMPRESI_128"/>
    <display value="Tunisia"/>
  </concept>
  <concept>
    <code value="COUNTRIES_EMPRESI_51"/>
    <display value="Turkmenistan"/>
  </concept>
  <concept>
    <code value="COUNTRIES_EMPRESI_37"/>
    <display value="Turks and Caicos islands"/>
  </concept>
  <concept>
    <code value="COUNTRIES_EMPRESI_171"/>
    <display value="Tuvalu"/>
  </concept>
  <concept>
    <code value="COUNTRIES_EMPRESI_3"/>
    <display value="Uganda"/>
  </concept>
  <concept>
    <code value="COUNTRIES_EMPRESI_99"/>
    <display value="Ukraine"/>
  </concept>
  <concept>
    <code value="COUNTRIES_EMPRESI_267"/>
    <display value="United Arab Emirates"/>
  </concept>
  <concept>
    <code value="COUNTRIES_EMPRESI_161"/>
    <display value="United Kingdom"/>
  </concept>
  <concept>
    <code value="COUNTRIES_EMPRESI_73"/>
    <display value="United Republic of Tanzania"/>
  </concept>
  <concept>
    <code value="COUNTRIES_EMPRESI_146"/>
    <display value="United States of America"/>
  </concept>
  <concept>
    <code value="COUNTRIES_EMPRESI_38"/>
    <display value="United States Virgin Islands"/>
  </concept>
  <concept>
    <code value="COUNTRIES_EMPRESI_185"/>
    <display value="Uruguay"/>
  </concept>
  <concept>
    <code value="COUNTRIES_EMPRESI_52"/>
    <display value="Uzbekistan"/>
  </concept>
  <concept>
    <code value="COUNTRIES_EMPRESI_104"/>
    <display value="Vanuatu"/>
  </concept>
  <concept>
    <code value="COUNTRIES_EMPRESI_186"/>
    <display value="Venezuela (Bolivarian Republic of)"/>
  </concept>
  <concept>
    <code value="COUNTRIES_EMPRESI_202"/>
    <display value="Viet Nam"/>
  </concept>
  <concept>
    <code value="COUNTRIES_EMPRESI_112"/>
    <display value="Wake Island"/>
  </concept>
  <concept>
    <code value="COUNTRIES_EMPRESI_172"/>
    <display value="Wallis and Futuna Islands"/>
  </concept>
  <concept>
    <code value="COUNTRIES_EMPRESI_129"/>
    <display value="Western Sahara"/>
  </concept>
  <concept>
    <code value="COUNTRIES_EMPRESI_269"/>
    <display value="Yemen"/>
  </concept>
  <concept>
    <code value="COUNTRIES_EMPRESI_74"/>
    <display value="Zambia"/>
  </concept>
  <concept>
    <code value="COUNTRIES_EMPRESI_75"/>
    <display value="Zimbabwe"/>
  </concept>
</CodeSystem>