<?xml version="1.0" encoding="UTF-8"?>

<CodeSystem xmlns="http://hl7.org/fhir">
  <id value="diagnostic-status-cs"/>
  <text>
    <status value="generated"/><div xmlns="http://www.w3.org/1999/xhtml"><p>This  code system <code>https://dhis2.org/fhir/CodeSystem/diagnostic-status-cs</code> defines the following codes:</p><table class="codes"><tr><td style="white-space:nowrap"><b>Code</b></td><td><b>Display</b></td></tr><tr><td style="white-space:nowrap">CONFIRMED<a name="diagnostic-status-cs-CONFIRMED"> </a></td><td>Confirmed</td></tr><tr><td style="white-space:nowrap">DENIED<a name="diagnostic-status-cs-DENIED"> </a></td><td>Denied</td></tr><tr><td style="white-space:nowrap">SUSPECTED<a name="diagnostic-status-cs-SUSPECTED"> </a></td><td>Suspected</td></tr></table></div>
  </text>
  <url value="https://dhis2.org/fhir/CodeSystem/diagnostic-status-cs"/>
  <version value="0.1.0"/>
  <name value="DiagnosticStatusCS"/>
  <title value="Diagnostic Status Code System"/>
  <status value="draft"/>
  <date value="2024-04-12T09:40:09+00:00"/>
  <publisher value="DHIS2"/>
  <contact>
    <name value="DHIS2"/>
    <telecom>
      <system value="url"/>
      <value value="https://dhis2.org"/>
    </telecom>
    <telecom>
      <system value="email"/>
      <value value="johan.hole@dhis2.org"/>
    </telecom>
  </contact>
  <description value="Code system for diagnostic status"/>
  <content value="complete"/>
  <count value="3"/>
  <concept>
    <code value="CONFIRMED"/>
    <display value="Confirmed"/>
  </concept>
  <concept>
    <code value="DENIED"/>
    <display value="Denied"/>
  </concept>
  <concept>
    <code value="SUSPECTED"/>
    <display value="Suspected"/>
  </concept>
</CodeSystem>