<?xml version="1.0" encoding="UTF-8"?>

<CodeSystem xmlns="http://hl7.org/fhir">
  <id value="districts-cs"/>
  <text>
    <status value="generated"/><div xmlns="http://www.w3.org/1999/xhtml"><p>This  code system <code>https://dhis2.org/fhir/CodeSystem/districts-cs</code> defines the following codes:</p><table class="codes"><tr><td style="white-space:nowrap"><b>Code</b></td><td><b>Display</b></td></tr><tr><td style="white-space:nowrap">ATSAPHANGTHONG<a name="districts-cs-ATSAPHANGTHONG"> </a></td><td>Atsaphangthong</td></tr><tr><td style="white-space:nowrap">ATSAPHONE<a name="districts-cs-ATSAPHONE"> </a></td><td>Atsaphone</td></tr><tr><td style="white-space:nowrap">BACHIANGCHALEUNSOOK<a name="districts-cs-BACHIANGCHALEUNSOOK"> </a></td><td>Bachiangchaleunsook</td></tr><tr><td style="white-space:nowrap">BENG<a name="districts-cs-BENG"> </a></td><td>Beng</td></tr><tr><td style="white-space:nowrap">BOLIKHANH<a name="districts-cs-BOLIKHANH"> </a></td><td>Bolikhanh</td></tr><tr><td style="white-space:nowrap">BOON_NEUA<a name="districts-cs-BOON_NEUA"> </a></td><td>Boon Neua</td></tr><tr><td style="white-space:nowrap">BOONTAI<a name="districts-cs-BOONTAI"> </a></td><td>Boontai</td></tr><tr><td style="white-space:nowrap">BOTENE<a name="districts-cs-BOTENE"> </a></td><td>Botene</td></tr><tr><td style="white-space:nowrap">BUALAPHA<a name="districts-cs-BUALAPHA"> </a></td><td>Bualapha</td></tr><tr><td style="white-space:nowrap">CHAMPASSACK<a name="districts-cs-CHAMPASSACK"> </a></td><td>Champassack</td></tr><tr><td style="white-space:nowrap">CHAMPHONE<a name="districts-cs-CHAMPHONE"> </a></td><td>Champhone</td></tr><tr><td style="white-space:nowrap">CHANTHABULY<a name="districts-cs-CHANTHABULY"> </a></td><td>Chanthabuly</td></tr><tr><td style="white-space:nowrap">CHOMPHET<a name="districts-cs-CHOMPHET"> </a></td><td>Chomphet</td></tr><tr><td style="white-space:nowrap">DAKCHEUNG<a name="districts-cs-DAKCHEUNG"> </a></td><td>Dakcheung</td></tr><tr><td style="white-space:nowrap">FEUANG<a name="districts-cs-FEUANG"> </a></td><td>Feuang</td></tr><tr><td style="white-space:nowrap">HADXAIFONG<a name="districts-cs-HADXAIFONG"> </a></td><td>Hadxaifong</td></tr><tr><td style="white-space:nowrap">HINBOON<a name="districts-cs-HINBOON"> </a></td><td>Hinboon</td></tr><tr><td style="white-space:nowrap">HINHURP<a name="districts-cs-HINHURP"> </a></td><td>Hinhurp</td></tr><tr><td style="white-space:nowrap">HOM<a name="districts-cs-HOM"> </a></td><td>Hom</td></tr><tr><td style="white-space:nowrap">HONGSA<a name="districts-cs-HONGSA"> </a></td><td>Hongsa</td></tr><tr><td style="white-space:nowrap">HOON<a name="districts-cs-HOON"> </a></td><td>Hoon</td></tr><tr><td style="white-space:nowrap">HOUIXAI<a name="districts-cs-HOUIXAI"> </a></td><td>Houixai</td></tr><tr><td style="white-space:nowrap">HUAMEUANG<a name="districts-cs-HUAMEUANG"> </a></td><td>Huameuang</td></tr><tr><td style="white-space:nowrap">KALEUM<a name="districts-cs-KALEUM"> </a></td><td>Kaleum</td></tr><tr><td style="white-space:nowrap">KASY<a name="districts-cs-KASY"> </a></td><td>Kasy</td></tr><tr><td style="white-space:nowrap">KAYSONE_PHOMVIHANE<a name="districts-cs-KAYSONE_PHOMVIHANE"> </a></td><td>Kaysone Phomvihane</td></tr><tr><td style="white-space:nowrap">KENETHAO<a name="districts-cs-KENETHAO"> </a></td><td>Kenethao</td></tr><tr><td style="white-space:nowrap">KEO_OUDOM<a name="districts-cs-KEO_OUDOM"> </a></td><td>Keo Oudom</td></tr><tr><td style="white-space:nowrap">KHAM<a name="districts-cs-KHAM"> </a></td><td>Kham</td></tr><tr><td style="white-space:nowrap">KHAMKHEUTH<a name="districts-cs-KHAMKHEUTH"> </a></td><td>Khamkheuth</td></tr><tr><td style="white-space:nowrap">KHONGXEDONE<a name="districts-cs-KHONGXEDONE"> </a></td><td>Khongxedone</td></tr><tr><td style="white-space:nowrap">KHOP<a name="districts-cs-KHOP"> </a></td><td>Khop</td></tr><tr><td style="white-space:nowrap">KHOUNE<a name="districts-cs-KHOUNE"> </a></td><td>Khoune</td></tr><tr><td style="white-space:nowrap">KHUA<a name="districts-cs-KHUA"> </a></td><td>Khua</td></tr><tr><td style="white-space:nowrap">LA<a name="districts-cs-LA"> </a></td><td>La</td></tr><tr><td style="white-space:nowrap">LAKHONEPHENG<a name="districts-cs-LAKHONEPHENG"> </a></td><td>Lakhonepheng</td></tr><tr><td style="white-space:nowrap">LAMARM<a name="districts-cs-LAMARM"> </a></td><td>Lamarm</td></tr><tr><td style="white-space:nowrap">LAO_NGARM<a name="districts-cs-LAO_NGARM"> </a></td><td>Lao Ngarm</td></tr><tr><td style="white-space:nowrap">LOUANGPHRABANG<a name="districts-cs-LOUANGPHRABANG"> </a></td><td>Louangphrabang</td></tr><tr><td style="white-space:nowrap">MAD<a name="districts-cs-MAD"> </a></td><td>Mad</td></tr><tr><td style="white-space:nowrap">MAHAXAY<a name="districts-cs-MAHAXAY"> </a></td><td>Mahaxay</td></tr><tr><td style="white-space:nowrap">MAY<a name="districts-cs-MAY"> </a></td><td>May</td></tr><tr><td style="white-space:nowrap">MAYPARKNGUM<a name="districts-cs-MAYPARKNGUM"> </a></td><td>Mayparkngum</td></tr><tr><td style="white-space:nowrap">MEUNG<a name="districts-cs-MEUNG"> </a></td><td>Meung</td></tr><tr><td style="white-space:nowrap">MOONLAPAMOK<a name="districts-cs-MOONLAPAMOK"> </a></td><td>Moonlapamok</td></tr><tr><td style="white-space:nowrap">MORKMAY<a name="districts-cs-MORKMAY"> </a></td><td>Morkmay</td></tr><tr><td style="white-space:nowrap">MUANG_ET<a name="districts-cs-MUANG_ET"> </a></td><td>Muang Et</td></tr><tr><td style="white-space:nowrap">NAKAI<a name="districts-cs-NAKAI"> </a></td><td>Nakai</td></tr><tr><td style="white-space:nowrap">NALAE<a name="districts-cs-NALAE"> </a></td><td>Nalae</td></tr><tr><td style="white-space:nowrap">NAMBAK<a name="districts-cs-NAMBAK"> </a></td><td>Nambak</td></tr><tr><td style="white-space:nowrap">NAMOR<a name="districts-cs-NAMOR"> </a></td><td>Namor</td></tr><tr><td style="white-space:nowrap">NAMTHA<a name="districts-cs-NAMTHA"> </a></td><td>Namtha</td></tr><tr><td style="white-space:nowrap">NAN<a name="districts-cs-NAN"> </a></td><td>Nan</td></tr><tr><td style="white-space:nowrap">NAXAITHONG<a name="districts-cs-NAXAITHONG"> </a></td><td>Naxaithong</td></tr><tr><td style="white-space:nowrap">NGA<a name="districts-cs-NGA"> </a></td><td>Nga</td></tr><tr><td style="white-space:nowrap">NGEUN<a name="districts-cs-NGEUN"> </a></td><td>Ngeun</td></tr><tr><td style="white-space:nowrap">NGOI<a name="districts-cs-NGOI"> </a></td><td>Ngoi</td></tr><tr><td style="white-space:nowrap">NHOMMALATH<a name="districts-cs-NHOMMALATH"> </a></td><td>Nhommalath</td></tr><tr><td style="white-space:nowrap">NHOT_OU<a name="districts-cs-NHOT_OU"> </a></td><td>Nhot Ou</td></tr><tr><td style="white-space:nowrap">NONG<a name="districts-cs-NONG"> </a></td><td>Nong</td></tr><tr><td style="white-space:nowrap">NONGBOK<a name="districts-cs-NONGBOK"> </a></td><td>Nongbok</td></tr><tr><td style="white-space:nowrap">NONGHED<a name="districts-cs-NONGHED"> </a></td><td>Nonghed</td></tr><tr><td style="white-space:nowrap">OUTHOOMPHONE<a name="districts-cs-OUTHOOMPHONE"> </a></td><td>Outhoomphone</td></tr><tr><td style="white-space:nowrap">PAK_XENG<a name="districts-cs-PAK_XENG"> </a></td><td>Pak Xeng</td></tr><tr><td style="white-space:nowrap">PAKBENG<a name="districts-cs-PAKBENG"> </a></td><td>Pakbeng</td></tr><tr><td style="white-space:nowrap">PAKKADING<a name="districts-cs-PAKKADING"> </a></td><td>Pakkading</td></tr><tr><td style="white-space:nowrap">PAKSANE<a name="districts-cs-PAKSANE"> </a></td><td>Paksane</td></tr><tr><td style="white-space:nowrap">PAKSONG<a name="districts-cs-PAKSONG"> </a></td><td>Paksong</td></tr><tr><td style="white-space:nowrap">PAKTHA<a name="districts-cs-PAKTHA"> </a></td><td>Paktha</td></tr><tr><td style="white-space:nowrap">PAKXE<a name="districts-cs-PAKXE"> </a></td><td>Pakxe</td></tr><tr><td style="white-space:nowrap">PARK_OU<a name="districts-cs-PARK_OU"> </a></td><td>Park Ou</td></tr><tr><td style="white-space:nowrap">PARKLAI<a name="districts-cs-PARKLAI"> </a></td><td>Parklai</td></tr><tr><td style="white-space:nowrap">PATHOOMPHONE<a name="districts-cs-PATHOOMPHONE"> </a></td><td>Pathoomphone</td></tr><tr><td style="white-space:nowrap">PEK<a name="districts-cs-PEK"> </a></td><td>Pek</td></tr><tr><td style="white-space:nowrap">PHA_OUDOM<a name="districts-cs-PHA_OUDOM"> </a></td><td>Pha Oudom</td></tr><tr><td style="white-space:nowrap">PHAXAY<a name="districts-cs-PHAXAY"> </a></td><td>Phaxay</td></tr><tr><td style="white-space:nowrap">PHIANG<a name="districts-cs-PHIANG"> </a></td><td>Phiang</td></tr><tr><td style="white-space:nowrap">PHINE<a name="districts-cs-PHINE"> </a></td><td>Phine</td></tr><tr><td style="white-space:nowrap">PHONGSALY<a name="districts-cs-PHONGSALY"> </a></td><td>Phongsaly</td></tr><tr><td style="white-space:nowrap">PHONHONG<a name="districts-cs-PHONHONG"> </a></td><td>Phonhong</td></tr><tr><td style="white-space:nowrap">PHONTHONG<a name="districts-cs-PHONTHONG"> </a></td><td>Phonthong</td></tr><tr><td style="white-space:nowrap">PHONXAY<a name="districts-cs-PHONXAY"> </a></td><td>Phonxay</td></tr><tr><td style="white-space:nowrap">PHOOKOOD<a name="districts-cs-PHOOKOOD"> </a></td><td>Phookood</td></tr><tr><td style="white-space:nowrap">PHOUKHOUNE<a name="districts-cs-PHOUKHOUNE"> </a></td><td>Phoukhoune</td></tr><tr><td style="white-space:nowrap">PHOUVONG<a name="districts-cs-PHOUVONG"> </a></td><td>Phouvong</td></tr><tr><td style="white-space:nowrap">SAMAKKHIXAY<a name="districts-cs-SAMAKKHIXAY"> </a></td><td>Samakkhixay</td></tr><tr><td style="white-space:nowrap">SAMPHANH<a name="districts-cs-SAMPHANH"> </a></td><td>Samphanh</td></tr><tr><td style="white-space:nowrap">SAMUOI<a name="districts-cs-SAMUOI"> </a></td><td>Samuoi</td></tr><tr><td style="white-space:nowrap">SANAMXAY<a name="districts-cs-SANAMXAY"> </a></td><td>Sanamxay</td></tr><tr><td style="white-space:nowrap">SANASOMBOON<a name="districts-cs-SANASOMBOON"> </a></td><td>Sanasomboon</td></tr><tr><td style="white-space:nowrap">SANGTHONG<a name="districts-cs-SANGTHONG"> </a></td><td>Sangthong</td></tr><tr><td style="white-space:nowrap">SANXAY<a name="districts-cs-SANXAY"> </a></td><td>Sanxay</td></tr><tr><td style="white-space:nowrap">SARAVANE<a name="districts-cs-SARAVANE"> </a></td><td>Saravane</td></tr><tr><td style="white-space:nowrap">SEPONE<a name="districts-cs-SEPONE"> </a></td><td>Sepone</td></tr><tr><td style="white-space:nowrap">SIKHOTTABONG<a name="districts-cs-SIKHOTTABONG"> </a></td><td>Sikhottabong</td></tr><tr><td style="white-space:nowrap">SING<a name="districts-cs-SING"> </a></td><td>Sing</td></tr><tr><td style="white-space:nowrap">SISATTANAK<a name="districts-cs-SISATTANAK"> </a></td><td>Sisattanak</td></tr><tr><td style="white-space:nowrap">SONGKHONE<a name="districts-cs-SONGKHONE"> </a></td><td>Songkhone</td></tr><tr><td style="white-space:nowrap">SOPBAO<a name="districts-cs-SOPBAO"> </a></td><td>Sopbao</td></tr><tr><td style="white-space:nowrap">SUKHUMA<a name="districts-cs-SUKHUMA"> </a></td><td>Sukhuma</td></tr><tr><td style="white-space:nowrap">TA_OI<a name="districts-cs-TA_OI"> </a></td><td>Ta Oi</td></tr><tr><td style="white-space:nowrap">THAKHEK<a name="districts-cs-THAKHEK"> </a></td><td>Thakhek</td></tr><tr><td style="white-space:nowrap">THAPANGTHONG<a name="districts-cs-THAPANGTHONG"> </a></td><td>Thapangthong</td></tr><tr><td style="white-space:nowrap">THAPHABATH<a name="districts-cs-THAPHABATH"> </a></td><td>Thaphabath</td></tr><tr><td style="white-space:nowrap">THAPHALANXAY<a name="districts-cs-THAPHALANXAY"> </a></td><td>Thaphalanxay</td></tr><tr><td style="white-space:nowrap">THATENG<a name="districts-cs-THATENG"> </a></td><td>Thateng</td></tr><tr><td style="white-space:nowrap">THATHOM<a name="districts-cs-THATHOM"> </a></td><td>Thathom</td></tr><tr><td style="white-space:nowrap">THONGMYXAY<a name="districts-cs-THONGMYXAY"> </a></td><td>Thongmyxay</td></tr><tr><td style="white-space:nowrap">THOULAKHOM<a name="districts-cs-THOULAKHOM"> </a></td><td>Thoulakhom</td></tr><tr><td style="white-space:nowrap">TONPHEUNG<a name="districts-cs-TONPHEUNG"> </a></td><td>Tonpheung</td></tr><tr><td style="white-space:nowrap">TOOMLARN<a name="districts-cs-TOOMLARN"> </a></td><td>Toomlarn</td></tr><tr><td style="white-space:nowrap">VANGVIENG<a name="districts-cs-VANGVIENG"> </a></td><td>Vangvieng</td></tr><tr><td style="white-space:nowrap">VAPY<a name="districts-cs-VAPY"> </a></td><td>Vapy</td></tr><tr><td style="white-space:nowrap">VIENGKHAM<a name="districts-cs-VIENGKHAM"> </a></td><td>Viengkham</td></tr><tr><td style="white-space:nowrap">VIENGPHOUKHA<a name="districts-cs-VIENGPHOUKHA"> </a></td><td>Viengphoukha</td></tr><tr><td style="white-space:nowrap">VIENGTHONG<a name="districts-cs-VIENGTHONG"> </a></td><td>Viengthong</td></tr><tr><td style="white-space:nowrap">VIENGXAY<a name="districts-cs-VIENGXAY"> </a></td><td>Viengxay</td></tr><tr><td style="white-space:nowrap">VILABULY<a name="districts-cs-VILABULY"> </a></td><td>Vilabuly</td></tr><tr><td style="white-space:nowrap">XAMNEUA<a name="districts-cs-XAMNEUA"> </a></td><td>Xamneua</td></tr><tr><td style="white-space:nowrap">XAMTAY<a name="districts-cs-XAMTAY"> </a></td><td>Xamtay</td></tr><tr><td style="white-space:nowrap">XANAKHARM<a name="districts-cs-XANAKHARM"> </a></td><td>Xanakharm</td></tr><tr><td style="white-space:nowrap">XAY<a name="districts-cs-XAY"> </a></td><td>Xay</td></tr><tr><td style="white-space:nowrap">XAYABURY<a name="districts-cs-XAYABURY"> </a></td><td>Xayabury</td></tr><tr><td style="white-space:nowrap">XAYBUATHONG<a name="districts-cs-XAYBUATHONG"> </a></td><td>Xaybuathong</td></tr><tr><td style="white-space:nowrap">XAYBULY<a name="districts-cs-XAYBULY"> </a></td><td>Xaybuly</td></tr><tr><td style="white-space:nowrap">XAYPHOOTHONG<a name="districts-cs-XAYPHOOTHONG"> </a></td><td>Xayphoothong</td></tr><tr><td style="white-space:nowrap">XAYSETHA<a name="districts-cs-XAYSETHA"> </a></td><td>Xaysetha</td></tr><tr><td style="white-space:nowrap">XAYSOMBOUN<a name="districts-cs-XAYSOMBOUN"> </a></td><td>Xaysomboun</td></tr><tr><td style="white-space:nowrap">XAYTHANY<a name="districts-cs-XAYTHANY"> </a></td><td>Xaythany</td></tr><tr><td style="white-space:nowrap">XEBANGFAY<a name="districts-cs-XEBANGFAY"> </a></td><td>Xebangfay</td></tr><tr><td style="white-space:nowrap">XIENG_NGEUN<a name="districts-cs-XIENG_NGEUN"> </a></td><td>Xieng Ngeun</td></tr><tr><td style="white-space:nowrap">XIENGHONE<a name="districts-cs-XIENGHONE"> </a></td><td>Xienghone</td></tr><tr><td style="white-space:nowrap">XIENGKHOR<a name="districts-cs-XIENGKHOR"> </a></td><td>Xiengkhor</td></tr><tr><td style="white-space:nowrap">XONBULY<a name="districts-cs-XONBULY"> </a></td><td>Xonbuly</td></tr></table></div>
  </text>
  <url value="https://dhis2.org/fhir/CodeSystem/districts-cs"/>
  <version value="0.1.0"/>
  <name value="DistrictsCS"/>
  <title value="Districts Code System"/>
  <status value="draft"/>
  <date value="2024-04-12T09:40:09+00:00"/>
  <publisher value="DHIS2"/>
  <contact>
    <name value="DHIS2"/>
    <telecom>
      <system value="url"/>
      <value value="https://dhis2.org"/>
    </telecom>
    <telecom>
      <system value="email"/>
      <value value="johan.hole@dhis2.org"/>
    </telecom>
  </contact>
  <description value="Code system for districts."/>
  <content value="complete"/>
  <count value="134"/>
  <concept>
    <code value="ATSAPHANGTHONG"/>
    <display value="Atsaphangthong"/>
  </concept>
  <concept>
    <code value="ATSAPHONE"/>
    <display value="Atsaphone"/>
  </concept>
  <concept>
    <code value="BACHIANGCHALEUNSOOK"/>
    <display value="Bachiangchaleunsook"/>
  </concept>
  <concept>
    <code value="BENG"/>
    <display value="Beng"/>
  </concept>
  <concept>
    <code value="BOLIKHANH"/>
    <display value="Bolikhanh"/>
  </concept>
  <concept>
    <code value="BOON_NEUA"/>
    <display value="Boon Neua"/>
  </concept>
  <concept>
    <code value="BOONTAI"/>
    <display value="Boontai"/>
  </concept>
  <concept>
    <code value="BOTENE"/>
    <display value="Botene"/>
  </concept>
  <concept>
    <code value="BUALAPHA"/>
    <display value="Bualapha"/>
  </concept>
  <concept>
    <code value="CHAMPASSACK"/>
    <display value="Champassack"/>
  </concept>
  <concept>
    <code value="CHAMPHONE"/>
    <display value="Champhone"/>
  </concept>
  <concept>
    <code value="CHANTHABULY"/>
    <display value="Chanthabuly"/>
  </concept>
  <concept>
    <code value="CHOMPHET"/>
    <display value="Chomphet"/>
  </concept>
  <concept>
    <code value="DAKCHEUNG"/>
    <display value="Dakcheung"/>
  </concept>
  <concept>
    <code value="FEUANG"/>
    <display value="Feuang"/>
  </concept>
  <concept>
    <code value="HADXAIFONG"/>
    <display value="Hadxaifong"/>
  </concept>
  <concept>
    <code value="HINBOON"/>
    <display value="Hinboon"/>
  </concept>
  <concept>
    <code value="HINHURP"/>
    <display value="Hinhurp"/>
  </concept>
  <concept>
    <code value="HOM"/>
    <display value="Hom"/>
  </concept>
  <concept>
    <code value="HONGSA"/>
    <display value="Hongsa"/>
  </concept>
  <concept>
    <code value="HOON"/>
    <display value="Hoon"/>
  </concept>
  <concept>
    <code value="HOUIXAI"/>
    <display value="Houixai"/>
  </concept>
  <concept>
    <code value="HUAMEUANG"/>
    <display value="Huameuang"/>
  </concept>
  <concept>
    <code value="KALEUM"/>
    <display value="Kaleum"/>
  </concept>
  <concept>
    <code value="KASY"/>
    <display value="Kasy"/>
  </concept>
  <concept>
    <code value="KAYSONE_PHOMVIHANE"/>
    <display value="Kaysone Phomvihane"/>
  </concept>
  <concept>
    <code value="KENETHAO"/>
    <display value="Kenethao"/>
  </concept>
  <concept>
    <code value="KEO_OUDOM"/>
    <display value="Keo Oudom"/>
  </concept>
  <concept>
    <code value="KHAM"/>
    <display value="Kham"/>
  </concept>
  <concept>
    <code value="KHAMKHEUTH"/>
    <display value="Khamkheuth"/>
  </concept>
  <concept>
    <code value="KHONGXEDONE"/>
    <display value="Khongxedone"/>
  </concept>
  <concept>
    <code value="KHOP"/>
    <display value="Khop"/>
  </concept>
  <concept>
    <code value="KHOUNE"/>
    <display value="Khoune"/>
  </concept>
  <concept>
    <code value="KHUA"/>
    <display value="Khua"/>
  </concept>
  <concept>
    <code value="LA"/>
    <display value="La"/>
  </concept>
  <concept>
    <code value="LAKHONEPHENG"/>
    <display value="Lakhonepheng"/>
  </concept>
  <concept>
    <code value="LAMARM"/>
    <display value="Lamarm"/>
  </concept>
  <concept>
    <code value="LAO_NGARM"/>
    <display value="Lao Ngarm"/>
  </concept>
  <concept>
    <code value="LOUANGPHRABANG"/>
    <display value="Louangphrabang"/>
  </concept>
  <concept>
    <code value="MAD"/>
    <display value="Mad"/>
  </concept>
  <concept>
    <code value="MAHAXAY"/>
    <display value="Mahaxay"/>
  </concept>
  <concept>
    <code value="MAY"/>
    <display value="May"/>
  </concept>
  <concept>
    <code value="MAYPARKNGUM"/>
    <display value="Mayparkngum"/>
  </concept>
  <concept>
    <code value="MEUNG"/>
    <display value="Meung"/>
  </concept>
  <concept>
    <code value="MOONLAPAMOK"/>
    <display value="Moonlapamok"/>
  </concept>
  <concept>
    <code value="MORKMAY"/>
    <display value="Morkmay"/>
  </concept>
  <concept>
    <code value="MUANG_ET"/>
    <display value="Muang Et"/>
  </concept>
  <concept>
    <code value="NAKAI"/>
    <display value="Nakai"/>
  </concept>
  <concept>
    <code value="NALAE"/>
    <display value="Nalae"/>
  </concept>
  <concept>
    <code value="NAMBAK"/>
    <display value="Nambak"/>
  </concept>
  <concept>
    <code value="NAMOR"/>
    <display value="Namor"/>
  </concept>
  <concept>
    <code value="NAMTHA"/>
    <display value="Namtha"/>
  </concept>
  <concept>
    <code value="NAN"/>
    <display value="Nan"/>
  </concept>
  <concept>
    <code value="NAXAITHONG"/>
    <display value="Naxaithong"/>
  </concept>
  <concept>
    <code value="NGA"/>
    <display value="Nga"/>
  </concept>
  <concept>
    <code value="NGEUN"/>
    <display value="Ngeun"/>
  </concept>
  <concept>
    <code value="NGOI"/>
    <display value="Ngoi"/>
  </concept>
  <concept>
    <code value="NHOMMALATH"/>
    <display value="Nhommalath"/>
  </concept>
  <concept>
    <code value="NHOT_OU"/>
    <display value="Nhot Ou"/>
  </concept>
  <concept>
    <code value="NONG"/>
    <display value="Nong"/>
  </concept>
  <concept>
    <code value="NONGBOK"/>
    <display value="Nongbok"/>
  </concept>
  <concept>
    <code value="NONGHED"/>
    <display value="Nonghed"/>
  </concept>
  <concept>
    <code value="OUTHOOMPHONE"/>
    <display value="Outhoomphone"/>
  </concept>
  <concept>
    <code value="PAK_XENG"/>
    <display value="Pak Xeng"/>
  </concept>
  <concept>
    <code value="PAKBENG"/>
    <display value="Pakbeng"/>
  </concept>
  <concept>
    <code value="PAKKADING"/>
    <display value="Pakkading"/>
  </concept>
  <concept>
    <code value="PAKSANE"/>
    <display value="Paksane"/>
  </concept>
  <concept>
    <code value="PAKSONG"/>
    <display value="Paksong"/>
  </concept>
  <concept>
    <code value="PAKTHA"/>
    <display value="Paktha"/>
  </concept>
  <concept>
    <code value="PAKXE"/>
    <display value="Pakxe"/>
  </concept>
  <concept>
    <code value="PARK_OU"/>
    <display value="Park Ou"/>
  </concept>
  <concept>
    <code value="PARKLAI"/>
    <display value="Parklai"/>
  </concept>
  <concept>
    <code value="PATHOOMPHONE"/>
    <display value="Pathoomphone"/>
  </concept>
  <concept>
    <code value="PEK"/>
    <display value="Pek"/>
  </concept>
  <concept>
    <code value="PHA_OUDOM"/>
    <display value="Pha Oudom"/>
  </concept>
  <concept>
    <code value="PHAXAY"/>
    <display value="Phaxay"/>
  </concept>
  <concept>
    <code value="PHIANG"/>
    <display value="Phiang"/>
  </concept>
  <concept>
    <code value="PHINE"/>
    <display value="Phine"/>
  </concept>
  <concept>
    <code value="PHONGSALY"/>
    <display value="Phongsaly"/>
  </concept>
  <concept>
    <code value="PHONHONG"/>
    <display value="Phonhong"/>
  </concept>
  <concept>
    <code value="PHONTHONG"/>
    <display value="Phonthong"/>
  </concept>
  <concept>
    <code value="PHONXAY"/>
    <display value="Phonxay"/>
  </concept>
  <concept>
    <code value="PHOOKOOD"/>
    <display value="Phookood"/>
  </concept>
  <concept>
    <code value="PHOUKHOUNE"/>
    <display value="Phoukhoune"/>
  </concept>
  <concept>
    <code value="PHOUVONG"/>
    <display value="Phouvong"/>
  </concept>
  <concept>
    <code value="SAMAKKHIXAY"/>
    <display value="Samakkhixay"/>
  </concept>
  <concept>
    <code value="SAMPHANH"/>
    <display value="Samphanh"/>
  </concept>
  <concept>
    <code value="SAMUOI"/>
    <display value="Samuoi"/>
  </concept>
  <concept>
    <code value="SANAMXAY"/>
    <display value="Sanamxay"/>
  </concept>
  <concept>
    <code value="SANASOMBOON"/>
    <display value="Sanasomboon"/>
  </concept>
  <concept>
    <code value="SANGTHONG"/>
    <display value="Sangthong"/>
  </concept>
  <concept>
    <code value="SANXAY"/>
    <display value="Sanxay"/>
  </concept>
  <concept>
    <code value="SARAVANE"/>
    <display value="Saravane"/>
  </concept>
  <concept>
    <code value="SEPONE"/>
    <display value="Sepone"/>
  </concept>
  <concept>
    <code value="SIKHOTTABONG"/>
    <display value="Sikhottabong"/>
  </concept>
  <concept>
    <code value="SING"/>
    <display value="Sing"/>
  </concept>
  <concept>
    <code value="SISATTANAK"/>
    <display value="Sisattanak"/>
  </concept>
  <concept>
    <code value="SONGKHONE"/>
    <display value="Songkhone"/>
  </concept>
  <concept>
    <code value="SOPBAO"/>
    <display value="Sopbao"/>
  </concept>
  <concept>
    <code value="SUKHUMA"/>
    <display value="Sukhuma"/>
  </concept>
  <concept>
    <code value="TA_OI"/>
    <display value="Ta Oi"/>
  </concept>
  <concept>
    <code value="THAKHEK"/>
    <display value="Thakhek"/>
  </concept>
  <concept>
    <code value="THAPANGTHONG"/>
    <display value="Thapangthong"/>
  </concept>
  <concept>
    <code value="THAPHABATH"/>
    <display value="Thaphabath"/>
  </concept>
  <concept>
    <code value="THAPHALANXAY"/>
    <display value="Thaphalanxay"/>
  </concept>
  <concept>
    <code value="THATENG"/>
    <display value="Thateng"/>
  </concept>
  <concept>
    <code value="THATHOM"/>
    <display value="Thathom"/>
  </concept>
  <concept>
    <code value="THONGMYXAY"/>
    <display value="Thongmyxay"/>
  </concept>
  <concept>
    <code value="THOULAKHOM"/>
    <display value="Thoulakhom"/>
  </concept>
  <concept>
    <code value="TONPHEUNG"/>
    <display value="Tonpheung"/>
  </concept>
  <concept>
    <code value="TOOMLARN"/>
    <display value="Toomlarn"/>
  </concept>
  <concept>
    <code value="VANGVIENG"/>
    <display value="Vangvieng"/>
  </concept>
  <concept>
    <code value="VAPY"/>
    <display value="Vapy"/>
  </concept>
  <concept>
    <code value="VIENGKHAM"/>
    <display value="Viengkham"/>
  </concept>
  <concept>
    <code value="VIENGPHOUKHA"/>
    <display value="Viengphoukha"/>
  </concept>
  <concept>
    <code value="VIENGTHONG"/>
    <display value="Viengthong"/>
  </concept>
  <concept>
    <code value="VIENGXAY"/>
    <display value="Viengxay"/>
  </concept>
  <concept>
    <code value="VILABULY"/>
    <display value="Vilabuly"/>
  </concept>
  <concept>
    <code value="XAMNEUA"/>
    <display value="Xamneua"/>
  </concept>
  <concept>
    <code value="XAMTAY"/>
    <display value="Xamtay"/>
  </concept>
  <concept>
    <code value="XANAKHARM"/>
    <display value="Xanakharm"/>
  </concept>
  <concept>
    <code value="XAY"/>
    <display value="Xay"/>
  </concept>
  <concept>
    <code value="XAYABURY"/>
    <display value="Xayabury"/>
  </concept>
  <concept>
    <code value="XAYBUATHONG"/>
    <display value="Xaybuathong"/>
  </concept>
  <concept>
    <code value="XAYBULY"/>
    <display value="Xaybuly"/>
  </concept>
  <concept>
    <code value="XAYPHOOTHONG"/>
    <display value="Xayphoothong"/>
  </concept>
  <concept>
    <code value="XAYSETHA"/>
    <display value="Xaysetha"/>
  </concept>
  <concept>
    <code value="XAYSOMBOUN"/>
    <display value="Xaysomboun"/>
  </concept>
  <concept>
    <code value="XAYTHANY"/>
    <display value="Xaythany"/>
  </concept>
  <concept>
    <code value="XEBANGFAY"/>
    <display value="Xebangfay"/>
  </concept>
  <concept>
    <code value="XIENG_NGEUN"/>
    <display value="Xieng Ngeun"/>
  </concept>
  <concept>
    <code value="XIENGHONE"/>
    <display value="Xienghone"/>
  </concept>
  <concept>
    <code value="XIENGKHOR"/>
    <display value="Xiengkhor"/>
  </concept>
  <concept>
    <code value="XONBULY"/>
    <display value="Xonbuly"/>
  </concept>
</CodeSystem>