<?xml version="1.0" encoding="UTF-8"?><CodeSystem xmlns="http://hl7.org/fhir"><id value="locality-source-cs"/><text><status value="generated"/><div xmlns="http://www.w3.org/1999/xhtml"><p>This  code system <code>https://dhis2.org/fhir/CodeSystem/locality-source-cs</code> defines the following codes:</p><table class="codes"><tr><td style="white-space:nowrap"><b>Code</b></td><td><b>Display</b></td></tr><tr><td style="white-space:nowrap">ALEXANDRIA_DIGITAL_LIBRARY<a name="locality-source-cs-ALEXANDRIA_DIGITAL_LIBRARY"> </a></td><td>Alexandria Digital Library</td></tr><tr><td style="white-space:nowrap">ASTODIENST_PROGRAM<a name="locality-source-cs-ASTODIENST_PROGRAM"> </a></td><td>Astodienst program</td></tr><tr><td style="white-space:nowrap">CDROM_WHO_UNICEF<a name="locality-source-cs-CDROM_WHO_UNICEF"> </a></td><td>CDrom WHO/UNICEF</td></tr><tr><td style="white-space:nowrap">COLLINS_MAPS<a name="locality-source-cs-COLLINS_MAPS"> </a></td><td>Collins Maps</td></tr><tr><td style="white-space:nowrap">ENCYCLOPEDIA<a name="locality-source-cs-ENCYCLOPEDIA"> </a></td><td>Encyclopedia</td></tr><tr><td style="white-space:nowrap">ESRI_WEB_SITE<a name="locality-source-cs-ESRI_WEB_SITE"> </a></td><td>ESRI Web Site</td></tr><tr><td style="white-space:nowrap">FAO_FIELD_OFFICER<a name="locality-source-cs-FAO_FIELD_OFFICER"> </a></td><td>FAO field officer</td></tr><tr><td style="white-space:nowrap">FAO_OFFICER<a name="locality-source-cs-FAO_OFFICER"> </a></td><td>FAO Officer</td></tr><tr><td style="white-space:nowrap">GAUL_2007<a name="locality-source-cs-GAUL_2007"> </a></td><td>GAUL 2007</td></tr><tr><td style="white-space:nowrap">GEONAMES<a name="locality-source-cs-GEONAMES"> </a></td><td>Geonames</td></tr><tr><td style="white-space:nowrap">GLOBAL_GAZETTEER_VERSION_2<a name="locality-source-cs-GLOBAL_GAZETTEER_VERSION_2"> </a></td><td>Global Gazetteer Version 2</td></tr><tr><td style="white-space:nowrap">GOOGLE_EARTH<a name="locality-source-cs-GOOGLE_EARTH"> </a></td><td>Google Earth</td></tr><tr><td style="white-space:nowrap">GPS<a name="locality-source-cs-GPS"> </a></td><td>GPS</td></tr><tr><td style="white-space:nowrap">MAP<a name="locality-source-cs-MAP"> </a></td><td>Map</td></tr><tr><td style="white-space:nowrap">MAPLANDIA_COM<a name="locality-source-cs-MAPLANDIA_COM"> </a></td><td>maplandia.com</td></tr><tr><td style="white-space:nowrap">NATIONAL_GOVERNMENT<a name="locality-source-cs-NATIONAL_GOVERNMENT"> </a></td><td>National Government</td></tr><tr><td style="white-space:nowrap">NIMA<a name="locality-source-cs-NIMA"> </a></td><td>NIMA</td></tr><tr><td style="white-space:nowrap">OIE<a name="locality-source-cs-OIE"> </a></td><td>OIE</td></tr><tr><td style="white-space:nowrap">OTHER<a name="locality-source-cs-OTHER"> </a></td><td>Other</td></tr><tr><td style="white-space:nowrap">TIMES_ATLAS_OF_THE_WORLD<a name="locality-source-cs-TIMES_ATLAS_OF_THE_WORLD"> </a></td><td>Times Atlas of the World</td></tr><tr><td style="white-space:nowrap">WIKIPEDIA<a name="locality-source-cs-WIKIPEDIA"> </a></td><td>Wikipedia</td></tr></table></div></text><url value="https://dhis2.org/fhir/CodeSystem/locality-source-cs"/><version value="0.1.0"/><name value="LocalitySourceCS"/><title value="Locality Source Code System"/><status value="draft"/><date value="2024-04-11T10:34:35+00:00"/><publisher value="DHIS2"/><contact><name value="DHIS2"/><telecom><system value="url"/><value value="https://dhis2.org"/></telecom><telecom><system value="email"/><value value="johan.hole@dhis2.org"/></telecom></contact><description value="Code system for sources of locality information."/><content value="complete"/><count value="21"/><concept><code value="ALEXANDRIA_DIGITAL_LIBRARY"/><display value="Alexandria Digital Library"/></concept><concept><code value="ASTODIENST_PROGRAM"/><display value="Astodienst program"/></concept><concept><code value="CDROM_WHO_UNICEF"/><display value="CDrom WHO/UNICEF"/></concept><concept><code value="COLLINS_MAPS"/><display value="Collins Maps"/></concept><concept><code value="ENCYCLOPEDIA"/><display value="Encyclopedia"/></concept><concept><code value="ESRI_WEB_SITE"/><display value="ESRI Web Site"/></concept><concept><code value="FAO_FIELD_OFFICER"/><display value="FAO field officer"/></concept><concept><code value="FAO_OFFICER"/><display value="FAO Officer"/></concept><concept><code value="GAUL_2007"/><display value="GAUL 2007"/></concept><concept><code value="GEONAMES"/><display value="Geonames"/></concept><concept><code value="GLOBAL_GAZETTEER_VERSION_2"/><display value="Global Gazetteer Version 2"/></concept><concept><code value="GOOGLE_EARTH"/><display value="Google Earth"/></concept><concept><code value="GPS"/><display value="GPS"/></concept><concept><code value="MAP"/><display value="Map"/></concept><concept><code value="MAPLANDIA_COM"/><display value="maplandia.com"/></concept><concept><code value="NATIONAL_GOVERNMENT"/><display value="National Government"/></concept><concept><code value="NIMA"/><display value="NIMA"/></concept><concept><code value="OIE"/><display value="OIE"/></concept><concept><code value="OTHER"/><display value="Other"/></concept><concept><code value="TIMES_ATLAS_OF_THE_WORLD"/><display value="Times Atlas of the World"/></concept><concept><code value="WIKIPEDIA"/><display value="Wikipedia"/></concept></CodeSystem>