<?xml version="1.0" encoding="UTF-8"?><CodeSystem xmlns="http://hl7.org/fhir"><id value="infection-source-cs"/><text><status value="generated"/><div xmlns="http://www.w3.org/1999/xhtml"><p>This  code system <code>https://dhis2.org/fhir/CodeSystem/infection-source-cs</code> defines the following codes:</p><table class="codes"><tr><td style="white-space:nowrap"><b>Code</b></td><td><b>Display</b></td></tr><tr><td style="white-space:nowrap">AETHINA_TUMIDA_PRESENTE_BORDERING_STATES_OF_USA<a name="infection-source-cs-AETHINA_TUMIDA_PRESENTE_BORDERING_STATES_OF_USA"> </a></td><td>Aethina tumida is present in some bordering states of the United States of America.</td></tr><tr><td style="white-space:nowrap">AFTER_EATING_UNDERCOOKED_INFECTED_PORK_BLOOD_PASTE<a name="infection-source-cs-AFTER_EATING_UNDERCOOKED_INFECTED_PORK_BLOOD_PASTE"> </a></td><td>After eating undercooked infected pork, blood paste</td></tr><tr><td style="white-space:nowrap">AFTER_HANDLING_THE_CARCASS_OF_A_SICK_COW<a name="infection-source-cs-AFTER_HANDLING_THE_CARCASS_OF_A_SICK_COW"> </a></td><td>After handling the carcass of a sick cow</td></tr><tr><td style="white-space:nowrap">AIRBORNE_SPREAD<a name="infection-source-cs-AIRBORNE_SPREAD"> </a></td><td>Airborne spread</td></tr><tr><td style="white-space:nowrap">ANIMAL/DOG_BITE<a name="infection-source-cs-ANIMAL.47DOG_BITE"> </a></td><td>Animal/dog bite</td></tr><tr><td style="white-space:nowrap">ANIMALS_IN_AN_AREA_OF_ANTHRAXINFECTED_FIELDS<a name="infection-source-cs-ANIMALS_IN_AN_AREA_OF_ANTHRAXINFECTED_FIELDS"> </a></td><td>Animals in an area of anthrax-infected fields</td></tr><tr><td style="white-space:nowrap">ANIMALS_INFECTED_AT_QUARANTINE<a name="infection-source-cs-ANIMALS_INFECTED_AT_QUARANTINE"> </a></td><td>Animals infected at quarantine</td></tr><tr><td style="white-space:nowrap">ANIMALS_IN_TRANSIT<a name="infection-source-cs-ANIMALS_IN_TRANSIT"> </a></td><td>Animals in transit</td></tr><tr><td style="white-space:nowrap">CIRCULATION_OF_THE_VIRUS_IN_THE_WILD_ANIMAL<a name="infection-source-cs-CIRCULATION_OF_THE_VIRUS_IN_THE_WILD_ANIMAL"> </a></td><td>Circulation of the virus in the Wild animal</td></tr><tr><td style="white-space:nowrap">CONTACT_AFTER_EATING_INFECTED_CARCASSES<a name="infection-source-cs-CONTACT_AFTER_EATING_INFECTED_CARCASSES"> </a></td><td>Contact after eating infected carcasses</td></tr><tr><td style="white-space:nowrap">CONTACT_WITH_AFFECTED_ANIMALS<a name="infection-source-cs-CONTACT_WITH_AFFECTED_ANIMALS"> </a></td><td>Contact with affected animals</td></tr><tr><td style="white-space:nowrap">CONTACT_WITH_ANIMALS_AND_PIGS<a name="infection-source-cs-CONTACT_WITH_ANIMALS_AND_PIGS"> </a></td><td>Contact with animals and pigs</td></tr><tr><td style="white-space:nowrap">CONTACT_WITH_ANIMALS_AT_MARKET/SLAUGHTERHOUSES<a name="infection-source-cs-CONTACT_WITH_ANIMALS_AT_MARKET.47SLAUGHTERHOUSES"> </a></td><td>Contact with animals at market/slaughterhouses</td></tr><tr><td style="white-space:nowrap">CONTACT_WITH_ASYMPTOMATIC_ANIMALS<a name="infection-source-cs-CONTACT_WITH_ASYMPTOMATIC_ANIMALS"> </a></td><td>Contact with asymptomatic animals</td></tr><tr><td style="white-space:nowrap">CONTACT_WITH_BACKYARD_POULTRY<a name="infection-source-cs-CONTACT_WITH_BACKYARD_POULTRY"> </a></td><td>Contact with backyard poultry</td></tr><tr><td style="white-space:nowrap">CONTACT_WITH_CHICKEN_EGGS<a name="infection-source-cs-CONTACT_WITH_CHICKEN_EGGS"> </a></td><td>Contact with chicken eggs</td></tr><tr><td style="white-space:nowrap">CONTACT_CONT_FARMING_EQUIP_VEHICLES_CLOTHING_FEED<a name="infection-source-cs-CONTACT_CONT_FARMING_EQUIP_VEHICLES_CLOTHING_FEED"> </a></td><td>Contact with contaminated farming equipment, vehicles, clothing, or feed</td></tr><tr><td style="white-space:nowrap">CONTACT_WITH_DEAD_BACKYARD_POULTRY<a name="infection-source-cs-CONTACT_WITH_DEAD_BACKYARD_POULTRY"> </a></td><td>Contact with dead backyard poultry</td></tr><tr><td style="white-space:nowrap">CONTACT_WITH_DEAD_POULTRY<a name="infection-source-cs-CONTACT_WITH_DEAD_POULTRY"> </a></td><td>Contact with dead poultry</td></tr><tr><td style="white-space:nowrap">CONTACT_WITH_HUMANS<a name="infection-source-cs-CONTACT_WITH_HUMANS"> </a></td><td>Contact with humans</td></tr><tr><td style="white-space:nowrap">CONTACT_WITH_INFECTED_ANIMAL_AT_GRAZING/WATERING<a name="infection-source-cs-CONTACT_WITH_INFECTED_ANIMAL_AT_GRAZING.47WATERING"> </a></td><td>Contact with infected animal at grazing/watering</td></tr><tr><td style="white-space:nowrap">CONTACT_WITH_INFECTED_ANIMALS<a name="infection-source-cs-CONTACT_WITH_INFECTED_ANIMALS"> </a></td><td>Contact with infected animals</td></tr><tr><td style="white-space:nowrap">CONTACT_WITH_INFECTED_AREA<a name="infection-source-cs-CONTACT_WITH_INFECTED_AREA"> </a></td><td>Contact with infected area</td></tr><tr><td style="white-space:nowrap">CONTACT_WITH_INFECTED_NEIGHBOURING_ESTABLISHMENT<a name="infection-source-cs-CONTACT_WITH_INFECTED_NEIGHBOURING_ESTABLISHMENT"> </a></td><td>Contact with infected neighbouring establishment</td></tr><tr><td style="white-space:nowrap">CONTACT_WITH_LIVE_POULTRY_IN_A_MARKET<a name="infection-source-cs-CONTACT_WITH_LIVE_POULTRY_IN_A_MARKET"> </a></td><td>Contact with live poultry in a market</td></tr><tr><td style="white-space:nowrap">CONTACT_WITH_POULTRY<a name="infection-source-cs-CONTACT_WITH_POULTRY"> </a></td><td>Contact with poultry</td></tr><tr><td style="white-space:nowrap">CONTACT_WITH_POULTRY_PRODUCTION<a name="infection-source-cs-CONTACT_WITH_POULTRY_PRODUCTION"> </a></td><td>Contact with poultry production</td></tr><tr><td style="white-space:nowrap">CONTACT_WITH_POULTRY_RAISED_IN_THE_NEIGHBOURHOOD<a name="infection-source-cs-CONTACT_WITH_POULTRY_RAISED_IN_THE_NEIGHBOURHOOD"> </a></td><td>Contact with poultry raised in the neighbourhood.</td></tr><tr><td style="white-space:nowrap">CONTACT_WITH_QUAILS'_EGGS<a name="infection-source-cs-CONTACT_WITH_QUAILS.39_EGGS"> </a></td><td>Contact with quails' eggs</td></tr><tr><td style="white-space:nowrap">CONTACT_WITH_SICK_AND_DEAD_POULTRY<a name="infection-source-cs-CONTACT_WITH_SICK_AND_DEAD_POULTRY"> </a></td><td>Contact with sick and dead poultry</td></tr><tr><td style="white-space:nowrap">CONTACT_WITH_SICK_AND/OR_DEAD_POULTRY<a name="infection-source-cs-CONTACT_WITH_SICK_AND.47OR_DEAD_POULTRY"> </a></td><td>Contact with sick and/or dead poultry</td></tr><tr><td style="white-space:nowrap">CONTACT_WITH_SICK_ANIMALS<a name="infection-source-cs-CONTACT_WITH_SICK_ANIMALS"> </a></td><td>Contact with sick animals</td></tr><tr><td style="white-space:nowrap">CONTACT_WITH_SICK_OR_DEAD_ANIMALS<a name="infection-source-cs-CONTACT_WITH_SICK_OR_DEAD_ANIMALS"> </a></td><td>Contact with sick or dead animals</td></tr><tr><td style="white-space:nowrap">CONTACT_WITH_SICK_POULTRY<a name="infection-source-cs-CONTACT_WITH_SICK_POULTRY"> </a></td><td>Contact with sick poultry</td></tr><tr><td style="white-space:nowrap">CONTACT_WITH_SICK_OR_DEAD_POULTRY<a name="infection-source-cs-CONTACT_WITH_SICK_OR_DEAD_POULTRY"> </a></td><td>Contact with sick or dead poultry</td></tr><tr><td style="white-space:nowrap">CONTACT_WITH_SPORES_IN_THE_SOIL<a name="infection-source-cs-CONTACT_WITH_SPORES_IN_THE_SOIL"> </a></td><td>Contact with spores in the soil</td></tr><tr><td style="white-space:nowrap">CONTACT_WITH_WILD_BIRDS<a name="infection-source-cs-CONTACT_WITH_WILD_BIRDS"> </a></td><td>Contact with wild birds</td></tr><tr><td style="white-space:nowrap">CONTACT_WITH_WILDLIFE<a name="infection-source-cs-CONTACT_WITH_WILDLIFE"> </a></td><td>Contact with wildlife</td></tr><tr><td style="white-space:nowrap">CONTACT_WITH_WILD_SPECIES<a name="infection-source-cs-CONTACT_WITH_WILD_SPECIES"> </a></td><td>Contact with wild species</td></tr><tr><td style="white-space:nowrap">CONTAMINATED_ANIMAL_PRODUCTS<a name="infection-source-cs-CONTAMINATED_ANIMAL_PRODUCTS"> </a></td><td>Contaminated animal products</td></tr><tr><td style="white-space:nowrap">CONTAMINATED_MANURE<a name="infection-source-cs-CONTAMINATED_MANURE"> </a></td><td>Contaminated manure</td></tr><tr><td style="white-space:nowrap">DIRECT_CONTACT_SECRETIONS_DISEASED_PIGS<a name="infection-source-cs-DIRECT_CONTACT_SECRETIONS_DISEASED_PIGS"> </a></td><td>Direct contact with secretions from diseased pigs via open wounds or respiratory tracts</td></tr><tr><td style="white-space:nowrap">DIRECT_OR_INDIRECT_EXPOSURE_TO_SWINE<a name="infection-source-cs-DIRECT_OR_INDIRECT_EXPOSURE_TO_SWINE"> </a></td><td>Direct or indirect exposure to swine</td></tr><tr><td style="white-space:nowrap">DROPPING_FOR_FIENTE<a name="infection-source-cs-DROPPING_FOR_FIENTE"> </a></td><td>Dropping for fiente</td></tr><tr><td style="white-space:nowrap">ENVIRONMENTAL_CONTAMINATION<a name="infection-source-cs-ENVIRONMENTAL_CONTAMINATION"> </a></td><td>Environmental contamination</td></tr><tr><td style="white-space:nowrap">EXPOSED_TO_SWINE_ON_THE_JOB<a name="infection-source-cs-EXPOSED_TO_SWINE_ON_THE_JOB"> </a></td><td>Exposed to swine on the job</td></tr><tr><td style="white-space:nowrap">EXPOSURE_TO_A_POTENTIALLY_CONTAMINATED_ENVIRONMENT<a name="infection-source-cs-EXPOSURE_TO_A_POTENTIALLY_CONTAMINATED_ENVIRONMENT"> </a></td><td>Exposure  to a potentially contaminated environment</td></tr><tr><td style="white-space:nowrap">FALSE_VERTICAL_SPREAD_CONTAMINATED_EGGS_GAMETES<a name="infection-source-cs-FALSE_VERTICAL_SPREAD_CONTAMINATED_EGGS_GAMETES"> </a></td><td>False vertical spread (though contaminated eggs or gametes)</td></tr><tr><td style="white-space:nowrap">FEEDING_RAW_AQUATIC_ANIMAL_PRODUCT<a name="infection-source-cs-FEEDING_RAW_AQUATIC_ANIMAL_PRODUCT"> </a></td><td>Feeding raw aquatic animal product</td></tr><tr><td style="white-space:nowrap">FLOODING_ASSOCIATED_WITH_MOSQUITO_MULTIPLICATION<a name="infection-source-cs-FLOODING_ASSOCIATED_WITH_MOSQUITO_MULTIPLICATION"> </a></td><td>Flooding associated with mosquito multiplication</td></tr><tr><td style="white-space:nowrap">FOMITES_HUMANS_VEHICLES_FEED_ETC<a name="infection-source-cs-FOMITES_HUMANS_VEHICLES_FEED_ETC"> </a></td><td>Fomites (humans, vehicles, feed, etc.)</td></tr><tr><td style="white-space:nowrap">FOOD_LEFTOVERS<a name="infection-source-cs-FOOD_LEFTOVERS"> </a></td><td>Food leftovers</td></tr><tr><td style="white-space:nowrap">HEMATOPHAGOUS_BATS<a name="infection-source-cs-HEMATOPHAGOUS_BATS"> </a></td><td>Hematophagous bats</td></tr><tr><td style="white-space:nowrap">HORIZONTAL_SPREAD_THROUGH_WATER<a name="infection-source-cs-HORIZONTAL_SPREAD_THROUGH_WATER"> </a></td><td>Horizontal spread through water</td></tr><tr><td style="white-space:nowrap">ILLEGAL_MOVEMENT_OF_ANIMALS<a name="infection-source-cs-ILLEGAL_MOVEMENT_OF_ANIMALS"> </a></td><td>Illegal movement of animals</td></tr><tr><td style="white-space:nowrap">IMPORTED_STALLION<a name="infection-source-cs-IMPORTED_STALLION"> </a></td><td>Imported stallion</td></tr><tr><td style="white-space:nowrap">IMPORT_OF_LIVE_ANIMALS<a name="infection-source-cs-IMPORT_OF_LIVE_ANIMALS"> </a></td><td>Import of live animals</td></tr><tr><td style="white-space:nowrap">IMPORT_SEMEN_INF_PORCINE_REPR_RESP_SYNDROME_VIRUS<a name="infection-source-cs-IMPORT_SEMEN_INF_PORCINE_REPR_RESP_SYNDROME_VIRUS"> </a></td><td>Import of semen infected with Porcine reproductive and respiratory syndrome virus</td></tr><tr><td style="white-space:nowrap">INFORMAL_MOVEMENT_OF_ANIMALS<a name="infection-source-cs-INFORMAL_MOVEMENT_OF_ANIMALS"> </a></td><td>Informal movement of animals</td></tr><tr><td style="white-space:nowrap">INTRODUCTION_OF_NEW_LIVE_ANIMALS<a name="infection-source-cs-INTRODUCTION_OF_NEW_LIVE_ANIMALS"> </a></td><td>Introduction of new live animals</td></tr><tr><td style="white-space:nowrap">INTRODUCTION_OF_NEW_NONVIABLE_ANIMAL_PRODUCTS<a name="infection-source-cs-INTRODUCTION_OF_NEW_NONVIABLE_ANIMAL_PRODUCTS"> </a></td><td>Introduction of new non-viable animal products</td></tr><tr><td style="white-space:nowrap">INVOLVED_SLAUGHTER_CONSUMPTION_OF_SICK_POULTRY<a name="infection-source-cs-INVOLVED_SLAUGHTER_CONSUMPTION_OF_SICK_POULTRY"> </a></td><td>Involved in the slaughter and consumption of sick poultry.</td></tr><tr><td style="white-space:nowrap">INVOLVED_WITH_SLAUGHTERING_AND_PROCESSING_THE_MEAT<a name="infection-source-cs-INVOLVED_WITH_SLAUGHTERING_AND_PROCESSING_THE_MEAT"> </a></td><td>Involved with slaughtering and processing the meat</td></tr><tr><td style="white-space:nowrap">LABORATORY_ESCAPE<a name="infection-source-cs-LABORATORY_ESCAPE"> </a></td><td>Laboratory escape</td></tr><tr><td style="white-space:nowrap">LEGAL_MOVEMENT_OF_ANIMALS<a name="infection-source-cs-LEGAL_MOVEMENT_OF_ANIMALS"> </a></td><td>Legal movement of animals</td></tr><tr><td style="white-space:nowrap">LIVESTOCK_MARKET<a name="infection-source-cs-LIVESTOCK_MARKET"> </a></td><td>Livestock  Market</td></tr><tr><td style="white-space:nowrap">MANAGEMENT_PRACTICES<a name="infection-source-cs-MANAGEMENT_PRACTICES"> </a></td><td>Management practices</td></tr><tr><td style="white-space:nowrap">MAY_BE_DUE_TO_MIGRATORY_BIRDS'_DROPPINGS<a name="infection-source-cs-MAY_BE_DUE_TO_MIGRATORY_BIRDS.39_DROPPINGS"> </a></td><td>May be due to migratory birds' droppings.</td></tr><tr><td style="white-space:nowrap">MIGRATION_OF_WILD_BIRDS<a name="infection-source-cs-MIGRATION_OF_WILD_BIRDS"> </a></td><td>Migration of wild birds</td></tr><tr><td style="white-space:nowrap">MOST_LIKELY_CONTACT_WITH_PEOPLE<a name="infection-source-cs-MOST_LIKELY_CONTACT_WITH_PEOPLE"> </a></td><td>Most likely, contact with people</td></tr><tr><td style="white-space:nowrap">OTHER<a name="infection-source-cs-OTHER"> </a></td><td>Other</td></tr><tr><td style="white-space:nowrap">POSSIBLE_CONTACT_WITH_WILD_BIRDS<a name="infection-source-cs-POSSIBLE_CONTACT_WITH_WILD_BIRDS"> </a></td><td>Possible contact with wild birds</td></tr><tr><td style="white-space:nowrap">POTENTIAL_CONTACT_WITH_WILDLIFE<a name="infection-source-cs-POTENTIAL_CONTACT_WITH_WILDLIFE"> </a></td><td>Potential contact with wildlife</td></tr><tr><td style="white-space:nowrap">PRESUMED_TO_BE_THE_PASTURE<a name="infection-source-cs-PRESUMED_TO_BE_THE_PASTURE"> </a></td><td>Presumed to be the pasture</td></tr><tr><td style="white-space:nowrap">PROBABLY_FORMER_BURIAL_OF_ANIMALS<a name="infection-source-cs-PROBABLY_FORMER_BURIAL_OF_ANIMALS"> </a></td><td>Probably former burial of animals</td></tr><tr><td style="white-space:nowrap">PROBABLY_HUNTED_WILD_DUCKS_AND_GEESE<a name="infection-source-cs-PROBABLY_HUNTED_WILD_DUCKS_AND_GEESE"> </a></td><td>Probably, hunted wild ducks and geese</td></tr><tr><td style="white-space:nowrap">PROCESSING_SLAUGHTERING<a name="infection-source-cs-PROCESSING_SLAUGHTERING"> </a></td><td>Processing slaughtering</td></tr><tr><td style="white-space:nowrap">RABIES_RELATED_TO_HEMATOPHAGOUS_BATS<a name="infection-source-cs-RABIES_RELATED_TO_HEMATOPHAGOUS_BATS"> </a></td><td>Rabies related to hematophagous bats</td></tr><tr><td style="white-space:nowrap">RANDOM_MUTATION<a name="infection-source-cs-RANDOM_MUTATION"> </a></td><td>Random mutation</td></tr><tr><td style="white-space:nowrap">REFUGEES<a name="infection-source-cs-REFUGEES"> </a></td><td>Refugees</td></tr><tr><td style="white-space:nowrap">SEASONAL_MIGRATION_OF_WILD_BIRDS_SWANS<a name="infection-source-cs-SEASONAL_MIGRATION_OF_WILD_BIRDS_SWANS"> </a></td><td>Seasonal migration of wild birds - swans</td></tr><tr><td style="white-space:nowrap">SELLING_INFECTED_BEEF_IN_THE_CAPITAL<a name="infection-source-cs-SELLING_INFECTED_BEEF_IN_THE_CAPITAL"> </a></td><td>Selling infected beef in the largest market in the capital.</td></tr><tr><td style="white-space:nowrap">SEMEN<a name="infection-source-cs-SEMEN"> </a></td><td>Semen</td></tr><tr><td style="white-space:nowrap">SLAUGHTER_AND_EAT_CHICKENS<a name="infection-source-cs-SLAUGHTER_AND_EAT_CHICKENS"> </a></td><td>Slaughter and eat chickens</td></tr><tr><td style="white-space:nowrap">SLAUGHTERING<a name="infection-source-cs-SLAUGHTERING"> </a></td><td>Slaughtering</td></tr><tr><td style="white-space:nowrap">SOILBORNE_INFECTION<a name="infection-source-cs-SOILBORNE_INFECTION"> </a></td><td>Soil-borne infection</td></tr><tr><td style="white-space:nowrap">SPONTANEOUS_MUTATION<a name="infection-source-cs-SPONTANEOUS_MUTATION"> </a></td><td>Spontaneous mutation</td></tr><tr><td style="white-space:nowrap">SPREAD_INFECTED_ANIMALS_THROUGH_AEROSOLS_CONTACT<a name="infection-source-cs-SPREAD_INFECTED_ANIMALS_THROUGH_AEROSOLS_CONTACT"> </a></td><td>Spread by infected animals through aerosols, contact with contaminated farming equipment</td></tr><tr><td style="white-space:nowrap">SWILL_FEEDING<a name="infection-source-cs-SWILL_FEEDING"> </a></td><td>Swill feeding</td></tr><tr><td style="white-space:nowrap">TEST_INFECTION_SOURCE<a name="infection-source-cs-TEST_INFECTION_SOURCE"> </a></td><td>Test infection source</td></tr><tr><td style="white-space:nowrap">THE_BITES_OF_THE_CULEX_FEMALE_MOSQUITOES<a name="infection-source-cs-THE_BITES_OF_THE_CULEX_FEMALE_MOSQUITOES"> </a></td><td>The bites of the culex female mosquitoes</td></tr><tr><td style="white-space:nowrap">SUDDEN_POULTRY_DIEOFFS_IN_HIS_NEIGHBOURHOOD<a name="infection-source-cs-SUDDEN_POULTRY_DIEOFFS_IN_HIS_NEIGHBOURHOOD"> </a></td><td>There were sudden poultry die-offs in his neighbourhood</td></tr><tr><td style="white-space:nowrap">STRAW_COLLECTED_DEAD_WILD_BOAR<a name="infection-source-cs-STRAW_COLLECTED_DEAD_WILD_BOAR"> </a></td><td>The straw collected on a field were a dead wild boar has been previously found.</td></tr><tr><td style="white-space:nowrap">VIRUS_CIRCULATION_WILD_BIRDS_POPULATION_SUSPECTED<a name="infection-source-cs-VIRUS_CIRCULATION_WILD_BIRDS_POPULATION_SUSPECTED"> </a></td><td>The virus circulation into the wild birds population is suspected.</td></tr><tr><td style="white-space:nowrap">TO_HAVE_TAKEN_PART_IN_KILLING_A_SICK_COW<a name="infection-source-cs-TO_HAVE_TAKEN_PART_IN_KILLING_A_SICK_COW"> </a></td><td>To have taken part in killing a sick cow.</td></tr><tr><td style="white-space:nowrap">TRANSBOUNDARY_MIGRATION_OF_WILD_BOARS<a name="infection-source-cs-TRANSBOUNDARY_MIGRATION_OF_WILD_BOARS"> </a></td><td>Transboundary migration of wild boars</td></tr><tr><td style="white-space:nowrap">TRANSBOUNDARY_SPREAD<a name="infection-source-cs-TRANSBOUNDARY_SPREAD"> </a></td><td>Transboundary spread</td></tr><tr><td style="white-space:nowrap">TRANSHUMANT_ANIMAL<a name="infection-source-cs-TRANSHUMANT_ANIMAL"> </a></td><td>Transhumant animal</td></tr><tr><td style="white-space:nowrap">TRANSMISSION_FROM_HUMANS<a name="infection-source-cs-TRANSMISSION_FROM_HUMANS"> </a></td><td>Transmission from humans</td></tr><tr><td style="white-space:nowrap">VERTICAL_SPREAD_THROUGH_INFECTED_EGGS_OR_GAMETES<a name="infection-source-cs-VERTICAL_SPREAD_THROUGH_INFECTED_EGGS_OR_GAMETES"> </a></td><td>True vertical spread (through infected eggs or gametes)</td></tr><tr><td style="white-space:nowrap">UNDER_INVESTIGATION<a name="infection-source-cs-UNDER_INVESTIGATION"> </a></td><td>Under investigation</td></tr><tr><td style="white-space:nowrap">UNKNOWN_OR_INCONCLUSIVE<a name="infection-source-cs-UNKNOWN_OR_INCONCLUSIVE"> </a></td><td>Unknown or inconclusive</td></tr><tr><td style="white-space:nowrap">VAMPIRE_BATS<a name="infection-source-cs-VAMPIRE_BATS"> </a></td><td>Vampire bats</td></tr><tr><td style="white-space:nowrap">VECTORS<a name="infection-source-cs-VECTORS"> </a></td><td>Vectors</td></tr><tr><td style="white-space:nowrap">WILD_STRAINS_OF_BRUCELLA_MELITENSIS<a name="infection-source-cs-WILD_STRAINS_OF_BRUCELLA_MELITENSIS"> </a></td><td>Wild strains of Brucella Melitensis</td></tr></table></div></text><url value="https://dhis2.org/fhir/CodeSystem/infection-source-cs"/><version value="0.1.0"/><name value="InfectionSourceCS"/><title value="Infection Source Code System"/><status value="draft"/><date value="2024-04-16T18:12:52+00:00"/><publisher value="DHIS2"/><contact><name value="DHIS2"/><telecom><system value="url"/><value value="https://dhis2.org"/></telecom><telecom><system value="email"/><value value="johan.hole@dhis2.org"/></telecom></contact><description value="Code system for infection source."/><content value="complete"/><count value="105"/><concept><code value="AETHINA_TUMIDA_PRESENTE_BORDERING_STATES_OF_USA"/><display value="Aethina tumida is present in some bordering states of the United States of America."/></concept><concept><code value="AFTER_EATING_UNDERCOOKED_INFECTED_PORK_BLOOD_PASTE"/><display value="After eating undercooked infected pork, blood paste"/></concept><concept><code value="AFTER_HANDLING_THE_CARCASS_OF_A_SICK_COW"/><display value="After handling the carcass of a sick cow"/></concept><concept><code value="AIRBORNE_SPREAD"/><display value="Airborne spread"/></concept><concept><code value="ANIMAL/DOG_BITE"/><display value="Animal/dog bite"/></concept><concept><code value="ANIMALS_IN_AN_AREA_OF_ANTHRAXINFECTED_FIELDS"/><display value="Animals in an area of anthrax-infected fields"/></concept><concept><code value="ANIMALS_INFECTED_AT_QUARANTINE"/><display value="Animals infected at quarantine"/></concept><concept><code value="ANIMALS_IN_TRANSIT"/><display value="Animals in transit"/></concept><concept><code value="CIRCULATION_OF_THE_VIRUS_IN_THE_WILD_ANIMAL"/><display value="Circulation of the virus in the Wild animal"/></concept><concept><code value="CONTACT_AFTER_EATING_INFECTED_CARCASSES"/><display value="Contact after eating infected carcasses"/></concept><concept><code value="CONTACT_WITH_AFFECTED_ANIMALS"/><display value="Contact with affected animals"/></concept><concept><code value="CONTACT_WITH_ANIMALS_AND_PIGS"/><display value="Contact with animals and pigs"/></concept><concept><code value="CONTACT_WITH_ANIMALS_AT_MARKET/SLAUGHTERHOUSES"/><display value="Contact with animals at market/slaughterhouses"/></concept><concept><code value="CONTACT_WITH_ASYMPTOMATIC_ANIMALS"/><display value="Contact with asymptomatic animals"/></concept><concept><code value="CONTACT_WITH_BACKYARD_POULTRY"/><display value="Contact with backyard poultry"/></concept><concept><code value="CONTACT_WITH_CHICKEN_EGGS"/><display value="Contact with chicken eggs"/></concept><concept><code value="CONTACT_CONT_FARMING_EQUIP_VEHICLES_CLOTHING_FEED"/><display value="Contact with contaminated farming equipment, vehicles, clothing, or feed"/></concept><concept><code value="CONTACT_WITH_DEAD_BACKYARD_POULTRY"/><display value="Contact with dead backyard poultry"/></concept><concept><code value="CONTACT_WITH_DEAD_POULTRY"/><display value="Contact with dead poultry"/></concept><concept><code value="CONTACT_WITH_HUMANS"/><display value="Contact with humans"/></concept><concept><code value="CONTACT_WITH_INFECTED_ANIMAL_AT_GRAZING/WATERING"/><display value="Contact with infected animal at grazing/watering"/></concept><concept><code value="CONTACT_WITH_INFECTED_ANIMALS"/><display value="Contact with infected animals"/></concept><concept><code value="CONTACT_WITH_INFECTED_AREA"/><display value="Contact with infected area"/></concept><concept><code value="CONTACT_WITH_INFECTED_NEIGHBOURING_ESTABLISHMENT"/><display value="Contact with infected neighbouring establishment"/></concept><concept><code value="CONTACT_WITH_LIVE_POULTRY_IN_A_MARKET"/><display value="Contact with live poultry in a market"/></concept><concept><code value="CONTACT_WITH_POULTRY"/><display value="Contact with poultry"/></concept><concept><code value="CONTACT_WITH_POULTRY_PRODUCTION"/><display value="Contact with poultry production"/></concept><concept><code value="CONTACT_WITH_POULTRY_RAISED_IN_THE_NEIGHBOURHOOD"/><display value="Contact with poultry raised in the neighbourhood."/></concept><concept><code value="CONTACT_WITH_QUAILS'_EGGS"/><display value="Contact with quails' eggs"/></concept><concept><code value="CONTACT_WITH_SICK_AND_DEAD_POULTRY"/><display value="Contact with sick and dead poultry"/></concept><concept><code value="CONTACT_WITH_SICK_AND/OR_DEAD_POULTRY"/><display value="Contact with sick and/or dead poultry"/></concept><concept><code value="CONTACT_WITH_SICK_ANIMALS"/><display value="Contact with sick animals"/></concept><concept><code value="CONTACT_WITH_SICK_OR_DEAD_ANIMALS"/><display value="Contact with sick or dead animals"/></concept><concept><code value="CONTACT_WITH_SICK_POULTRY"/><display value="Contact with sick poultry"/></concept><concept><code value="CONTACT_WITH_SICK_OR_DEAD_POULTRY"/><display value="Contact with sick or dead poultry"/></concept><concept><code value="CONTACT_WITH_SPORES_IN_THE_SOIL"/><display value="Contact with spores in the soil"/></concept><concept><code value="CONTACT_WITH_WILD_BIRDS"/><display value="Contact with wild birds"/></concept><concept><code value="CONTACT_WITH_WILDLIFE"/><display value="Contact with wildlife"/></concept><concept><code value="CONTACT_WITH_WILD_SPECIES"/><display value="Contact with wild species"/></concept><concept><code value="CONTAMINATED_ANIMAL_PRODUCTS"/><display value="Contaminated animal products"/></concept><concept><code value="CONTAMINATED_MANURE"/><display value="Contaminated manure"/></concept><concept><code value="DIRECT_CONTACT_SECRETIONS_DISEASED_PIGS"/><display value="Direct contact with secretions from diseased pigs via open wounds or respiratory tracts"/></concept><concept><code value="DIRECT_OR_INDIRECT_EXPOSURE_TO_SWINE"/><display value="Direct or indirect exposure to swine"/></concept><concept><code value="DROPPING_FOR_FIENTE"/><display value="Dropping for fiente"/></concept><concept><code value="ENVIRONMENTAL_CONTAMINATION"/><display value="Environmental contamination"/></concept><concept><code value="EXPOSED_TO_SWINE_ON_THE_JOB"/><display value="Exposed to swine on the job"/></concept><concept><code value="EXPOSURE_TO_A_POTENTIALLY_CONTAMINATED_ENVIRONMENT"/><display value="Exposure  to a potentially contaminated environment"/></concept><concept><code value="FALSE_VERTICAL_SPREAD_CONTAMINATED_EGGS_GAMETES"/><display value="False vertical spread (though contaminated eggs or gametes)"/></concept><concept><code value="FEEDING_RAW_AQUATIC_ANIMAL_PRODUCT"/><display value="Feeding raw aquatic animal product"/></concept><concept><code value="FLOODING_ASSOCIATED_WITH_MOSQUITO_MULTIPLICATION"/><display value="Flooding associated with mosquito multiplication"/></concept><concept><code value="FOMITES_HUMANS_VEHICLES_FEED_ETC"/><display value="Fomites (humans, vehicles, feed, etc.)"/></concept><concept><code value="FOOD_LEFTOVERS"/><display value="Food leftovers"/></concept><concept><code value="HEMATOPHAGOUS_BATS"/><display value="Hematophagous bats"/></concept><concept><code value="HORIZONTAL_SPREAD_THROUGH_WATER"/><display value="Horizontal spread through water"/></concept><concept><code value="ILLEGAL_MOVEMENT_OF_ANIMALS"/><display value="Illegal movement of animals"/></concept><concept><code value="IMPORTED_STALLION"/><display value="Imported stallion"/></concept><concept><code value="IMPORT_OF_LIVE_ANIMALS"/><display value="Import of live animals"/></concept><concept><code value="IMPORT_SEMEN_INF_PORCINE_REPR_RESP_SYNDROME_VIRUS"/><display value="Import of semen infected with Porcine reproductive and respiratory syndrome virus"/></concept><concept><code value="INFORMAL_MOVEMENT_OF_ANIMALS"/><display value="Informal movement of animals"/></concept><concept><code value="INTRODUCTION_OF_NEW_LIVE_ANIMALS"/><display value="Introduction of new live animals"/></concept><concept><code value="INTRODUCTION_OF_NEW_NONVIABLE_ANIMAL_PRODUCTS"/><display value="Introduction of new non-viable animal products"/></concept><concept><code value="INVOLVED_SLAUGHTER_CONSUMPTION_OF_SICK_POULTRY"/><display value="Involved in the slaughter and consumption of sick poultry."/></concept><concept><code value="INVOLVED_WITH_SLAUGHTERING_AND_PROCESSING_THE_MEAT"/><display value="Involved with slaughtering and processing the meat"/></concept><concept><code value="LABORATORY_ESCAPE"/><display value="Laboratory escape"/></concept><concept><code value="LEGAL_MOVEMENT_OF_ANIMALS"/><display value="Legal movement of animals"/></concept><concept><code value="LIVESTOCK_MARKET"/><display value="Livestock  Market"/></concept><concept><code value="MANAGEMENT_PRACTICES"/><display value="Management practices"/></concept><concept><code value="MAY_BE_DUE_TO_MIGRATORY_BIRDS'_DROPPINGS"/><display value="May be due to migratory birds' droppings."/></concept><concept><code value="MIGRATION_OF_WILD_BIRDS"/><display value="Migration of wild birds"/></concept><concept><code value="MOST_LIKELY_CONTACT_WITH_PEOPLE"/><display value="Most likely, contact with people"/></concept><concept><code value="OTHER"/><display value="Other"/></concept><concept><code value="POSSIBLE_CONTACT_WITH_WILD_BIRDS"/><display value="Possible contact with wild birds"/></concept><concept><code value="POTENTIAL_CONTACT_WITH_WILDLIFE"/><display value="Potential contact with wildlife"/></concept><concept><code value="PRESUMED_TO_BE_THE_PASTURE"/><display value="Presumed to be the pasture"/></concept><concept><code value="PROBABLY_FORMER_BURIAL_OF_ANIMALS"/><display value="Probably former burial of animals"/></concept><concept><code value="PROBABLY_HUNTED_WILD_DUCKS_AND_GEESE"/><display value="Probably, hunted wild ducks and geese"/></concept><concept><code value="PROCESSING_SLAUGHTERING"/><display value="Processing slaughtering"/></concept><concept><code value="RABIES_RELATED_TO_HEMATOPHAGOUS_BATS"/><display value="Rabies related to hematophagous bats"/></concept><concept><code value="RANDOM_MUTATION"/><display value="Random mutation"/></concept><concept><code value="REFUGEES"/><display value="Refugees"/></concept><concept><code value="SEASONAL_MIGRATION_OF_WILD_BIRDS_SWANS"/><display value="Seasonal migration of wild birds - swans"/></concept><concept><code value="SELLING_INFECTED_BEEF_IN_THE_CAPITAL"/><display value="Selling infected beef in the largest market in the capital."/></concept><concept><code value="SEMEN"/><display value="Semen"/></concept><concept><code value="SLAUGHTER_AND_EAT_CHICKENS"/><display value="Slaughter and eat chickens"/></concept><concept><code value="SLAUGHTERING"/><display value="Slaughtering"/></concept><concept><code value="SOILBORNE_INFECTION"/><display value="Soil-borne infection"/></concept><concept><code value="SPONTANEOUS_MUTATION"/><display value="Spontaneous mutation"/></concept><concept><code value="SPREAD_INFECTED_ANIMALS_THROUGH_AEROSOLS_CONTACT"/><display value="Spread by infected animals through aerosols, contact with contaminated farming equipment"/></concept><concept><code value="SWILL_FEEDING"/><display value="Swill feeding"/></concept><concept><code value="TEST_INFECTION_SOURCE"/><display value="Test infection source"/></concept><concept><code value="THE_BITES_OF_THE_CULEX_FEMALE_MOSQUITOES"/><display value="The bites of the culex female mosquitoes"/></concept><concept><code value="SUDDEN_POULTRY_DIEOFFS_IN_HIS_NEIGHBOURHOOD"/><display value="There were sudden poultry die-offs in his neighbourhood"/></concept><concept><code value="STRAW_COLLECTED_DEAD_WILD_BOAR"/><display value="The straw collected on a field were a dead wild boar has been previously found."/></concept><concept><code value="VIRUS_CIRCULATION_WILD_BIRDS_POPULATION_SUSPECTED"/><display value="The virus circulation into the wild birds population is suspected."/></concept><concept><code value="TO_HAVE_TAKEN_PART_IN_KILLING_A_SICK_COW"/><display value="To have taken part in killing a sick cow."/></concept><concept><code value="TRANSBOUNDARY_MIGRATION_OF_WILD_BOARS"/><display value="Transboundary migration of wild boars"/></concept><concept><code value="TRANSBOUNDARY_SPREAD"/><display value="Transboundary spread"/></concept><concept><code value="TRANSHUMANT_ANIMAL"/><display value="Transhumant animal"/></concept><concept><code value="TRANSMISSION_FROM_HUMANS"/><display value="Transmission from humans"/></concept><concept><code value="VERTICAL_SPREAD_THROUGH_INFECTED_EGGS_OR_GAMETES"/><display value="True vertical spread (through infected eggs or gametes)"/></concept><concept><code value="UNDER_INVESTIGATION"/><display value="Under investigation"/></concept><concept><code value="UNKNOWN_OR_INCONCLUSIVE"/><display value="Unknown or inconclusive"/></concept><concept><code value="VAMPIRE_BATS"/><display value="Vampire bats"/></concept><concept><code value="VECTORS"/><display value="Vectors"/></concept><concept><code value="WILD_STRAINS_OF_BRUCELLA_MELITENSIS"/><display value="Wild strains of Brucella Melitensis"/></concept></CodeSystem>