<?xml version="1.0" encoding="UTF-8"?><CodeSystem xmlns="http://hl7.org/fhir"><id value="disease-subtype-cs"/><text><status value="generated"/><div xmlns="http://www.w3.org/1999/xhtml"><p>This  code system <code>https://dhis2.org/fhir/CodeSystem/disease-subtype-cs</code> defines the following codes:</p><table class="codes"><tr><td style="white-space:nowrap"><b>Code</b></td><td><b>Display</b></td></tr><tr><td style="white-space:nowrap">SUBTYPE_1<a name="disease-subtype-cs-SUBTYPE_1"> </a></td><td>1</td></tr><tr><td style="white-space:nowrap">SUBTYPE_2<a name="disease-subtype-cs-SUBTYPE_2"> </a></td><td>2</td></tr><tr><td style="white-space:nowrap">SUBTYPE_3<a name="disease-subtype-cs-SUBTYPE_3"> </a></td><td>3</td></tr><tr><td style="white-space:nowrap">SUBTYPE_4<a name="disease-subtype-cs-SUBTYPE_4"> </a></td><td>4</td></tr><tr><td style="white-space:nowrap">SUBTYPE_5<a name="disease-subtype-cs-SUBTYPE_5"> </a></td><td>5</td></tr><tr><td style="white-space:nowrap">SUBTYPE_6<a name="disease-subtype-cs-SUBTYPE_6"> </a></td><td>6</td></tr><tr><td style="white-space:nowrap">SUBTYPE_7<a name="disease-subtype-cs-SUBTYPE_7"> </a></td><td>7</td></tr><tr><td style="white-space:nowrap">SUBTYPE_8<a name="disease-subtype-cs-SUBTYPE_8"> </a></td><td>8</td></tr><tr><td style="white-space:nowrap">SUBTYPE_9<a name="disease-subtype-cs-SUBTYPE_9"> </a></td><td>9</td></tr><tr><td style="white-space:nowrap">SUBTYPE_10<a name="disease-subtype-cs-SUBTYPE_10"> </a></td><td>10</td></tr><tr><td style="white-space:nowrap">SUBTYPE_11<a name="disease-subtype-cs-SUBTYPE_11"> </a></td><td>11</td></tr><tr><td style="white-space:nowrap">SUBTYPE_12<a name="disease-subtype-cs-SUBTYPE_12"> </a></td><td>12</td></tr><tr><td style="white-space:nowrap">SUBTYPE_13<a name="disease-subtype-cs-SUBTYPE_13"> </a></td><td>13</td></tr><tr><td style="white-space:nowrap">SUBTYPE_14<a name="disease-subtype-cs-SUBTYPE_14"> </a></td><td>14</td></tr><tr><td style="white-space:nowrap">SUBTYPE_15<a name="disease-subtype-cs-SUBTYPE_15"> </a></td><td>15</td></tr><tr><td style="white-space:nowrap">SUBTYPE_16<a name="disease-subtype-cs-SUBTYPE_16"> </a></td><td>16</td></tr><tr><td style="white-space:nowrap">SUBTYPE_17<a name="disease-subtype-cs-SUBTYPE_17"> </a></td><td>17</td></tr><tr><td style="white-space:nowrap">SUBTYPE_18<a name="disease-subtype-cs-SUBTYPE_18"> </a></td><td>18</td></tr><tr><td style="white-space:nowrap">SUBTYPE_19<a name="disease-subtype-cs-SUBTYPE_19"> </a></td><td>19</td></tr><tr><td style="white-space:nowrap">SUBTYPE_20<a name="disease-subtype-cs-SUBTYPE_20"> </a></td><td>20</td></tr><tr><td style="white-space:nowrap">SUBTYPE_21<a name="disease-subtype-cs-SUBTYPE_21"> </a></td><td>21</td></tr><tr><td style="white-space:nowrap">SUBTYPE_22<a name="disease-subtype-cs-SUBTYPE_22"> </a></td><td>22</td></tr><tr><td style="white-space:nowrap">SUBTYPE_23<a name="disease-subtype-cs-SUBTYPE_23"> </a></td><td>23</td></tr><tr><td style="white-space:nowrap">SUBTYPE_24<a name="disease-subtype-cs-SUBTYPE_24"> </a></td><td>24</td></tr><tr><td style="white-space:nowrap">SUBTYPE_A<a name="disease-subtype-cs-SUBTYPE_A"> </a></td><td>A</td></tr><tr><td style="white-space:nowrap">SUBTYPE_APMV_I<a name="disease-subtype-cs-SUBTYPE_APMV_I"> </a></td><td>APMV-I</td></tr><tr><td style="white-space:nowrap">SUBTYPE_ASIA_1<a name="disease-subtype-cs-SUBTYPE_ASIA_1"> </a></td><td>Asia 1</td></tr><tr><td style="white-space:nowrap">SUBTYPE_C<a name="disease-subtype-cs-SUBTYPE_C"> </a></td><td>C</td></tr><tr><td style="white-space:nowrap">SUBTYPE_H10N3_LPAI<a name="disease-subtype-cs-SUBTYPE_H10N3_LPAI"> </a></td><td>H10N3 LPAI</td></tr><tr><td style="white-space:nowrap">SUBTYPE_H10N7_LPAI<a name="disease-subtype-cs-SUBTYPE_H10N7_LPAI"> </a></td><td>H10N7 LPAI</td></tr><tr><td style="white-space:nowrap">SUBTYPE_H10N8_LPAI<a name="disease-subtype-cs-SUBTYPE_H10N8_LPAI"> </a></td><td>H10N8 LPAI</td></tr><tr><td style="white-space:nowrap">SUBTYPE_H1N1<a name="disease-subtype-cs-SUBTYPE_H1N1"> </a></td><td>H1N1</td></tr><tr><td style="white-space:nowrap">SUBTYPE_H1N2<a name="disease-subtype-cs-SUBTYPE_H1N2"> </a></td><td>H1N2</td></tr><tr><td style="white-space:nowrap">SUBTYPE_H2N2_LPAI<a name="disease-subtype-cs-SUBTYPE_H2N2_LPAI"> </a></td><td>H2N2 LPAI</td></tr><tr><td style="white-space:nowrap">SUBTYPE_H3_LPAI<a name="disease-subtype-cs-SUBTYPE_H3_LPAI"> </a></td><td>H3 LPAI</td></tr><tr><td style="white-space:nowrap">SUBTYPE_H3N1<a name="disease-subtype-cs-SUBTYPE_H3N1"> </a></td><td>H3N1</td></tr><tr><td style="white-space:nowrap">SUBTYPE_H3N1_LPAI<a name="disease-subtype-cs-SUBTYPE_H3N1_LPAI"> </a></td><td>H3N1 LPAI</td></tr><tr><td style="white-space:nowrap">SUBTYPE_H3N2<a name="disease-subtype-cs-SUBTYPE_H3N2"> </a></td><td>H3N2</td></tr><tr><td style="white-space:nowrap">SUBTYPE_H3N8<a name="disease-subtype-cs-SUBTYPE_H3N8"> </a></td><td>H3N8</td></tr><tr><td style="white-space:nowrap">SUBTYPE_H3N8_HPAI<a name="disease-subtype-cs-SUBTYPE_H3N8_HPAI"> </a></td><td>H3N8 HPAI</td></tr><tr><td style="white-space:nowrap">SUBTYPE_H3N8_LPAI<a name="disease-subtype-cs-SUBTYPE_H3N8_LPAI"> </a></td><td>H3N8 LPAI</td></tr><tr><td style="white-space:nowrap">SUBTYPE_H5_HPAI<a name="disease-subtype-cs-SUBTYPE_H5_HPAI"> </a></td><td>H5 HPAI</td></tr><tr><td style="white-space:nowrap">SUBTYPE_H5_LPAI<a name="disease-subtype-cs-SUBTYPE_H5_LPAI"> </a></td><td>H5 LPAI</td></tr><tr><td style="white-space:nowrap">SUBTYPE_H5N1_HPAI<a name="disease-subtype-cs-SUBTYPE_H5N1_HPAI"> </a></td><td>H5N1 HPAI</td></tr><tr><td style="white-space:nowrap">SUBTYPE_H5N1_LPAI<a name="disease-subtype-cs-SUBTYPE_H5N1_LPAI"> </a></td><td>H5N1 LPAI</td></tr><tr><td style="white-space:nowrap">SUBTYPE_H5N2_HPAI<a name="disease-subtype-cs-SUBTYPE_H5N2_HPAI"> </a></td><td>H5N2 HPAI</td></tr><tr><td style="white-space:nowrap">SUBTYPE_H5N2_LPAI<a name="disease-subtype-cs-SUBTYPE_H5N2_LPAI"> </a></td><td>H5N2 LPAI</td></tr><tr><td style="white-space:nowrap">SUBTYPE_H5N3_HPAI<a name="disease-subtype-cs-SUBTYPE_H5N3_HPAI"> </a></td><td>H5N3 HPAI</td></tr><tr><td style="white-space:nowrap">SUBTYPE_H5N3_LPAI<a name="disease-subtype-cs-SUBTYPE_H5N3_LPAI"> </a></td><td>H5N3 LPAI</td></tr><tr><td style="white-space:nowrap">SUBTYPE_H5N4_HPAI<a name="disease-subtype-cs-SUBTYPE_H5N4_HPAI"> </a></td><td>H5N4 HPAI</td></tr><tr><td style="white-space:nowrap">SUBTYPE_H5N5_HPAI<a name="disease-subtype-cs-SUBTYPE_H5N5_HPAI"> </a></td><td>H5N5 HPAI</td></tr><tr><td style="white-space:nowrap">SUBTYPE_H5N5_LPAI<a name="disease-subtype-cs-SUBTYPE_H5N5_LPAI"> </a></td><td>H5N5 LPAI</td></tr><tr><td style="white-space:nowrap">SUBTYPE_H5N6_HPAI<a name="disease-subtype-cs-SUBTYPE_H5N6_HPAI"> </a></td><td>H5N6 HPAI</td></tr><tr><td style="white-space:nowrap">SUBTYPE_H5N6_LPAI<a name="disease-subtype-cs-SUBTYPE_H5N6_LPAI"> </a></td><td>H5N6 LPAI</td></tr><tr><td style="white-space:nowrap">SUBTYPE_H5N8_HPAI<a name="disease-subtype-cs-SUBTYPE_H5N8_HPAI"> </a></td><td>H5N8 HPAI</td></tr><tr><td style="white-space:nowrap">SUBTYPE_H5N8_LPAI<a name="disease-subtype-cs-SUBTYPE_H5N8_LPAI"> </a></td><td>H5N8 LPAI</td></tr><tr><td style="white-space:nowrap">SUBTYPE_H5N9_HPAI<a name="disease-subtype-cs-SUBTYPE_H5N9_HPAI"> </a></td><td>H5N9 HPAI</td></tr><tr><td style="white-space:nowrap">SUBTYPE_H5N9_LPAI<a name="disease-subtype-cs-SUBTYPE_H5N9_LPAI"> </a></td><td>H5N9 LPAI</td></tr><tr><td style="white-space:nowrap">SUBTYPE_H6N2_LPAI<a name="disease-subtype-cs-SUBTYPE_H6N2_LPAI"> </a></td><td>H6N2 LPAI</td></tr><tr><td style="white-space:nowrap">SUBTYPE_H7_HPAI<a name="disease-subtype-cs-SUBTYPE_H7_HPAI"> </a></td><td>H7 HPAI</td></tr><tr><td style="white-space:nowrap">SUBTYPE_H7_LPAI<a name="disease-subtype-cs-SUBTYPE_H7_LPAI"> </a></td><td>H7 LPAI</td></tr><tr><td style="white-space:nowrap">SUBTYPE_H7N1_HPAI<a name="disease-subtype-cs-SUBTYPE_H7N1_HPAI"> </a></td><td>H7N1 HPAI</td></tr><tr><td style="white-space:nowrap">SUBTYPE_H7N1_LPAI<a name="disease-subtype-cs-SUBTYPE_H7N1_LPAI"> </a></td><td>H7N1 LPAI</td></tr><tr><td style="white-space:nowrap">SUBTYPE_H7N2_HPAI<a name="disease-subtype-cs-SUBTYPE_H7N2_HPAI"> </a></td><td>H7N2 HPAI</td></tr><tr><td style="white-space:nowrap">SUBTYPE_H7N2_LPAI<a name="disease-subtype-cs-SUBTYPE_H7N2_LPAI"> </a></td><td>H7N2 LPAI</td></tr><tr><td style="white-space:nowrap">SUBTYPE_H7N3_HPAI<a name="disease-subtype-cs-SUBTYPE_H7N3_HPAI"> </a></td><td>H7N3 HPAI</td></tr><tr><td style="white-space:nowrap">SUBTYPE_H7N3_LPAI<a name="disease-subtype-cs-SUBTYPE_H7N3_LPAI"> </a></td><td>H7N3 LPAI</td></tr><tr><td style="white-space:nowrap">SUBTYPE_H7N4_LPAI<a name="disease-subtype-cs-SUBTYPE_H7N4_LPAI"> </a></td><td>H7N4 LPAI</td></tr><tr><td style="white-space:nowrap">SUBTYPE_H7N6_LPAI<a name="disease-subtype-cs-SUBTYPE_H7N6_LPAI"> </a></td><td>H7N6 LPAI</td></tr><tr><td style="white-space:nowrap">SUBTYPE_H7N7<a name="disease-subtype-cs-SUBTYPE_H7N7"> </a></td><td>H7N7</td></tr><tr><td style="white-space:nowrap">SUBTYPE_H7N7_HPAI<a name="disease-subtype-cs-SUBTYPE_H7N7_HPAI"> </a></td><td>H7N7 HPAI</td></tr><tr><td style="white-space:nowrap">SUBTYPE_H7N7_LPAI<a name="disease-subtype-cs-SUBTYPE_H7N7_LPAI"> </a></td><td>H7N7 LPAI</td></tr><tr><td style="white-space:nowrap">SUBTYPE_H7N8_LPAI<a name="disease-subtype-cs-SUBTYPE_H7N8_LPAI"> </a></td><td>H7N8 LPAI</td></tr><tr><td style="white-space:nowrap">SUBTYPE_H7N9_HPAI<a name="disease-subtype-cs-SUBTYPE_H7N9_HPAI"> </a></td><td>H7N9 HPAI</td></tr><tr><td style="white-space:nowrap">SUBTYPE_H7N9_LPAI<a name="disease-subtype-cs-SUBTYPE_H7N9_LPAI"> </a></td><td>H7N9 LPAI</td></tr><tr><td style="white-space:nowrap">SUBTYPE_H9_LPAI<a name="disease-subtype-cs-SUBTYPE_H9_LPAI"> </a></td><td>H9 LPAI</td></tr><tr><td style="white-space:nowrap">SUBTYPE_H9N1_LPAI<a name="disease-subtype-cs-SUBTYPE_H9N1_LPAI"> </a></td><td>H9N1 LPAI</td></tr><tr><td style="white-space:nowrap">SUBTYPE_H9N2_HPAI<a name="disease-subtype-cs-SUBTYPE_H9N2_HPAI"> </a></td><td>H9N2 HPAI</td></tr><tr><td style="white-space:nowrap">SUBTYPE_H9N2_LPAI<a name="disease-subtype-cs-SUBTYPE_H9N2_LPAI"> </a></td><td>H9N2 LPAI</td></tr><tr><td style="white-space:nowrap">SUBTYPE_HPAI<a name="disease-subtype-cs-SUBTYPE_HPAI"> </a></td><td>HPAI</td></tr><tr><td style="white-space:nowrap">SUBTYPE_INDIANA<a name="disease-subtype-cs-SUBTYPE_INDIANA"> </a></td><td>Indiana</td></tr><tr><td style="white-space:nowrap">SUBTYPE_JAGAR_01<a name="disease-subtype-cs-SUBTYPE_JAGAR_01"> </a></td><td>JaGAr-01</td></tr><tr><td style="white-space:nowrap">SUBTYPE_LPAI<a name="disease-subtype-cs-SUBTYPE_LPAI"> </a></td><td>LPAI</td></tr><tr><td style="white-space:nowrap">SUBTYPE_NAKAYAMA<a name="disease-subtype-cs-SUBTYPE_NAKAYAMA"> </a></td><td>Nakayama</td></tr><tr><td style="white-space:nowrap">SUBTYPE_NEW_JERSEY<a name="disease-subtype-cs-SUBTYPE_NEW_JERSEY"> </a></td><td>New Jersey</td></tr><tr><td style="white-space:nowrap">SUBTYPE_NOT_SPECIFIED<a name="disease-subtype-cs-SUBTYPE_NOT_SPECIFIED"> </a></td><td>Not specified</td></tr><tr><td style="white-space:nowrap">SUBTYPE_O<a name="disease-subtype-cs-SUBTYPE_O"> </a></td><td>O</td></tr><tr><td style="white-space:nowrap">SUBTYPE_RABV<a name="disease-subtype-cs-SUBTYPE_RABV"> </a></td><td>RABV</td></tr><tr><td style="white-space:nowrap">SUBTYPE_RHDV1<a name="disease-subtype-cs-SUBTYPE_RHDV1"> </a></td><td>RHDV1</td></tr><tr><td style="white-space:nowrap">SUBTYPE_RHDV2<a name="disease-subtype-cs-SUBTYPE_RHDV2"> </a></td><td>RHDV2</td></tr><tr><td style="white-space:nowrap">SUBTYPE_SAT1<a name="disease-subtype-cs-SUBTYPE_SAT1"> </a></td><td>SAT1</td></tr><tr><td style="white-space:nowrap">SUBTYPE_SAT2<a name="disease-subtype-cs-SUBTYPE_SAT2"> </a></td><td>SAT2</td></tr><tr><td style="white-space:nowrap">SUBTYPE_SAT3<a name="disease-subtype-cs-SUBTYPE_SAT3"> </a></td><td>SAT3</td></tr><tr><td style="white-space:nowrap">SUBTYPE_H7N6_HPAI<a name="disease-subtype-cs-SUBTYPE_H7N6_HPAI"> </a></td><td>H7N6 HPAI</td></tr></table></div></text><url value="https://dhis2.org/fhir/CodeSystem/disease-subtype-cs"/><version value="0.1.0"/><name value="DiseaseSubtypeCS"/><title value="Disease Subtype Code System"/><status value="draft"/><date value="2024-04-22T10:30:53+00:00"/><publisher value="DHIS2"/><contact><name value="DHIS2"/><telecom><system value="url"/><value value="https://dhis2.org"/></telecom><telecom><system value="email"/><value value="johan.hole@dhis2.org"/></telecom></contact><description value="Code system for disease subtypes."/><content value="complete"/><count value="94"/><concept><code value="SUBTYPE_1"/><display value="1"/></concept><concept><code value="SUBTYPE_2"/><display value="2"/></concept><concept><code value="SUBTYPE_3"/><display value="3"/></concept><concept><code value="SUBTYPE_4"/><display value="4"/></concept><concept><code value="SUBTYPE_5"/><display value="5"/></concept><concept><code value="SUBTYPE_6"/><display value="6"/></concept><concept><code value="SUBTYPE_7"/><display value="7"/></concept><concept><code value="SUBTYPE_8"/><display value="8"/></concept><concept><code value="SUBTYPE_9"/><display value="9"/></concept><concept><code value="SUBTYPE_10"/><display value="10"/></concept><concept><code value="SUBTYPE_11"/><display value="11"/></concept><concept><code value="SUBTYPE_12"/><display value="12"/></concept><concept><code value="SUBTYPE_13"/><display value="13"/></concept><concept><code value="SUBTYPE_14"/><display value="14"/></concept><concept><code value="SUBTYPE_15"/><display value="15"/></concept><concept><code value="SUBTYPE_16"/><display value="16"/></concept><concept><code value="SUBTYPE_17"/><display value="17"/></concept><concept><code value="SUBTYPE_18"/><display value="18"/></concept><concept><code value="SUBTYPE_19"/><display value="19"/></concept><concept><code value="SUBTYPE_20"/><display value="20"/></concept><concept><code value="SUBTYPE_21"/><display value="21"/></concept><concept><code value="SUBTYPE_22"/><display value="22"/></concept><concept><code value="SUBTYPE_23"/><display value="23"/></concept><concept><code value="SUBTYPE_24"/><display value="24"/></concept><concept><code value="SUBTYPE_A"/><display value="A"/></concept><concept><code value="SUBTYPE_APMV_I"/><display value="APMV-I"/></concept><concept><code value="SUBTYPE_ASIA_1"/><display value="Asia 1"/></concept><concept><code value="SUBTYPE_C"/><display value="C"/></concept><concept><code value="SUBTYPE_H10N3_LPAI"/><display value="H10N3 LPAI"/></concept><concept><code value="SUBTYPE_H10N7_LPAI"/><display value="H10N7 LPAI"/></concept><concept><code value="SUBTYPE_H10N8_LPAI"/><display value="H10N8 LPAI"/></concept><concept><code value="SUBTYPE_H1N1"/><display value="H1N1"/></concept><concept><code value="SUBTYPE_H1N2"/><display value="H1N2"/></concept><concept><code value="SUBTYPE_H2N2_LPAI"/><display value="H2N2 LPAI"/></concept><concept><code value="SUBTYPE_H3_LPAI"/><display value="H3 LPAI"/></concept><concept><code value="SUBTYPE_H3N1"/><display value="H3N1"/></concept><concept><code value="SUBTYPE_H3N1_LPAI"/><display value="H3N1 LPAI"/></concept><concept><code value="SUBTYPE_H3N2"/><display value="H3N2"/></concept><concept><code value="SUBTYPE_H3N8"/><display value="H3N8"/></concept><concept><code value="SUBTYPE_H3N8_HPAI"/><display value="H3N8 HPAI"/></concept><concept><code value="SUBTYPE_H3N8_LPAI"/><display value="H3N8 LPAI"/></concept><concept><code value="SUBTYPE_H5_HPAI"/><display value="H5 HPAI"/></concept><concept><code value="SUBTYPE_H5_LPAI"/><display value="H5 LPAI"/></concept><concept><code value="SUBTYPE_H5N1_HPAI"/><display value="H5N1 HPAI"/></concept><concept><code value="SUBTYPE_H5N1_LPAI"/><display value="H5N1 LPAI"/></concept><concept><code value="SUBTYPE_H5N2_HPAI"/><display value="H5N2 HPAI"/></concept><concept><code value="SUBTYPE_H5N2_LPAI"/><display value="H5N2 LPAI"/></concept><concept><code value="SUBTYPE_H5N3_HPAI"/><display value="H5N3 HPAI"/></concept><concept><code value="SUBTYPE_H5N3_LPAI"/><display value="H5N3 LPAI"/></concept><concept><code value="SUBTYPE_H5N4_HPAI"/><display value="H5N4 HPAI"/></concept><concept><code value="SUBTYPE_H5N5_HPAI"/><display value="H5N5 HPAI"/></concept><concept><code value="SUBTYPE_H5N5_LPAI"/><display value="H5N5 LPAI"/></concept><concept><code value="SUBTYPE_H5N6_HPAI"/><display value="H5N6 HPAI"/></concept><concept><code value="SUBTYPE_H5N6_LPAI"/><display value="H5N6 LPAI"/></concept><concept><code value="SUBTYPE_H5N8_HPAI"/><display value="H5N8 HPAI"/></concept><concept><code value="SUBTYPE_H5N8_LPAI"/><display value="H5N8 LPAI"/></concept><concept><code value="SUBTYPE_H5N9_HPAI"/><display value="H5N9 HPAI"/></concept><concept><code value="SUBTYPE_H5N9_LPAI"/><display value="H5N9 LPAI"/></concept><concept><code value="SUBTYPE_H6N2_LPAI"/><display value="H6N2 LPAI"/></concept><concept><code value="SUBTYPE_H7_HPAI"/><display value="H7 HPAI"/></concept><concept><code value="SUBTYPE_H7_LPAI"/><display value="H7 LPAI"/></concept><concept><code value="SUBTYPE_H7N1_HPAI"/><display value="H7N1 HPAI"/></concept><concept><code value="SUBTYPE_H7N1_LPAI"/><display value="H7N1 LPAI"/></concept><concept><code value="SUBTYPE_H7N2_HPAI"/><display value="H7N2 HPAI"/></concept><concept><code value="SUBTYPE_H7N2_LPAI"/><display value="H7N2 LPAI"/></concept><concept><code value="SUBTYPE_H7N3_HPAI"/><display value="H7N3 HPAI"/></concept><concept><code value="SUBTYPE_H7N3_LPAI"/><display value="H7N3 LPAI"/></concept><concept><code value="SUBTYPE_H7N4_LPAI"/><display value="H7N4 LPAI"/></concept><concept><code value="SUBTYPE_H7N6_LPAI"/><display value="H7N6 LPAI"/></concept><concept><code value="SUBTYPE_H7N7"/><display value="H7N7"/></concept><concept><code value="SUBTYPE_H7N7_HPAI"/><display value="H7N7 HPAI"/></concept><concept><code value="SUBTYPE_H7N7_LPAI"/><display value="H7N7 LPAI"/></concept><concept><code value="SUBTYPE_H7N8_LPAI"/><display value="H7N8 LPAI"/></concept><concept><code value="SUBTYPE_H7N9_HPAI"/><display value="H7N9 HPAI"/></concept><concept><code value="SUBTYPE_H7N9_LPAI"/><display value="H7N9 LPAI"/></concept><concept><code value="SUBTYPE_H9_LPAI"/><display value="H9 LPAI"/></concept><concept><code value="SUBTYPE_H9N1_LPAI"/><display value="H9N1 LPAI"/></concept><concept><code value="SUBTYPE_H9N2_HPAI"/><display value="H9N2 HPAI"/></concept><concept><code value="SUBTYPE_H9N2_LPAI"/><display value="H9N2 LPAI"/></concept><concept><code value="SUBTYPE_HPAI"/><display value="HPAI"/></concept><concept><code value="SUBTYPE_INDIANA"/><display value="Indiana"/></concept><concept><code value="SUBTYPE_JAGAR_01"/><display value="JaGAr-01"/></concept><concept><code value="SUBTYPE_LPAI"/><display value="LPAI"/></concept><concept><code value="SUBTYPE_NAKAYAMA"/><display value="Nakayama"/></concept><concept><code value="SUBTYPE_NEW_JERSEY"/><display value="New Jersey"/></concept><concept><code value="SUBTYPE_NOT_SPECIFIED"/><display value="Not specified"/></concept><concept><code value="SUBTYPE_O"/><display value="O"/></concept><concept><code value="SUBTYPE_RABV"/><display value="RABV"/></concept><concept><code value="SUBTYPE_RHDV1"/><display value="RHDV1"/></concept><concept><code value="SUBTYPE_RHDV2"/><display value="RHDV2"/></concept><concept><code value="SUBTYPE_SAT1"/><display value="SAT1"/></concept><concept><code value="SUBTYPE_SAT2"/><display value="SAT2"/></concept><concept><code value="SUBTYPE_SAT3"/><display value="SAT3"/></concept><concept><code value="SUBTYPE_H7N6_HPAI"/><display value="H7N6 HPAI"/></concept></CodeSystem>