<?xml version="1.0" encoding="UTF-8"?><CodeSystem xmlns="http://hl7.org/fhir"><id value="clade-cs"/><text><status value="generated"/><div xmlns="http://www.w3.org/1999/xhtml"><p>This  code system <code>https://dhis2.org/fhir/CodeSystem/clade-cs</code> defines the following codes:</p><table class="codes"><tr><td style="white-space:nowrap"><b>Code</b></td><td><b>Display</b></td></tr><tr><td style="white-space:nowrap">1<a name="clade-cs-1"> </a></td><td>1</td></tr><tr><td style="white-space:nowrap">112<a name="clade-cs-112"> </a></td><td>1. 1. 2</td></tr><tr><td style="white-space:nowrap">213<a name="clade-cs-213"> </a></td><td>2. 1. 3</td></tr><tr><td style="white-space:nowrap">212<a name="clade-cs-212"> </a></td><td>2. 1. 2</td></tr><tr><td style="white-space:nowrap">2132<a name="clade-cs-2132"> </a></td><td>2. 1. 3. 2</td></tr><tr><td style="white-space:nowrap">2132A<a name="clade-cs-2132A"> </a></td><td>2. 1. 3. 2a</td></tr><tr><td style="white-space:nowrap">11<a name="clade-cs-11"> </a></td><td>1. 1</td></tr><tr><td style="white-space:nowrap">211<a name="clade-cs-211"> </a></td><td>2. 1. 1</td></tr><tr><td style="white-space:nowrap">111<a name="clade-cs-111"> </a></td><td>1. 1. 1</td></tr><tr><td style="white-space:nowrap">2133<a name="clade-cs-2133"> </a></td><td>2. 1. 3. 3</td></tr><tr><td style="white-space:nowrap">22<a name="clade-cs-22"> </a></td><td>2. 2</td></tr><tr><td style="white-space:nowrap">2211A<a name="clade-cs-2211A"> </a></td><td>2. 2. 1. 1a</td></tr><tr><td style="white-space:nowrap">221<a name="clade-cs-221"> </a></td><td>2. 2. 1</td></tr><tr><td style="white-space:nowrap">2131<a name="clade-cs-2131"> </a></td><td>2. 1. 3. 1</td></tr><tr><td style="white-space:nowrap">2211<a name="clade-cs-2211"> </a></td><td>2. 2. 1. 1</td></tr><tr><td style="white-space:nowrap">222<a name="clade-cs-222"> </a></td><td>2. 2. 2</td></tr><tr><td style="white-space:nowrap">2221<a name="clade-cs-2221"> </a></td><td>2. 2. 2. 1</td></tr><tr><td style="white-space:nowrap">231<a name="clade-cs-231"> </a></td><td>2. 3. 1</td></tr><tr><td style="white-space:nowrap">232<a name="clade-cs-232"> </a></td><td>2. 3. 2</td></tr><tr><td style="white-space:nowrap">2321<a name="clade-cs-2321"> </a></td><td>2. 3. 2. 1</td></tr><tr><td style="white-space:nowrap">2321A<a name="clade-cs-2321A"> </a></td><td>2. 3. 2. 1a</td></tr><tr><td style="white-space:nowrap">2321B<a name="clade-cs-2321B"> </a></td><td>2. 3. 2. 1b</td></tr><tr><td style="white-space:nowrap">2321C<a name="clade-cs-2321C"> </a></td><td>2. 3. 2. 1c</td></tr><tr><td style="white-space:nowrap">233<a name="clade-cs-233"> </a></td><td>2. 3. 3</td></tr><tr><td style="white-space:nowrap">234<a name="clade-cs-234"> </a></td><td>2. 3. 4</td></tr><tr><td style="white-space:nowrap">2341<a name="clade-cs-2341"> </a></td><td>2. 3. 4. 1</td></tr><tr><td style="white-space:nowrap">2342<a name="clade-cs-2342"> </a></td><td>2. 3. 4. 2</td></tr><tr><td style="white-space:nowrap">2343<a name="clade-cs-2343"> </a></td><td>2. 3. 4. 3</td></tr><tr><td style="white-space:nowrap">24<a name="clade-cs-24"> </a></td><td>2. 4</td></tr><tr><td style="white-space:nowrap">4<a name="clade-cs-4"> </a></td><td>4</td></tr><tr><td style="white-space:nowrap">6<a name="clade-cs-6"> </a></td><td>6</td></tr><tr><td style="white-space:nowrap">7<a name="clade-cs-7"> </a></td><td>7</td></tr><tr><td style="white-space:nowrap">71<a name="clade-cs-71"> </a></td><td>7. 1</td></tr><tr><td style="white-space:nowrap">72<a name="clade-cs-72"> </a></td><td>7. 2</td></tr><tr><td style="white-space:nowrap">9<a name="clade-cs-9"> </a></td><td>9</td></tr><tr><td style="white-space:nowrap">5<a name="clade-cs-5"> </a></td><td>5</td></tr><tr><td style="white-space:nowrap">25<a name="clade-cs-25"> </a></td><td>2. 5</td></tr><tr><td style="white-space:nowrap">CLADE_1<a name="clade-cs-CLADE_1"> </a></td><td>Clade 1</td></tr></table></div></text><url value="https://dhis2.org/fhir/CodeSystem/clade-cs"/><version value="0.1.0"/><name value="CladeCS"/><title value="Clade Code System"/><status value="draft"/><date value="2024-04-17T08:50:12+00:00"/><publisher value="DHIS2"/><contact><name value="DHIS2"/><telecom><system value="url"/><value value="https://dhis2.org"/></telecom><telecom><system value="email"/><value value="johan.hole@dhis2.org"/></telecom></contact><description value="Code system for clade."/><content value="complete"/><count value="38"/><concept><code value="1"/><display value="1"/></concept><concept><code value="112"/><display value="1. 1. 2"/></concept><concept><code value="213"/><display value="2. 1. 3"/></concept><concept><code value="212"/><display value="2. 1. 2"/></concept><concept><code value="2132"/><display value="2. 1. 3. 2"/></concept><concept><code value="2132A"/><display value="2. 1. 3. 2a"/></concept><concept><code value="11"/><display value="1. 1"/></concept><concept><code value="211"/><display value="2. 1. 1"/></concept><concept><code value="111"/><display value="1. 1. 1"/></concept><concept><code value="2133"/><display value="2. 1. 3. 3"/></concept><concept><code value="22"/><display value="2. 2"/></concept><concept><code value="2211A"/><display value="2. 2. 1. 1a"/></concept><concept><code value="221"/><display value="2. 2. 1"/></concept><concept><code value="2131"/><display value="2. 1. 3. 1"/></concept><concept><code value="2211"/><display value="2. 2. 1. 1"/></concept><concept><code value="222"/><display value="2. 2. 2"/></concept><concept><code value="2221"/><display value="2. 2. 2. 1"/></concept><concept><code value="231"/><display value="2. 3. 1"/></concept><concept><code value="232"/><display value="2. 3. 2"/></concept><concept><code value="2321"/><display value="2. 3. 2. 1"/></concept><concept><code value="2321A"/><display value="2. 3. 2. 1a"/></concept><concept><code value="2321B"/><display value="2. 3. 2. 1b"/></concept><concept><code value="2321C"/><display value="2. 3. 2. 1c"/></concept><concept><code value="233"/><display value="2. 3. 3"/></concept><concept><code value="234"/><display value="2. 3. 4"/></concept><concept><code value="2341"/><display value="2. 3. 4. 1"/></concept><concept><code value="2342"/><display value="2. 3. 4. 2"/></concept><concept><code value="2343"/><display value="2. 3. 4. 3"/></concept><concept><code value="24"/><display value="2. 4"/></concept><concept><code value="4"/><display value="4"/></concept><concept><code value="6"/><display value="6"/></concept><concept><code value="7"/><display value="7"/></concept><concept><code value="71"/><display value="7. 1"/></concept><concept><code value="72"/><display value="7. 2"/></concept><concept><code value="9"/><display value="9"/></concept><concept><code value="5"/><display value="5"/></concept><concept><code value="25"/><display value="2. 5"/></concept><concept><code value="CLADE_1"/><display value="Clade 1"/></concept></CodeSystem>