<?xml version="1.0" encoding="UTF-8"?><CodeSystem xmlns="http://hl7.org/fhir"><id value="animal-type"/><text><status value="generated"/><div xmlns="http://www.w3.org/1999/xhtml"><p>This  code system <code>https://dhis2.org/fhir/CodeSystem/animal-type</code> defines the following codes:</p><table class="codes"><tr><td style="white-space:nowrap"><b>Code</b></td><td><b>Display</b></td></tr><tr><td style="white-space:nowrap">CAPTIVE<a name="animal-type-CAPTIVE"> </a></td><td>Captive</td></tr><tr><td style="white-space:nowrap">WILD<a name="animal-type-WILD"> </a></td><td>Wild</td></tr><tr><td style="white-space:nowrap">DOMESTIC<a name="animal-type-DOMESTIC"> </a></td><td>Domestic</td></tr></table></div></text><url value="https://dhis2.org/fhir/CodeSystem/animal-type"/><version value="0.1.0"/><name value="AnimalTypeCS"/><title value="Animal Type"/><status value="draft"/><date value="2024-04-10T12:38:22+00:00"/><publisher value="DHIS2"/><contact><name value="DHIS2"/><telecom><system value="url"/><value value="https://dhis2.org"/></telecom><telecom><system value="email"/><value value="johan.hole@dhis2.org"/></telecom></contact><description value="Code system for types of animals."/><content value="complete"/><count value="3"/><concept><code value="CAPTIVE"/><display value="Captive"/></concept><concept><code value="WILD"/><display value="Wild"/></concept><concept><code value="DOMESTIC"/><display value="Domestic"/></concept></CodeSystem>