<?xml version="1.0" encoding="UTF-8"?><CodeSystem xmlns="http://hl7.org/fhir"><id value="production-system-one-cs"/><text><status value="generated"/><div xmlns="http://www.w3.org/1999/xhtml"><p>This  code system <code>https://example.org/fhir/CodeSystem/production-system-one-cs</code> defines the following codes:</p><table class="codes"><tr><td style="white-space:nowrap"><b>Code</b></td><td><b>Display</b></td></tr><tr><td style="white-space:nowrap">COMMERCIAL<a name="production-system-one-cs-COMMERCIAL"> </a></td><td>Commercial</td></tr><tr><td style="white-space:nowrap">BACKYARD/ROOFTOP<a name="production-system-one-cs-BACKYARD.47ROOFTOP"> </a></td><td>Backyard/rooftop</td></tr><tr><td style="white-space:nowrap">SMALLHOLDER<a name="production-system-one-cs-SMALLHOLDER"> </a></td><td>Smallholder</td></tr><tr><td style="white-space:nowrap">ZOO<a name="production-system-one-cs-ZOO"> </a></td><td>Zoo</td></tr><tr><td style="white-space:nowrap">HUNTING_BIRD<a name="production-system-one-cs-HUNTING_BIRD"> </a></td><td>Hunting bird</td></tr><tr><td style="white-space:nowrap">REHABILITATION_CENTER<a name="production-system-one-cs-REHABILITATION_CENTER"> </a></td><td>Rehabilitation center</td></tr><tr><td style="white-space:nowrap">PET<a name="production-system-one-cs-PET"> </a></td><td>Pet</td></tr><tr><td style="white-space:nowrap">BREEDING_AND_RELEASED_FOR_HUNTING<a name="production-system-one-cs-BREEDING_AND_RELEASED_FOR_HUNTING"> </a></td><td>Breeding and released for hunting</td></tr><tr><td style="white-space:nowrap">BACKYARD/GARDEN<a name="production-system-one-cs-BACKYARD.47GARDEN"> </a></td><td>Backyard/garden</td></tr></table></div></text><url value="https://example.org/fhir/CodeSystem/production-system-one-cs"/><version value="0.1.0"/><name value="ProductionSystemOneCS"/><title value="Production System One Code System"/><status value="draft"/><date value="2024-04-17T13:28:15+00:00"/><publisher value="DHIS2"/><contact><name value="DHIS2"/><telecom><system value="url"/><value value="https://dhis2.org"/></telecom><telecom><system value="email"/><value value="johan.hole@dhis2.org"/></telecom></contact><description value="Code system for production system one."/><content value="complete"/><count value="9"/><concept><code value="COMMERCIAL"/><display value="Commercial"/></concept><concept><code value="BACKYARD/ROOFTOP"/><display value="Backyard/rooftop"/></concept><concept><code value="SMALLHOLDER"/><display value="Smallholder"/></concept><concept><code value="ZOO"/><display value="Zoo"/></concept><concept><code value="HUNTING_BIRD"/><display value="Hunting bird"/></concept><concept><code value="REHABILITATION_CENTER"/><display value="Rehabilitation center"/></concept><concept><code value="PET"/><display value="Pet"/></concept><concept><code value="BREEDING_AND_RELEASED_FOR_HUNTING"/><display value="Breeding and released for hunting"/></concept><concept><code value="BACKYARD/GARDEN"/><display value="Backyard/garden"/></concept></CodeSystem>