<?xml version="1.0" encoding="UTF-8"?><CodeSystem xmlns="http://hl7.org/fhir"><id value="regions-cs"/><text><status value="generated"/><div xmlns="http://www.w3.org/1999/xhtml"><p>This  code system <code>https://example.org/fhir/CodeSystem/regions-cs</code> defines the following codes:</p><table class="codes"><tr><td style="white-space:nowrap"><b>Code</b></td><td><b>Display</b></td></tr><tr><td style="white-space:nowrap">ATTAPU<a name="regions-cs-ATTAPU"> </a></td><td>Attapu</td></tr><tr><td style="white-space:nowrap">BOKEO<a name="regions-cs-BOKEO"> </a></td><td>Bokeo</td></tr><tr><td style="white-space:nowrap">BOLIKHAMXAI<a name="regions-cs-BOLIKHAMXAI"> </a></td><td>Bolikhamxai</td></tr><tr><td style="white-space:nowrap">CHAMPASAK<a name="regions-cs-CHAMPASAK"> </a></td><td>Champasak</td></tr><tr><td style="white-space:nowrap">HOUAPHAN<a name="regions-cs-HOUAPHAN"> </a></td><td>Houaphan</td></tr><tr><td style="white-space:nowrap">KHAMMOUAN<a name="regions-cs-KHAMMOUAN"> </a></td><td>Khammouan</td></tr><tr><td style="white-space:nowrap">LOUANGNAMTHA<a name="regions-cs-LOUANGNAMTHA"> </a></td><td>Louang-Namtha</td></tr><tr><td style="white-space:nowrap">LOUANGPHABANG<a name="regions-cs-LOUANGPHABANG"> </a></td><td>Louangphabang</td></tr><tr><td style="white-space:nowrap">OUDOMXAI<a name="regions-cs-OUDOMXAI"> </a></td><td>Oudomxai</td></tr><tr><td style="white-space:nowrap">PHONGSALI<a name="regions-cs-PHONGSALI"> </a></td><td>Phongsali</td></tr><tr><td style="white-space:nowrap">SALAVAN<a name="regions-cs-SALAVAN"> </a></td><td>Salavan</td></tr><tr><td style="white-space:nowrap">SAVANNAKHET<a name="regions-cs-SAVANNAKHET"> </a></td><td>Savannakhet</td></tr><tr><td style="white-space:nowrap">VIENTIANE<a name="regions-cs-VIENTIANE"> </a></td><td>Vientiane</td></tr><tr><td style="white-space:nowrap">VIENTIANE_CAPITAL<a name="regions-cs-VIENTIANE_CAPITAL"> </a></td><td>Vientiane capital</td></tr><tr><td style="white-space:nowrap">XAINYABOULI<a name="regions-cs-XAINYABOULI"> </a></td><td>Xaignabouli</td></tr><tr><td style="white-space:nowrap">XEKONG<a name="regions-cs-XEKONG"> </a></td><td>Xekong</td></tr><tr><td style="white-space:nowrap">XIANGKHOUANG<a name="regions-cs-XIANGKHOUANG"> </a></td><td>Xiangkhouang</td></tr></table></div></text><url value="https://example.org/fhir/CodeSystem/regions-cs"/><version value="0.1.0"/><name value="RegionsCS"/><title value="Regions Code System"/><status value="draft"/><date value="2024-04-17T11:58:12+00:00"/><publisher value="DHIS2"/><contact><name value="DHIS2"/><telecom><system value="url"/><value value="https://dhis2.org"/></telecom><telecom><system value="email"/><value value="johan.hole@dhis2.org"/></telecom></contact><description value="Code system for regions."/><content value="complete"/><count value="17"/><concept><code value="ATTAPU"/><display value="Attapu"/></concept><concept><code value="BOKEO"/><display value="Bokeo"/></concept><concept><code value="BOLIKHAMXAI"/><display value="Bolikhamxai"/></concept><concept><code value="CHAMPASAK"/><display value="Champasak"/></concept><concept><code value="HOUAPHAN"/><display value="Houaphan"/></concept><concept><code value="KHAMMOUAN"/><display value="Khammouan"/></concept><concept><code value="LOUANGNAMTHA"/><display value="Louang-Namtha"/></concept><concept><code value="LOUANGPHABANG"/><display value="Louangphabang"/></concept><concept><code value="OUDOMXAI"/><display value="Oudomxai"/></concept><concept><code value="PHONGSALI"/><display value="Phongsali"/></concept><concept><code value="SALAVAN"/><display value="Salavan"/></concept><concept><code value="SAVANNAKHET"/><display value="Savannakhet"/></concept><concept><code value="VIENTIANE"/><display value="Vientiane"/></concept><concept><code value="VIENTIANE_CAPITAL"/><display value="Vientiane capital"/></concept><concept><code value="XAINYABOULI"/><display value="Xaignabouli"/></concept><concept><code value="XEKONG"/><display value="Xekong"/></concept><concept><code value="XIANGKHOUANG"/><display value="Xiangkhouang"/></concept></CodeSystem>