<?xml version="1.0" encoding="UTF-8"?><ValueSet xmlns="http://hl7.org/fhir"><id value="sample-type-vs"/><text><status value="generated"/><div xmlns="http://www.w3.org/1999/xhtml"><ul><li>Include all codes defined in <a href="CodeSystem-sample-type-cs.html"><code>https://dhis2.org/fhir/CodeSystem/sample-type-cs</code></a></li></ul></div></text><url value="https://dhis2.org/fhir/ValueSet/sample-type-vs"/><version value="0.1.0"/><name value="SampleTypeVS"/><title value="Sample Type Value Set"/><status value="draft"/><date value="2024-04-16T08:28:58+00:00"/><publisher value="DHIS2"/><contact><name value="DHIS2"/><telecom><system value="url"/><value value="https://dhis2.org"/></telecom><telecom><system value="email"/><value value="johan.hole@dhis2.org"/></telecom></contact><description value="Value set for sample types."/><compose><include><system value="https://dhis2.org/fhir/CodeSystem/sample-type-cs"/></include></compose></ValueSet>