[
  {
    "id" : "animal-class",
    "type" : "CodeSystem",
    "url" : "https://dhis2.org/fhir/CodeSystem/animal-class",
    "version" : "0.1.0",
    "name" : "AnimalClassCS"
  },
  {
    "id" : "animal-type",
    "type" : "CodeSystem",
    "url" : "https://dhis2.org/fhir/CodeSystem/animal-type",
    "version" : "0.1.0",
    "name" : "AnimalTypeCS"
  },
  {
    "id" : "districts-cs",
    "type" : "CodeSystem",
    "url" : "https://dhis2.org/fhir/CodeSystem/districts-cs",
    "version" : "0.1.0",
    "name" : "DistrictsCS"
  },
  {
    "id" : "locality-quality-cs",
    "type" : "CodeSystem",
    "url" : "https://dhis2.org/fhir/CodeSystem/locality-quality-cs",
    "version" : "0.1.0",
    "name" : "LocalityQualityCS"
  },
  {
    "id" : "locality-source-cs",
    "type" : "CodeSystem",
    "url" : "https://dhis2.org/fhir/CodeSystem/locality-source-cs",
    "version" : "0.1.0",
    "name" : "LocalitySourceCS"
  },
  {
    "id" : "regions-cs",
    "type" : "CodeSystem",
    "url" : "https://dhis2.org/fhir/CodeSystem/regions-cs",
    "version" : "0.1.0",
    "name" : "RegionsCS"
  },
  {
    "id" : "yes-no-unknown-cs",
    "type" : "CodeSystem",
    "url" : "https://dhis2.org/fhir/CodeSystem/yes-no-unknown-cs",
    "version" : "0.1.0",
    "name" : "YesNoUnknownCS"
  },
  {
    "id" : "zoonosis-surveillance-ig",
    "type" : "ImplementationGuide",
    "url" : "https://dhis2.org/fhir/ImplementationGuide/zoonosis-surveillance-ig",
    "version" : "0.1.0",
    "name" : "OneHealthZoonosisSurveillanceIG"
  },
  {
    "id" : "AnimalSurveillance",
    "type" : "StructureDefinition",
    "url" : "https://dhis2.org/fhir/StructureDefinition/AnimalSurveillance",
    "version" : "0.1.0",
    "name" : "AnimalSurveillance"
  },
  {
    "id" : "Laboratory",
    "type" : "StructureDefinition",
    "url" : "https://dhis2.org/fhir/StructureDefinition/Laboratory",
    "version" : "0.1.0",
    "name" : "Laboratory"
  },
  {
    "id" : "ZoonosisSurveillance",
    "type" : "StructureDefinition",
    "url" : "https://dhis2.org/fhir/StructureDefinition/ZoonosisSurveillance",
    "version" : "0.1.0",
    "name" : "ZoonosisSurveillance"
  },
  {
    "id" : "animal-class-vs",
    "type" : "ValueSet",
    "url" : "https://dhis2.org/fhir/ValueSet/animal-class-vs",
    "version" : "0.1.0",
    "name" : "AnimalClassVS"
  },
  {
    "id" : "animal-type-vs",
    "type" : "ValueSet",
    "url" : "https://dhis2.org/fhir/ValueSet/animal-type-vs",
    "version" : "0.1.0",
    "name" : "AnimalTypeVS"
  },
  {
    "id" : "districts-vs",
    "type" : "ValueSet",
    "url" : "https://dhis2.org/fhir/ValueSet/districts-vs",
    "version" : "0.1.0",
    "name" : "DistrictsVS"
  },
  {
    "id" : "locality-quality-vs",
    "type" : "ValueSet",
    "url" : "https://dhis2.org/fhir/ValueSet/locality-quality-vs",
    "version" : "0.1.0",
    "name" : "LocalityQualityVS"
  },
  {
    "id" : "locality-source-vs",
    "type" : "ValueSet",
    "url" : "https://dhis2.org/fhir/ValueSet/locality-source-vs",
    "version" : "0.1.0",
    "name" : "LocalitySourceVS"
  },
  {
    "id" : "regions-vs",
    "type" : "ValueSet",
    "url" : "https://dhis2.org/fhir/ValueSet/regions-vs",
    "version" : "0.1.0",
    "name" : "RegionsVS"
  },
  {
    "id" : "yes-no-unknown",
    "type" : "ValueSet",
    "url" : "https://dhis2.org/fhir/ValueSet/yes-no-unknown",
    "version" : "0.1.0",
    "name" : "YesNoUnknownVS"
  }
]
