[
  {
    "id" : "animal-class-cs",
    "type" : "CodeSystem",
    "url" : "https://dhis2.org/fhir/CodeSystem/animal-class-cs",
    "version" : "0.1.0",
    "name" : "AnimalClassCS"
  },
  {
    "id" : "animal-species-cs",
    "type" : "CodeSystem",
    "url" : "https://dhis2.org/fhir/CodeSystem/animal-species-cs",
    "version" : "0.1.0",
    "name" : "AnimalSpeciesCS"
  },
  {
    "id" : "animal-type-cs",
    "type" : "CodeSystem",
    "url" : "https://dhis2.org/fhir/CodeSystem/animal-type-cs",
    "version" : "0.1.0",
    "name" : "AnimalTypeCS"
  },
  {
    "id" : "clade-cs",
    "type" : "CodeSystem",
    "url" : "https://dhis2.org/fhir/CodeSystem/clade-cs",
    "version" : "0.1.0",
    "name" : "CladeCS"
  },
  {
    "id" : "clinical-signs-cs",
    "type" : "CodeSystem",
    "url" : "https://dhis2.org/fhir/CodeSystem/clinical-signs-cs",
    "version" : "0.1.0",
    "name" : "ClinicalSignsCS"
  },
  {
    "id" : "control-measures-cs",
    "type" : "CodeSystem",
    "url" : "https://dhis2.org/fhir/CodeSystem/control-measures-cs",
    "version" : "0.1.0",
    "name" : "ControlMeasuresCS"
  },
  {
    "id" : "diagnosis-basis-cs",
    "type" : "CodeSystem",
    "url" : "https://dhis2.org/fhir/CodeSystem/diagnosis-basis-cs",
    "version" : "0.1.0",
    "name" : "DiagnosisBasisCS"
  },
  {
    "id" : "diagnostic-source-cs",
    "type" : "CodeSystem",
    "url" : "https://dhis2.org/fhir/CodeSystem/diagnostic-source-cs",
    "version" : "0.1.0",
    "name" : "DiagnosticSourceCS"
  },
  {
    "id" : "diagnostic-status-cs",
    "type" : "CodeSystem",
    "url" : "https://dhis2.org/fhir/CodeSystem/diagnostic-status-cs",
    "version" : "0.1.0",
    "name" : "DiagnosticStatusCS"
  },
  {
    "id" : "disease-subtype-cs",
    "type" : "CodeSystem",
    "url" : "https://dhis2.org/fhir/CodeSystem/disease-subtype-cs",
    "version" : "0.1.0",
    "name" : "DiseaseSubtypeCS"
  },
  {
    "id" : "diseases-cs",
    "type" : "CodeSystem",
    "url" : "https://dhis2.org/fhir/CodeSystem/diseases-cs",
    "version" : "0.1.0",
    "name" : "DiseasesCS"
  },
  {
    "id" : "districts-cs",
    "type" : "CodeSystem",
    "url" : "https://dhis2.org/fhir/CodeSystem/districts-cs",
    "version" : "0.1.0",
    "name" : "DistrictsCS"
  },
  {
    "id" : "empresi-countries-cs",
    "type" : "CodeSystem",
    "url" : "https://dhis2.org/fhir/CodeSystem/empresi-countries-cs",
    "version" : "0.1.0",
    "name" : "EmpresiCountriesCS"
  },
  {
    "id" : "infection-source-cs",
    "type" : "CodeSystem",
    "url" : "https://dhis2.org/fhir/CodeSystem/infection-source-cs",
    "version" : "0.1.0",
    "name" : "InfectionSourceCS"
  },
  {
    "id" : "laboratory-cs",
    "type" : "CodeSystem",
    "url" : "https://dhis2.org/fhir/CodeSystem/laboratory-cs",
    "version" : "0.1.0",
    "name" : "LaboratoryCS"
  },
  {
    "id" : "locality-quality-cs",
    "type" : "CodeSystem",
    "url" : "https://dhis2.org/fhir/CodeSystem/locality-quality-cs",
    "version" : "0.1.0",
    "name" : "LocalityQualityCS"
  },
  {
    "id" : "locality-source-cs",
    "type" : "CodeSystem",
    "url" : "https://dhis2.org/fhir/CodeSystem/locality-source-cs",
    "version" : "0.1.0",
    "name" : "LocalitySourceCS"
  },
  {
    "id" : "necropsy-lesions-cs",
    "type" : "CodeSystem",
    "url" : "https://dhis2.org/fhir/CodeSystem/necropsy-lesions-cs",
    "version" : "0.1.0",
    "name" : "NecropsyLesionsCS"
  },
  {
    "id" : "production-system-one-cs",
    "type" : "CodeSystem",
    "url" : "https://dhis2.org/fhir/CodeSystem/production-system-one-cs",
    "version" : "0.1.0",
    "name" : "ProductionSystemOneCS"
  },
  {
    "id" : "production-system-two-cs",
    "type" : "CodeSystem",
    "url" : "https://dhis2.org/fhir/CodeSystem/production-system-two-cs",
    "version" : "0.1.0",
    "name" : "ProductionSystemTwoCS"
  },
  {
    "id" : "regions-cs",
    "type" : "CodeSystem",
    "url" : "https://dhis2.org/fhir/CodeSystem/regions-cs",
    "version" : "0.1.0",
    "name" : "RegionsCS"
  },
  {
    "id" : "sample-type-cs",
    "type" : "CodeSystem",
    "url" : "https://dhis2.org/fhir/CodeSystem/sample-type-cs",
    "version" : "0.1.0",
    "name" : "SampleTypeCS"
  },
  {
    "id" : "surveillance-type-cs",
    "type" : "CodeSystem",
    "url" : "https://dhis2.org/fhir/CodeSystem/surveillance-type-cs",
    "version" : "0.1.0",
    "name" : "SurveillanceTypeCS"
  },
  {
    "id" : "test-result-cs",
    "type" : "CodeSystem",
    "url" : "https://dhis2.org/fhir/CodeSystem/test-result-cs",
    "version" : "0.1.0",
    "name" : "TestResultCS"
  },
  {
    "id" : "test-type-cs",
    "type" : "CodeSystem",
    "url" : "https://dhis2.org/fhir/CodeSystem/test-type-cs",
    "version" : "0.1.0",
    "name" : "TestTypeCS"
  },
  {
    "id" : "treatments-cs",
    "type" : "CodeSystem",
    "url" : "https://dhis2.org/fhir/CodeSystem/treatments-cs",
    "version" : "0.1.0",
    "name" : "TreatmentsCS"
  },
  {
    "id" : "yes-no-unknown-cs",
    "type" : "CodeSystem",
    "url" : "https://dhis2.org/fhir/CodeSystem/yes-no-unknown-cs",
    "version" : "0.1.0",
    "name" : "YesNoUnknownCS"
  },
  {
    "id" : "zoonosis-surveillance-ig",
    "type" : "ImplementationGuide",
    "url" : "https://dhis2.org/fhir/ImplementationGuide/zoonosis-surveillance-ig",
    "version" : "0.1.0",
    "name" : "OneHealthZoonosisSurveillanceIG"
  },
  {
    "id" : "AnimalSurveillanceQuestionnaire",
    "type" : "Questionnaire",
    "url" : "https://dhis2.org/fhir/Questionnaire/AnimalSurveillanceQuestionnaire",
    "version" : "0.1.0",
    "name" : "AnimalSurveillanceQuestionnaire"
  },
  {
    "id" : "AnimalSurveillance",
    "type" : "StructureDefinition",
    "url" : "https://dhis2.org/fhir/StructureDefinition/AnimalSurveillance",
    "version" : "0.1.0",
    "name" : "AnimalSurveillance"
  },
  {
    "id" : "Laboratory",
    "type" : "StructureDefinition",
    "url" : "https://dhis2.org/fhir/StructureDefinition/Laboratory",
    "version" : "0.1.0",
    "name" : "Laboratory"
  },
  {
    "id" : "ZoonosisSurveillance",
    "type" : "StructureDefinition",
    "url" : "https://dhis2.org/fhir/StructureDefinition/ZoonosisSurveillance",
    "version" : "0.1.0",
    "name" : "ZoonosisSurveillance"
  },
  {
    "id" : "animal-class-vs",
    "type" : "ValueSet",
    "url" : "https://dhis2.org/fhir/ValueSet/animal-class-vs",
    "version" : "0.1.0",
    "name" : "AnimalClassVS"
  },
  {
    "id" : "animal-species-vs",
    "type" : "ValueSet",
    "url" : "https://dhis2.org/fhir/ValueSet/animal-species-vs",
    "version" : "0.1.0",
    "name" : "AnimalSpeciesVS"
  },
  {
    "id" : "animal-type-vs",
    "type" : "ValueSet",
    "url" : "https://dhis2.org/fhir/ValueSet/animal-type-vs",
    "version" : "0.1.0",
    "name" : "AnimalTypeVS"
  },
  {
    "id" : "clade-vs",
    "type" : "ValueSet",
    "url" : "https://dhis2.org/fhir/ValueSet/clade-vs",
    "version" : "0.1.0",
    "name" : "CladeVS"
  },
  {
    "id" : "clinical-signs-vs",
    "type" : "ValueSet",
    "url" : "https://dhis2.org/fhir/ValueSet/clinical-signs-vs",
    "version" : "0.1.0",
    "name" : "ClinicalSignsVS"
  },
  {
    "id" : "control-measures-vs",
    "type" : "ValueSet",
    "url" : "https://dhis2.org/fhir/ValueSet/control-measures-vs",
    "version" : "0.1.0",
    "name" : "ControlMeasuresVS"
  },
  {
    "id" : "diagnosis-basis-vs",
    "type" : "ValueSet",
    "url" : "https://dhis2.org/fhir/ValueSet/diagnosis-basis-vs",
    "version" : "0.1.0",
    "name" : "DiagnosisBasisVS"
  },
  {
    "id" : "diagnostic-source-vs",
    "type" : "ValueSet",
    "url" : "https://dhis2.org/fhir/ValueSet/diagnostic-source-vs",
    "version" : "0.1.0",
    "name" : "DiagnosticSourceVS"
  },
  {
    "id" : "disease-status-vs",
    "type" : "ValueSet",
    "url" : "https://dhis2.org/fhir/ValueSet/disease-status-vs",
    "version" : "0.1.0",
    "name" : "DiseaseStatusVS"
  },
  {
    "id" : "disease-subtype-vs",
    "type" : "ValueSet",
    "url" : "https://dhis2.org/fhir/ValueSet/disease-subtype-vs",
    "version" : "0.1.0",
    "name" : "DiseaseSubtypeVS"
  },
  {
    "id" : "diseases-vs",
    "type" : "ValueSet",
    "url" : "https://dhis2.org/fhir/ValueSet/diseases-vs",
    "version" : "0.1.0",
    "name" : "DiseasesVS"
  },
  {
    "id" : "districts-vs",
    "type" : "ValueSet",
    "url" : "https://dhis2.org/fhir/ValueSet/districts-vs",
    "version" : "0.1.0",
    "name" : "DistrictsVS"
  },
  {
    "id" : "empresi-countries-vs",
    "type" : "ValueSet",
    "url" : "https://dhis2.org/fhir/ValueSet/empresi-countries-vs",
    "version" : "0.1.0",
    "name" : "EmpresiCountriesVS"
  },
  {
    "id" : "infection-source-vs",
    "type" : "ValueSet",
    "url" : "https://dhis2.org/fhir/ValueSet/infection-source-vs",
    "version" : "0.1.0",
    "name" : "InfectionSourceVS"
  },
  {
    "id" : "lab-diseases-vs",
    "type" : "ValueSet",
    "url" : "https://dhis2.org/fhir/ValueSet/lab-diseases-vs",
    "version" : "0.1.0",
    "name" : "LabDiseasesVS"
  },
  {
    "id" : "laboratory-vs",
    "type" : "ValueSet",
    "url" : "https://dhis2.org/fhir/ValueSet/laboratory-vs",
    "version" : "0.1.0",
    "name" : "LaboratoryVS"
  },
  {
    "id" : "locality-quality-vs",
    "type" : "ValueSet",
    "url" : "https://dhis2.org/fhir/ValueSet/locality-quality-vs",
    "version" : "0.1.0",
    "name" : "LocalityQualityVS"
  },
  {
    "id" : "locality-source-vs",
    "type" : "ValueSet",
    "url" : "https://dhis2.org/fhir/ValueSet/locality-source-vs",
    "version" : "0.1.0",
    "name" : "LocalitySourceVS"
  },
  {
    "id" : "necropsy-lesions-vs",
    "type" : "ValueSet",
    "url" : "https://dhis2.org/fhir/ValueSet/necropsy-lesions-vs",
    "version" : "0.1.0",
    "name" : "NecropsyLesionsVS"
  },
  {
    "id" : "production-system-one-vs",
    "type" : "ValueSet",
    "url" : "https://dhis2.org/fhir/ValueSet/production-system-one-vs",
    "version" : "0.1.0",
    "name" : "ProductionSystemOneVS"
  },
  {
    "id" : "production-system-two-vs",
    "type" : "ValueSet",
    "url" : "https://dhis2.org/fhir/ValueSet/production-system-two-vs",
    "version" : "0.1.0",
    "name" : "ProductionSystemTwoVS"
  },
  {
    "id" : "regions-vs",
    "type" : "ValueSet",
    "url" : "https://dhis2.org/fhir/ValueSet/regions-vs",
    "version" : "0.1.0",
    "name" : "RegionsVS"
  },
  {
    "id" : "sample-type-vs",
    "type" : "ValueSet",
    "url" : "https://dhis2.org/fhir/ValueSet/sample-type-vs",
    "version" : "0.1.0",
    "name" : "SampleTypeVS"
  },
  {
    "id" : "surveillance-type-vs",
    "type" : "ValueSet",
    "url" : "https://dhis2.org/fhir/ValueSet/surveillance-type-vs",
    "version" : "0.1.0",
    "name" : "SurveillanceTypeVS"
  },
  {
    "id" : "test-result-vs",
    "type" : "ValueSet",
    "url" : "https://dhis2.org/fhir/ValueSet/test-result-vs",
    "version" : "0.1.0",
    "name" : "TestResultVS"
  },
  {
    "id" : "test-type-vs",
    "type" : "ValueSet",
    "url" : "https://dhis2.org/fhir/ValueSet/test-type-vs",
    "version" : "0.1.0",
    "name" : "TestTypeVS"
  },
  {
    "id" : "treatments-vs",
    "type" : "ValueSet",
    "url" : "https://dhis2.org/fhir/ValueSet/treatments-vs",
    "version" : "0.1.0",
    "name" : "TreatmentsVS"
  },
  {
    "id" : "yes-no-unknown-vs",
    "type" : "ValueSet",
    "url" : "https://dhis2.org/fhir/ValueSet/yes-no-unknown-vs",
    "version" : "0.1.0",
    "name" : "YesNoUnknownVS"
  }
]
