{
  "resourceType" : "CodeSystem",
  "id" : "sample-type-cs",
  "text" : {
    "status" : "generated",
    "div" : "<div xmlns=\"http://www.w3.org/1999/xhtml\"><p>This  code system <code>https://dhis2.org/fhir/CodeSystem/sample-type-cs</code> defines the following codes:</p><table class=\"codes\"><tr><td style=\"white-space:nowrap\"><b>Code</b></td><td><b>Display</b></td></tr><tr><td style=\"white-space:nowrap\">ABSCESS_(TUMOUR)_MATERIAL<a name=\"sample-type-cs-ABSCESS_.40TUMOUR.41_MATERIAL\"> </a></td><td>Abscess (Tumour) material</td></tr><tr><td style=\"white-space:nowrap\">BAIT<a name=\"sample-type-cs-BAIT\"> </a></td><td>Bait</td></tr><tr><td style=\"white-space:nowrap\">BIOPSY<a name=\"sample-type-cs-BIOPSY\"> </a></td><td>Biopsy</td></tr><tr><td style=\"white-space:nowrap\">BLOOD_SAMPLE<a name=\"sample-type-cs-BLOOD_SAMPLE\"> </a></td><td>Blood sample</td></tr><tr><td style=\"white-space:nowrap\">BLOOD_SMEAR<a name=\"sample-type-cs-BLOOD_SMEAR\"> </a></td><td>Blood smear</td></tr><tr><td style=\"white-space:nowrap\">BODY_FLUID<a name=\"sample-type-cs-BODY_FLUID\"> </a></td><td>Body fluid</td></tr><tr><td style=\"white-space:nowrap\">BONE_MARROW<a name=\"sample-type-cs-BONE_MARROW\"> </a></td><td>Bone marrow</td></tr><tr><td style=\"white-space:nowrap\">BONE_MEAL/BLOOD_MEAL<a name=\"sample-type-cs-BONE_MEAL.47BLOOD_MEAL\"> </a></td><td>Bone meal/Blood meal</td></tr><tr><td style=\"white-space:nowrap\">BONE/BLOOD_MEAL<a name=\"sample-type-cs-BONE.47BLOOD_MEAL\"> </a></td><td>Bone/blood meal</td></tr><tr><td style=\"white-space:nowrap\">BRAIN_IN_FORMALIN<a name=\"sample-type-cs-BRAIN_IN_FORMALIN\"> </a></td><td>Brain in formalin</td></tr><tr><td style=\"white-space:nowrap\">BRAIN_IN_GLYCERINE<a name=\"sample-type-cs-BRAIN_IN_GLYCERINE\"> </a></td><td>Brain in glycerine</td></tr><tr><td style=\"white-space:nowrap\">BRAIN_ON_ICE<a name=\"sample-type-cs-BRAIN_ON_ICE\"> </a></td><td>Brain on ice</td></tr><tr><td style=\"white-space:nowrap\">CADAVER<a name=\"sample-type-cs-CADAVER\"> </a></td><td>Cadaver</td></tr><tr><td style=\"white-space:nowrap\">CARCASS<a name=\"sample-type-cs-CARCASS\"> </a></td><td>Carcass</td></tr><tr><td style=\"white-space:nowrap\">CLOACAL_SWABS<a name=\"sample-type-cs-CLOACAL_SWABS\"> </a></td><td>Cloacal swabs</td></tr><tr><td style=\"white-space:nowrap\">CRAB_SAMPLE<a name=\"sample-type-cs-CRAB_SAMPLE\"> </a></td><td>Crab sample</td></tr><tr><td style=\"white-space:nowrap\">CROP_SAMPLE<a name=\"sample-type-cs-CROP_SAMPLE\"> </a></td><td>Crop sample</td></tr><tr><td style=\"white-space:nowrap\">ENVIRONMENTAL<a name=\"sample-type-cs-ENVIRONMENTAL\"> </a></td><td>Environmental</td></tr><tr><td style=\"white-space:nowrap\">FAECES<a name=\"sample-type-cs-FAECES\"> </a></td><td>Faeces</td></tr><tr><td style=\"white-space:nowrap\">FEATHER<a name=\"sample-type-cs-FEATHER\"> </a></td><td>Feather</td></tr><tr><td style=\"white-space:nowrap\">FEED<a name=\"sample-type-cs-FEED\"> </a></td><td>Feed</td></tr><tr><td style=\"white-space:nowrap\">FILTER_PAPER_WITH_BLOOD<a name=\"sample-type-cs-FILTER_PAPER_WITH_BLOOD\"> </a></td><td>Filter paper with blood</td></tr><tr><td style=\"white-space:nowrap\">FISH_SAMPLE<a name=\"sample-type-cs-FISH_SAMPLE\"> </a></td><td>Fish sample</td></tr><tr><td style=\"white-space:nowrap\">FOETUS<a name=\"sample-type-cs-FOETUS\"> </a></td><td>Foetus</td></tr><tr><td style=\"white-space:nowrap\">HAIR<a name=\"sample-type-cs-HAIR\"> </a></td><td>Hair</td></tr><tr><td style=\"white-space:nowrap\">HEAD<a name=\"sample-type-cs-HEAD\"> </a></td><td>Head</td></tr><tr><td style=\"white-space:nowrap\">HONEY_BEE_SAMPLE<a name=\"sample-type-cs-HONEY_BEE_SAMPLE\"> </a></td><td>Honey bee sample</td></tr><tr><td style=\"white-space:nowrap\">INSECT_SAMPLE<a name=\"sample-type-cs-INSECT_SAMPLE\"> </a></td><td>Insect sample</td></tr><tr><td style=\"white-space:nowrap\">INTESTINE_SCREAPING<a name=\"sample-type-cs-INTESTINE_SCREAPING\"> </a></td><td>Intestine screaping</td></tr><tr><td style=\"white-space:nowrap\">INTESTINES<a name=\"sample-type-cs-INTESTINES\"> </a></td><td>Intestines</td></tr><tr><td style=\"white-space:nowrap\">INTESTINES_CONTENT<a name=\"sample-type-cs-INTESTINES_CONTENT\"> </a></td><td>Intestines Content</td></tr><tr><td style=\"white-space:nowrap\">JOINT_FLUID<a name=\"sample-type-cs-JOINT_FLUID\"> </a></td><td>Joint fluid</td></tr><tr><td style=\"white-space:nowrap\">LYMPHNODE_SMEAR<a name=\"sample-type-cs-LYMPHNODE_SMEAR\"> </a></td><td>Lymphnode smear</td></tr><tr><td style=\"white-space:nowrap\">MAIZE_BRAN<a name=\"sample-type-cs-MAIZE_BRAN\"> </a></td><td>Maize bran</td></tr><tr><td style=\"white-space:nowrap\">MARINE_SAMPLE<a name=\"sample-type-cs-MARINE_SAMPLE\"> </a></td><td>Marine sample</td></tr><tr><td style=\"white-space:nowrap\">MEAT_TRIMMINGS<a name=\"sample-type-cs-MEAT_TRIMMINGS\"> </a></td><td>Meat Trimmings</td></tr><tr><td style=\"white-space:nowrap\">MILK<a name=\"sample-type-cs-MILK\"> </a></td><td>Milk</td></tr><tr><td style=\"white-space:nowrap\">MUSCLE_SAMPLE<a name=\"sample-type-cs-MUSCLE_SAMPLE\"> </a></td><td>Muscle sample</td></tr><tr><td style=\"white-space:nowrap\">NO_SAMPLE_TAKEN<a name=\"sample-type-cs-NO_SAMPLE_TAKEN\"> </a></td><td>No sample taken</td></tr><tr><td style=\"white-space:nowrap\">ORGAN_SAMPLE<a name=\"sample-type-cs-ORGAN_SAMPLE\"> </a></td><td>Organ sample</td></tr><tr><td style=\"white-space:nowrap\">PLANT<a name=\"sample-type-cs-PLANT\"> </a></td><td>Plant</td></tr><tr><td style=\"white-space:nowrap\">PREPUCIAL_WASHINGS<a name=\"sample-type-cs-PREPUCIAL_WASHINGS\"> </a></td><td>Prepucial washings</td></tr><tr><td style=\"white-space:nowrap\">PUS<a name=\"sample-type-cs-PUS\"> </a></td><td>Pus</td></tr><tr><td style=\"white-space:nowrap\">RICE_BRAN<a name=\"sample-type-cs-RICE_BRAN\"> </a></td><td>Rice bran</td></tr><tr><td style=\"white-space:nowrap\">SCRAPING<a name=\"sample-type-cs-SCRAPING\"> </a></td><td>Scraping</td></tr><tr><td style=\"white-space:nowrap\">SEA_CUCCUMBER_SAMPLE<a name=\"sample-type-cs-SEA_CUCCUMBER_SAMPLE\"> </a></td><td>Sea cuccumber sample</td></tr><tr><td style=\"white-space:nowrap\">SEMEN<a name=\"sample-type-cs-SEMEN\"> </a></td><td>Semen</td></tr><tr><td style=\"white-space:nowrap\">SERUM<a name=\"sample-type-cs-SERUM\"> </a></td><td>Serum</td></tr><tr><td style=\"white-space:nowrap\">SKIN_SCRAPING<a name=\"sample-type-cs-SKIN_SCRAPING\"> </a></td><td>Skin scraping</td></tr><tr><td style=\"white-space:nowrap\">SMEAR_(IMPRESSION)<a name=\"sample-type-cs-SMEAR_.40IMPRESSION.41\"> </a></td><td>Smear (impression)</td></tr><tr><td style=\"white-space:nowrap\">STOMACH_CONTENT<a name=\"sample-type-cs-STOMACH_CONTENT\"> </a></td><td>Stomach content</td></tr><tr><td style=\"white-space:nowrap\">STOMOXYS_SAMPLE<a name=\"sample-type-cs-STOMOXYS_SAMPLE\"> </a></td><td>Stomoxys sample</td></tr><tr><td style=\"white-space:nowrap\">SWAB<a name=\"sample-type-cs-SWAB\"> </a></td><td>Swab</td></tr><tr><td style=\"white-space:nowrap\">SWAB_(ABATTOIR_HYGIENE)<a name=\"sample-type-cs-SWAB_.40ABATTOIR_HYGIENE.41\"> </a></td><td>Swab (abattoir hygiene)</td></tr><tr><td style=\"white-space:nowrap\">SWAB_(EYE)<a name=\"sample-type-cs-SWAB_.40EYE.41\"> </a></td><td>Swab (eye)</td></tr><tr><td style=\"white-space:nowrap\">SWAB_(NASAL)<a name=\"sample-type-cs-SWAB_.40NASAL.41\"> </a></td><td>Swab (nasal)</td></tr><tr><td style=\"white-space:nowrap\">SWAB_(THROAT)<a name=\"sample-type-cs-SWAB_.40THROAT.41\"> </a></td><td>Swab (throat)</td></tr><tr><td style=\"white-space:nowrap\">SWAB_(VAGINAL)<a name=\"sample-type-cs-SWAB_.40VAGINAL.41\"> </a></td><td>Swab (vaginal)</td></tr><tr><td style=\"white-space:nowrap\">THICK_BLOOD_SMEAR<a name=\"sample-type-cs-THICK_BLOOD_SMEAR\"> </a></td><td>Thick blood smear</td></tr><tr><td style=\"white-space:nowrap\">THIN_BLOOD_SMEAR<a name=\"sample-type-cs-THIN_BLOOD_SMEAR\"> </a></td><td>Thin blood smear</td></tr><tr><td style=\"white-space:nowrap\">TICK_SAMPLE<a name=\"sample-type-cs-TICK_SAMPLE\"> </a></td><td>Tick sample</td></tr><tr><td style=\"white-space:nowrap\">TISSUE_IN_FORMALIN<a name=\"sample-type-cs-TISSUE_IN_FORMALIN\"> </a></td><td>Tissue in formalin</td></tr><tr><td style=\"white-space:nowrap\">TISSUE_IN_PBS<a name=\"sample-type-cs-TISSUE_IN_PBS\"> </a></td><td>Tissue in PBS</td></tr><tr><td style=\"white-space:nowrap\">TISSUE_ON_ICE<a name=\"sample-type-cs-TISSUE_ON_ICE\"> </a></td><td>Tissue on ice</td></tr><tr><td style=\"white-space:nowrap\">TRACHEAL_SWABS<a name=\"sample-type-cs-TRACHEAL_SWABS\"> </a></td><td>Tracheal swabs</td></tr><tr><td style=\"white-space:nowrap\">URINE<a name=\"sample-type-cs-URINE\"> </a></td><td>Urine</td></tr><tr><td style=\"white-space:nowrap\">UTERINE_CONTECT<a name=\"sample-type-cs-UTERINE_CONTECT\"> </a></td><td>Uterine contect</td></tr><tr><td style=\"white-space:nowrap\">UTERUS<a name=\"sample-type-cs-UTERUS\"> </a></td><td>Uterus</td></tr><tr><td style=\"white-space:nowrap\">WATER<a name=\"sample-type-cs-WATER\"> </a></td><td>Water</td></tr><tr><td style=\"white-space:nowrap\">WEAT_BRAN<a name=\"sample-type-cs-WEAT_BRAN\"> </a></td><td>Weat bran</td></tr><tr><td style=\"white-space:nowrap\">WHOLE_BLOOD<a name=\"sample-type-cs-WHOLE_BLOOD\"> </a></td><td>Whole blood</td></tr></table></div>"
  },
  "url" : "https://dhis2.org/fhir/CodeSystem/sample-type-cs",
  "version" : "0.1.0",
  "name" : "SampleTypeCS",
  "title" : "Sample Type Code System",
  "status" : "draft",
  "date" : "2024-04-16T18:12:52+00:00",
  "publisher" : "DHIS2",
  "contact" : [{
    "name" : "DHIS2",
    "telecom" : [{
      "system" : "url",
      "value" : "https://dhis2.org"
    },
    {
      "system" : "email",
      "value" : "johan.hole@dhis2.org"
    }]
  }],
  "description" : "Code system for sample types.",
  "content" : "complete",
  "count" : 71,
  "concept" : [{
    "code" : "ABSCESS_(TUMOUR)_MATERIAL",
    "display" : "Abscess (Tumour) material"
  },
  {
    "code" : "BAIT",
    "display" : "Bait"
  },
  {
    "code" : "BIOPSY",
    "display" : "Biopsy"
  },
  {
    "code" : "BLOOD_SAMPLE",
    "display" : "Blood sample"
  },
  {
    "code" : "BLOOD_SMEAR",
    "display" : "Blood smear"
  },
  {
    "code" : "BODY_FLUID",
    "display" : "Body fluid"
  },
  {
    "code" : "BONE_MARROW",
    "display" : "Bone marrow"
  },
  {
    "code" : "BONE_MEAL/BLOOD_MEAL",
    "display" : "Bone meal/Blood meal"
  },
  {
    "code" : "BONE/BLOOD_MEAL",
    "display" : "Bone/blood meal"
  },
  {
    "code" : "BRAIN_IN_FORMALIN",
    "display" : "Brain in formalin"
  },
  {
    "code" : "BRAIN_IN_GLYCERINE",
    "display" : "Brain in glycerine"
  },
  {
    "code" : "BRAIN_ON_ICE",
    "display" : "Brain on ice"
  },
  {
    "code" : "CADAVER",
    "display" : "Cadaver"
  },
  {
    "code" : "CARCASS",
    "display" : "Carcass"
  },
  {
    "code" : "CLOACAL_SWABS",
    "display" : "Cloacal swabs"
  },
  {
    "code" : "CRAB_SAMPLE",
    "display" : "Crab sample"
  },
  {
    "code" : "CROP_SAMPLE",
    "display" : "Crop sample"
  },
  {
    "code" : "ENVIRONMENTAL",
    "display" : "Environmental"
  },
  {
    "code" : "FAECES",
    "display" : "Faeces"
  },
  {
    "code" : "FEATHER",
    "display" : "Feather"
  },
  {
    "code" : "FEED",
    "display" : "Feed"
  },
  {
    "code" : "FILTER_PAPER_WITH_BLOOD",
    "display" : "Filter paper with blood"
  },
  {
    "code" : "FISH_SAMPLE",
    "display" : "Fish sample"
  },
  {
    "code" : "FOETUS",
    "display" : "Foetus"
  },
  {
    "code" : "HAIR",
    "display" : "Hair"
  },
  {
    "code" : "HEAD",
    "display" : "Head"
  },
  {
    "code" : "HONEY_BEE_SAMPLE",
    "display" : "Honey bee sample"
  },
  {
    "code" : "INSECT_SAMPLE",
    "display" : "Insect sample"
  },
  {
    "code" : "INTESTINE_SCREAPING",
    "display" : "Intestine screaping"
  },
  {
    "code" : "INTESTINES",
    "display" : "Intestines"
  },
  {
    "code" : "INTESTINES_CONTENT",
    "display" : "Intestines Content"
  },
  {
    "code" : "JOINT_FLUID",
    "display" : "Joint fluid"
  },
  {
    "code" : "LYMPHNODE_SMEAR",
    "display" : "Lymphnode smear"
  },
  {
    "code" : "MAIZE_BRAN",
    "display" : "Maize bran"
  },
  {
    "code" : "MARINE_SAMPLE",
    "display" : "Marine sample"
  },
  {
    "code" : "MEAT_TRIMMINGS",
    "display" : "Meat Trimmings"
  },
  {
    "code" : "MILK",
    "display" : "Milk"
  },
  {
    "code" : "MUSCLE_SAMPLE",
    "display" : "Muscle sample"
  },
  {
    "code" : "NO_SAMPLE_TAKEN",
    "display" : "No sample taken"
  },
  {
    "code" : "ORGAN_SAMPLE",
    "display" : "Organ sample"
  },
  {
    "code" : "PLANT",
    "display" : "Plant"
  },
  {
    "code" : "PREPUCIAL_WASHINGS",
    "display" : "Prepucial washings"
  },
  {
    "code" : "PUS",
    "display" : "Pus"
  },
  {
    "code" : "RICE_BRAN",
    "display" : "Rice bran"
  },
  {
    "code" : "SCRAPING",
    "display" : "Scraping"
  },
  {
    "code" : "SEA_CUCCUMBER_SAMPLE",
    "display" : "Sea cuccumber sample"
  },
  {
    "code" : "SEMEN",
    "display" : "Semen"
  },
  {
    "code" : "SERUM",
    "display" : "Serum"
  },
  {
    "code" : "SKIN_SCRAPING",
    "display" : "Skin scraping"
  },
  {
    "code" : "SMEAR_(IMPRESSION)",
    "display" : "Smear (impression)"
  },
  {
    "code" : "STOMACH_CONTENT",
    "display" : "Stomach content"
  },
  {
    "code" : "STOMOXYS_SAMPLE",
    "display" : "Stomoxys sample"
  },
  {
    "code" : "SWAB",
    "display" : "Swab"
  },
  {
    "code" : "SWAB_(ABATTOIR_HYGIENE)",
    "display" : "Swab (abattoir hygiene)"
  },
  {
    "code" : "SWAB_(EYE)",
    "display" : "Swab (eye)"
  },
  {
    "code" : "SWAB_(NASAL)",
    "display" : "Swab (nasal)"
  },
  {
    "code" : "SWAB_(THROAT)",
    "display" : "Swab (throat)"
  },
  {
    "code" : "SWAB_(VAGINAL)",
    "display" : "Swab (vaginal)"
  },
  {
    "code" : "THICK_BLOOD_SMEAR",
    "display" : "Thick blood smear"
  },
  {
    "code" : "THIN_BLOOD_SMEAR",
    "display" : "Thin blood smear"
  },
  {
    "code" : "TICK_SAMPLE",
    "display" : "Tick sample"
  },
  {
    "code" : "TISSUE_IN_FORMALIN",
    "display" : "Tissue in formalin"
  },
  {
    "code" : "TISSUE_IN_PBS",
    "display" : "Tissue in PBS"
  },
  {
    "code" : "TISSUE_ON_ICE",
    "display" : "Tissue on ice"
  },
  {
    "code" : "TRACHEAL_SWABS",
    "display" : "Tracheal swabs"
  },
  {
    "code" : "URINE",
    "display" : "Urine"
  },
  {
    "code" : "UTERINE_CONTECT",
    "display" : "Uterine contect"
  },
  {
    "code" : "UTERUS",
    "display" : "Uterus"
  },
  {
    "code" : "WATER",
    "display" : "Water"
  },
  {
    "code" : "WEAT_BRAN",
    "display" : "Weat bran"
  },
  {
    "code" : "WHOLE_BLOOD",
    "display" : "Whole blood"
  }]
}