{
  "resourceType" : "CodeSystem",
  "id" : "treatments-cs",
  "text" : {
    "status" : "generated",
    "div" : "<div xmlns=\"http://www.w3.org/1999/xhtml\"><p>This  code system <code>https://dhis2.org/fhir/CodeSystem/treatments-cs</code> defines the following codes:</p><table class=\"codes\"><tr><td style=\"white-space:nowrap\"><b>Code</b></td><td><b>Display</b></td></tr><tr><td style=\"white-space:nowrap\">ACARICIDE<a name=\"treatments-cs-ACARICIDE\"> </a></td><td>Acaricide</td></tr><tr><td style=\"white-space:nowrap\">ACTIVATED_CHARCOAL<a name=\"treatments-cs-ACTIVATED_CHARCOAL\"> </a></td><td>Activated Charcoal</td></tr><tr><td style=\"white-space:nowrap\">ANTHELMINTIC<a name=\"treatments-cs-ANTHELMINTIC\"> </a></td><td>Anthelmintic</td></tr><tr><td style=\"white-space:nowrap\">ANTI_INFLAMMATORY<a name=\"treatments-cs-ANTI_INFLAMMATORY\"> </a></td><td>Anti inflammatory</td></tr><tr><td style=\"white-space:nowrap\">ANTIBABESIOSIS_TREATMENT<a name=\"treatments-cs-ANTIBABESIOSIS_TREATMENT\"> </a></td><td>Antibabesiosis treatment</td></tr><tr><td style=\"white-space:nowrap\">ANTIBIOTIC<a name=\"treatments-cs-ANTIBIOTIC\"> </a></td><td>Antibiotic</td></tr><tr><td style=\"white-space:nowrap\">ANTICOCCIDIOSIS_TREATMENT<a name=\"treatments-cs-ANTICOCCIDIOSIS_TREATMENT\"> </a></td><td>Anticoccidiosis treatment</td></tr><tr><td style=\"white-space:nowrap\">ANTIFUNGAL_TREATMENT<a name=\"treatments-cs-ANTIFUNGAL_TREATMENT\"> </a></td><td>Antifungal Treatment</td></tr><tr><td style=\"white-space:nowrap\">ANTIPROTOZOAN_TREATMENT<a name=\"treatments-cs-ANTIPROTOZOAN_TREATMENT\"> </a></td><td>Antiprotozoan treatment</td></tr><tr><td style=\"white-space:nowrap\">ANTIPYRITIC<a name=\"treatments-cs-ANTIPYRITIC\"> </a></td><td>Antipyritic</td></tr><tr><td style=\"white-space:nowrap\">ANTITHILERIOSIS_TREATMENT<a name=\"treatments-cs-ANTITHILERIOSIS_TREATMENT\"> </a></td><td>Antithileriosis treatment</td></tr><tr><td style=\"white-space:nowrap\">ANTIVIRAL_TREATMENT<a name=\"treatments-cs-ANTIVIRAL_TREATMENT\"> </a></td><td>Antiviral Treatment</td></tr><tr><td style=\"white-space:nowrap\">DICLOPHENAC<a name=\"treatments-cs-DICLOPHENAC\"> </a></td><td>Diclophenac</td></tr><tr><td style=\"white-space:nowrap\">DIP<a name=\"treatments-cs-DIP\"> </a></td><td>Dip</td></tr><tr><td style=\"white-space:nowrap\">DOXYCYCLINE<a name=\"treatments-cs-DOXYCYCLINE\"> </a></td><td>Doxycycline</td></tr><tr><td style=\"white-space:nowrap\">INSECTICIDE<a name=\"treatments-cs-INSECTICIDE\"> </a></td><td>Insecticide</td></tr><tr><td style=\"white-space:nowrap\">IVERMECTIN<a name=\"treatments-cs-IVERMECTIN\"> </a></td><td>Ivermectin</td></tr><tr><td style=\"white-space:nowrap\">NO_TREATMENT<a name=\"treatments-cs-NO_TREATMENT\"> </a></td><td>No Treatment</td></tr><tr><td style=\"white-space:nowrap\">NO_VACCINATION<a name=\"treatments-cs-NO_VACCINATION\"> </a></td><td>No vaccination</td></tr><tr><td style=\"white-space:nowrap\">OESTRUS_SYNCRONIZATION<a name=\"treatments-cs-OESTRUS_SYNCRONIZATION\"> </a></td><td>Oestrus syncronization</td></tr><tr><td style=\"white-space:nowrap\">SUPPORTIVE_TREATMENT<a name=\"treatments-cs-SUPPORTIVE_TREATMENT\"> </a></td><td>Supportive treatment</td></tr><tr><td style=\"white-space:nowrap\">SYMPTOMATIC_TREATMENT<a name=\"treatments-cs-SYMPTOMATIC_TREATMENT\"> </a></td><td>Symptomatic Treatment</td></tr><tr><td style=\"white-space:nowrap\">TOPICAL_TREATMENT<a name=\"treatments-cs-TOPICAL_TREATMENT\"> </a></td><td>Topical treatment</td></tr><tr><td style=\"white-space:nowrap\">VACCINATION<a name=\"treatments-cs-VACCINATION\"> </a></td><td>Vaccination</td></tr></table></div>"
  },
  "url" : "https://dhis2.org/fhir/CodeSystem/treatments-cs",
  "version" : "0.1.0",
  "name" : "TreatmentsCS",
  "title" : "Treatments Code System",
  "status" : "draft",
  "date" : "2024-04-16T18:12:52+00:00",
  "publisher" : "DHIS2",
  "contact" : [{
    "name" : "DHIS2",
    "telecom" : [{
      "system" : "url",
      "value" : "https://dhis2.org"
    },
    {
      "system" : "email",
      "value" : "johan.hole@dhis2.org"
    }]
  }],
  "description" : "Code system for possible treatments.",
  "content" : "complete",
  "count" : 24,
  "concept" : [{
    "code" : "ACARICIDE",
    "display" : "Acaricide"
  },
  {
    "code" : "ACTIVATED_CHARCOAL",
    "display" : "Activated Charcoal"
  },
  {
    "code" : "ANTHELMINTIC",
    "display" : "Anthelmintic"
  },
  {
    "code" : "ANTI_INFLAMMATORY",
    "display" : "Anti inflammatory"
  },
  {
    "code" : "ANTIBABESIOSIS_TREATMENT",
    "display" : "Antibabesiosis treatment"
  },
  {
    "code" : "ANTIBIOTIC",
    "display" : "Antibiotic"
  },
  {
    "code" : "ANTICOCCIDIOSIS_TREATMENT",
    "display" : "Anticoccidiosis treatment"
  },
  {
    "code" : "ANTIFUNGAL_TREATMENT",
    "display" : "Antifungal Treatment"
  },
  {
    "code" : "ANTIPROTOZOAN_TREATMENT",
    "display" : "Antiprotozoan treatment"
  },
  {
    "code" : "ANTIPYRITIC",
    "display" : "Antipyritic"
  },
  {
    "code" : "ANTITHILERIOSIS_TREATMENT",
    "display" : "Antithileriosis treatment"
  },
  {
    "code" : "ANTIVIRAL_TREATMENT",
    "display" : "Antiviral Treatment"
  },
  {
    "code" : "DICLOPHENAC",
    "display" : "Diclophenac"
  },
  {
    "code" : "DIP",
    "display" : "Dip"
  },
  {
    "code" : "DOXYCYCLINE",
    "display" : "Doxycycline"
  },
  {
    "code" : "INSECTICIDE",
    "display" : "Insecticide"
  },
  {
    "code" : "IVERMECTIN",
    "display" : "Ivermectin"
  },
  {
    "code" : "NO_TREATMENT",
    "display" : "No Treatment"
  },
  {
    "code" : "NO_VACCINATION",
    "display" : "No vaccination"
  },
  {
    "code" : "OESTRUS_SYNCRONIZATION",
    "display" : "Oestrus syncronization"
  },
  {
    "code" : "SUPPORTIVE_TREATMENT",
    "display" : "Supportive treatment"
  },
  {
    "code" : "SYMPTOMATIC_TREATMENT",
    "display" : "Symptomatic Treatment"
  },
  {
    "code" : "TOPICAL_TREATMENT",
    "display" : "Topical treatment"
  },
  {
    "code" : "VACCINATION",
    "display" : "Vaccination"
  }]
}