{
  "resourceType" : "CodeSystem",
  "id" : "empresi-countries-cs",
  "text" : {
    "status" : "generated",
    "div" : "<div xmlns=\"http://www.w3.org/1999/xhtml\"><p>This  code system <code>https://example.org/fhir/CodeSystem/empresi-countries-cs</code> defines the following codes:</p><table class=\"codes\"><tr><td style=\"white-space:nowrap\"><b>Code</b></td><td><b>Display</b></td></tr><tr><td style=\"white-space:nowrap\">COUNTRIES_EMPRESI_125<a name=\"empresi-countries-cs-COUNTRIES_EMPRESI_125\"> </a></td><td>Abyei</td></tr><tr><td style=\"white-space:nowrap\">COUNTRIES_EMPRESI_208<a name=\"empresi-countries-cs-COUNTRIES_EMPRESI_208\"> </a></td><td>Afghanistan</td></tr><tr><td style=\"white-space:nowrap\">COUNTRIES_EMPRESI_76<a name=\"empresi-countries-cs-COUNTRIES_EMPRESI_76\"> </a></td><td>Aksai Chin</td></tr><tr><td style=\"white-space:nowrap\">COUNTRIES_EMPRESI_217<a name=\"empresi-countries-cs-COUNTRIES_EMPRESI_217\"> </a></td><td>Albania</td></tr><tr><td style=\"white-space:nowrap\">COUNTRIES_EMPRESI_122<a name=\"empresi-countries-cs-COUNTRIES_EMPRESI_122\"> </a></td><td>Algeria</td></tr><tr><td style=\"white-space:nowrap\">COUNTRIES_EMPRESI_163<a name=\"empresi-countries-cs-COUNTRIES_EMPRESI_163\"> </a></td><td>American Samoa</td></tr><tr><td style=\"white-space:nowrap\">COUNTRIES_EMPRESI_218<a name=\"empresi-countries-cs-COUNTRIES_EMPRESI_218\"> </a></td><td>Andorra</td></tr><tr><td style=\"white-space:nowrap\">COUNTRIES_EMPRESI_113<a name=\"empresi-countries-cs-COUNTRIES_EMPRESI_113\"> </a></td><td>Angola</td></tr><tr><td style=\"white-space:nowrap\">COUNTRIES_EMPRESI_14<a name=\"empresi-countries-cs-COUNTRIES_EMPRESI_14\"> </a></td><td>Anguilla</td></tr><tr><td style=\"white-space:nowrap\">COUNTRIES_EMPRESI_5<a name=\"empresi-countries-cs-COUNTRIES_EMPRESI_5\"> </a></td><td>Antarctica</td></tr><tr><td style=\"white-space:nowrap\">COUNTRIES_EMPRESI_15<a name=\"empresi-countries-cs-COUNTRIES_EMPRESI_15\"> </a></td><td>Antigua and Barbuda</td></tr><tr><td style=\"white-space:nowrap\">COUNTRIES_EMPRESI_173<a name=\"empresi-countries-cs-COUNTRIES_EMPRESI_173\"> </a></td><td>Argentina</td></tr><tr><td style=\"white-space:nowrap\">COUNTRIES_EMPRESI_251<a name=\"empresi-countries-cs-COUNTRIES_EMPRESI_251\"> </a></td><td>Armenia</td></tr><tr><td style=\"white-space:nowrap\">COUNTRIES_EMPRESI_16<a name=\"empresi-countries-cs-COUNTRIES_EMPRESI_16\"> </a></td><td>Aruba</td></tr><tr><td style=\"white-space:nowrap\">COUNTRIES_EMPRESI_77<a name=\"empresi-countries-cs-COUNTRIES_EMPRESI_77\"> </a></td><td>Arunachal Pradesh</td></tr><tr><td style=\"white-space:nowrap\">COUNTRIES_EMPRESI_10<a name=\"empresi-countries-cs-COUNTRIES_EMPRESI_10\"> </a></td><td>Ashmore and Cartier Islands</td></tr><tr><td style=\"white-space:nowrap\">COUNTRIES_EMPRESI_11<a name=\"empresi-countries-cs-COUNTRIES_EMPRESI_11\"> </a></td><td>Australia</td></tr><tr><td style=\"white-space:nowrap\">COUNTRIES_EMPRESI_270<a name=\"empresi-countries-cs-COUNTRIES_EMPRESI_270\"> </a></td><td>Austria</td></tr><tr><td style=\"white-space:nowrap\">COUNTRIES_EMPRESI_252<a name=\"empresi-countries-cs-COUNTRIES_EMPRESI_252\"> </a></td><td>Azerbaijan</td></tr><tr><td style=\"white-space:nowrap\">COUNTRIES_EMPRESI_233<a name=\"empresi-countries-cs-COUNTRIES_EMPRESI_233\"> </a></td><td>Azores Islands</td></tr><tr><td style=\"white-space:nowrap\">COUNTRIES_EMPRESI_17<a name=\"empresi-countries-cs-COUNTRIES_EMPRESI_17\"> </a></td><td>Bahamas</td></tr><tr><td style=\"white-space:nowrap\">COUNTRIES_EMPRESI_253<a name=\"empresi-countries-cs-COUNTRIES_EMPRESI_253\"> </a></td><td>Bahrain</td></tr><tr><td style=\"white-space:nowrap\">COUNTRIES_EMPRESI_134<a name=\"empresi-countries-cs-COUNTRIES_EMPRESI_134\"> </a></td><td>Baker Island</td></tr><tr><td style=\"white-space:nowrap\">COUNTRIES_EMPRESI_209<a name=\"empresi-countries-cs-COUNTRIES_EMPRESI_209\"> </a></td><td>Bangladesh</td></tr><tr><td style=\"white-space:nowrap\">COUNTRIES_EMPRESI_18<a name=\"empresi-countries-cs-COUNTRIES_EMPRESI_18\"> </a></td><td>Barbados</td></tr><tr><td style=\"white-space:nowrap\">COUNTRIES_EMPRESI_53<a name=\"empresi-countries-cs-COUNTRIES_EMPRESI_53\"> </a></td><td>Bassas da India</td></tr><tr><td style=\"white-space:nowrap\">COUNTRIES_EMPRESI_90<a name=\"empresi-countries-cs-COUNTRIES_EMPRESI_90\"> </a></td><td>Belarus</td></tr><tr><td style=\"white-space:nowrap\">COUNTRIES_EMPRESI_271<a name=\"empresi-countries-cs-COUNTRIES_EMPRESI_271\"> </a></td><td>Belgium</td></tr><tr><td style=\"white-space:nowrap\">COUNTRIES_EMPRESI_39<a name=\"empresi-countries-cs-COUNTRIES_EMPRESI_39\"> </a></td><td>Belize</td></tr><tr><td style=\"white-space:nowrap\">COUNTRIES_EMPRESI_234<a name=\"empresi-countries-cs-COUNTRIES_EMPRESI_234\"> </a></td><td>Benin</td></tr><tr><td style=\"white-space:nowrap\">COUNTRIES_EMPRESI_135<a name=\"empresi-countries-cs-COUNTRIES_EMPRESI_135\"> </a></td><td>Bermuda</td></tr><tr><td style=\"white-space:nowrap\">COUNTRIES_EMPRESI_210<a name=\"empresi-countries-cs-COUNTRIES_EMPRESI_210\"> </a></td><td>Bhutan</td></tr><tr><td style=\"white-space:nowrap\">COUNTRIES_EMPRESI_19<a name=\"empresi-countries-cs-COUNTRIES_EMPRESI_19\"> </a></td><td>Bird Island</td></tr><tr><td style=\"white-space:nowrap\">COUNTRIES_EMPRESI_174<a name=\"empresi-countries-cs-COUNTRIES_EMPRESI_174\"> </a></td><td>Bolivia (Plurinational State of)</td></tr><tr><td style=\"white-space:nowrap\">COUNTRIES_EMPRESI_219<a name=\"empresi-countries-cs-COUNTRIES_EMPRESI_219\"> </a></td><td>Bosnia and Herzegovina</td></tr><tr><td style=\"white-space:nowrap\">COUNTRIES_EMPRESI_203<a name=\"empresi-countries-cs-COUNTRIES_EMPRESI_203\"> </a></td><td>Botswana</td></tr><tr><td style=\"white-space:nowrap\">COUNTRIES_EMPRESI_6<a name=\"empresi-countries-cs-COUNTRIES_EMPRESI_6\"> </a></td><td>Bouvet Island</td></tr><tr><td style=\"white-space:nowrap\">COUNTRIES_EMPRESI_175<a name=\"empresi-countries-cs-COUNTRIES_EMPRESI_175\"> </a></td><td>Brazil</td></tr><tr><td style=\"white-space:nowrap\">COUNTRIES_EMPRESI_54<a name=\"empresi-countries-cs-COUNTRIES_EMPRESI_54\"> </a></td><td>British Indian Ocean Territory</td></tr><tr><td style=\"white-space:nowrap\">COUNTRIES_EMPRESI_20<a name=\"empresi-countries-cs-COUNTRIES_EMPRESI_20\"> </a></td><td>British Virgin Islands</td></tr><tr><td style=\"white-space:nowrap\">COUNTRIES_EMPRESI_187<a name=\"empresi-countries-cs-COUNTRIES_EMPRESI_187\"> </a></td><td>Brunei Darussalam</td></tr><tr><td style=\"white-space:nowrap\">COUNTRIES_EMPRESI_91<a name=\"empresi-countries-cs-COUNTRIES_EMPRESI_91\"> </a></td><td>Bulgaria</td></tr><tr><td style=\"white-space:nowrap\">COUNTRIES_EMPRESI_235<a name=\"empresi-countries-cs-COUNTRIES_EMPRESI_235\"> </a></td><td>Burkina Faso</td></tr><tr><td style=\"white-space:nowrap\">COUNTRIES_EMPRESI_55<a name=\"empresi-countries-cs-COUNTRIES_EMPRESI_55\"> </a></td><td>Burundi</td></tr><tr><td style=\"white-space:nowrap\">COUNTRIES_EMPRESI_237<a name=\"empresi-countries-cs-COUNTRIES_EMPRESI_237\"> </a></td><td>CÃ´te d'Ivoire</td></tr><tr><td style=\"white-space:nowrap\">COUNTRIES_EMPRESI_236<a name=\"empresi-countries-cs-COUNTRIES_EMPRESI_236\"> </a></td><td>Cabo Verde</td></tr><tr><td style=\"white-space:nowrap\">COUNTRIES_EMPRESI_188<a name=\"empresi-countries-cs-COUNTRIES_EMPRESI_188\"> </a></td><td>Cambodia</td></tr><tr><td style=\"white-space:nowrap\">COUNTRIES_EMPRESI_114<a name=\"empresi-countries-cs-COUNTRIES_EMPRESI_114\"> </a></td><td>Cameroon</td></tr><tr><td style=\"white-space:nowrap\">COUNTRIES_EMPRESI_136<a name=\"empresi-countries-cs-COUNTRIES_EMPRESI_136\"> </a></td><td>Canada</td></tr><tr><td style=\"white-space:nowrap\">COUNTRIES_EMPRESI_21<a name=\"empresi-countries-cs-COUNTRIES_EMPRESI_21\"> </a></td><td>Cayman Islands</td></tr><tr><td style=\"white-space:nowrap\">COUNTRIES_EMPRESI_115<a name=\"empresi-countries-cs-COUNTRIES_EMPRESI_115\"> </a></td><td>Central African Republic</td></tr><tr><td style=\"white-space:nowrap\">COUNTRIES_EMPRESI_116<a name=\"empresi-countries-cs-COUNTRIES_EMPRESI_116\"> </a></td><td>Chad</td></tr><tr><td style=\"white-space:nowrap\">COUNTRIES_EMPRESI_176<a name=\"empresi-countries-cs-COUNTRIES_EMPRESI_176\"> </a></td><td>Chile</td></tr><tr><td style=\"white-space:nowrap\">COUNTRIES_EMPRESI_293<a name=\"empresi-countries-cs-COUNTRIES_EMPRESI_293\"> </a></td><td>China</td></tr><tr><td style=\"white-space:nowrap\">COUNTRIES_EMPRESI_86<a name=\"empresi-countries-cs-COUNTRIES_EMPRESI_86\"> </a></td><td>China, Hong Kong SAR</td></tr><tr><td style=\"white-space:nowrap\">COUNTRIES_EMPRESI_89<a name=\"empresi-countries-cs-COUNTRIES_EMPRESI_89\"> </a></td><td>China, Taiwan Province of</td></tr><tr><td style=\"white-space:nowrap\">COUNTRIES_EMPRESI_78<a name=\"empresi-countries-cs-COUNTRIES_EMPRESI_78\"> </a></td><td>China/India</td></tr><tr><td style=\"white-space:nowrap\">COUNTRIES_EMPRESI_189<a name=\"empresi-countries-cs-COUNTRIES_EMPRESI_189\"> </a></td><td>Christmas Island</td></tr><tr><td style=\"white-space:nowrap\">COUNTRIES_EMPRESI_40<a name=\"empresi-countries-cs-COUNTRIES_EMPRESI_40\"> </a></td><td>Clipperton Island</td></tr><tr><td style=\"white-space:nowrap\">COUNTRIES_EMPRESI_190<a name=\"empresi-countries-cs-COUNTRIES_EMPRESI_190\"> </a></td><td>Cocos (Keeling) Islands</td></tr><tr><td style=\"white-space:nowrap\">COUNTRIES_EMPRESI_177<a name=\"empresi-countries-cs-COUNTRIES_EMPRESI_177\"> </a></td><td>Colombia</td></tr><tr><td style=\"white-space:nowrap\">COUNTRIES_EMPRESI_56<a name=\"empresi-countries-cs-COUNTRIES_EMPRESI_56\"> </a></td><td>Comoros</td></tr><tr><td style=\"white-space:nowrap\">COUNTRIES_EMPRESI_117<a name=\"empresi-countries-cs-COUNTRIES_EMPRESI_117\"> </a></td><td>Congo</td></tr><tr><td style=\"white-space:nowrap\">COUNTRIES_EMPRESI_164<a name=\"empresi-countries-cs-COUNTRIES_EMPRESI_164\"> </a></td><td>Cook Islands</td></tr><tr><td style=\"white-space:nowrap\">COUNTRIES_EMPRESI_41<a name=\"empresi-countries-cs-COUNTRIES_EMPRESI_41\"> </a></td><td>Costa Rica</td></tr><tr><td style=\"white-space:nowrap\">COUNTRIES_EMPRESI_220<a name=\"empresi-countries-cs-COUNTRIES_EMPRESI_220\"> </a></td><td>Croatia</td></tr><tr><td style=\"white-space:nowrap\">COUNTRIES_EMPRESI_22<a name=\"empresi-countries-cs-COUNTRIES_EMPRESI_22\"> </a></td><td>Cuba</td></tr><tr><td style=\"white-space:nowrap\">COUNTRIES_EMPRESI_254<a name=\"empresi-countries-cs-COUNTRIES_EMPRESI_254\"> </a></td><td>Cyprus</td></tr><tr><td style=\"white-space:nowrap\">COUNTRIES_EMPRESI_92<a name=\"empresi-countries-cs-COUNTRIES_EMPRESI_92\"> </a></td><td>Czechia</td></tr><tr><td style=\"white-space:nowrap\">COUNTRIES_EMPRESI_79<a name=\"empresi-countries-cs-COUNTRIES_EMPRESI_79\"> </a></td><td>Democratic People's Republic of Korea</td></tr><tr><td style=\"white-space:nowrap\">COUNTRIES_EMPRESI_118<a name=\"empresi-countries-cs-COUNTRIES_EMPRESI_118\"> </a></td><td>Democratic Republic of the Congo</td></tr><tr><td style=\"white-space:nowrap\">COUNTRIES_EMPRESI_147<a name=\"empresi-countries-cs-COUNTRIES_EMPRESI_147\"> </a></td><td>Denmark</td></tr><tr><td style=\"white-space:nowrap\">COUNTRIES_EMPRESI_57<a name=\"empresi-countries-cs-COUNTRIES_EMPRESI_57\"> </a></td><td>Djibouti</td></tr><tr><td style=\"white-space:nowrap\">COUNTRIES_EMPRESI_23<a name=\"empresi-countries-cs-COUNTRIES_EMPRESI_23\"> </a></td><td>Dominica</td></tr><tr><td style=\"white-space:nowrap\">COUNTRIES_EMPRESI_24<a name=\"empresi-countries-cs-COUNTRIES_EMPRESI_24\"> </a></td><td>Dominican Republic</td></tr><tr><td style=\"white-space:nowrap\">COUNTRIES_EMPRESI_178<a name=\"empresi-countries-cs-COUNTRIES_EMPRESI_178\"> </a></td><td>Ecuador</td></tr><tr><td style=\"white-space:nowrap\">COUNTRIES_EMPRESI_132<a name=\"empresi-countries-cs-COUNTRIES_EMPRESI_132\"> </a></td><td>Egypt</td></tr><tr><td style=\"white-space:nowrap\">COUNTRIES_EMPRESI_42<a name=\"empresi-countries-cs-COUNTRIES_EMPRESI_42\"> </a></td><td>El Salvador</td></tr><tr><td style=\"white-space:nowrap\">COUNTRIES_EMPRESI_119<a name=\"empresi-countries-cs-COUNTRIES_EMPRESI_119\"> </a></td><td>Equatorial Guinea</td></tr><tr><td style=\"white-space:nowrap\">COUNTRIES_EMPRESI_58<a name=\"empresi-countries-cs-COUNTRIES_EMPRESI_58\"> </a></td><td>Eritrea</td></tr><tr><td style=\"white-space:nowrap\">COUNTRIES_EMPRESI_148<a name=\"empresi-countries-cs-COUNTRIES_EMPRESI_148\"> </a></td><td>Estonia</td></tr><tr><td style=\"white-space:nowrap\">COUNTRIES_EMPRESI_207<a name=\"empresi-countries-cs-COUNTRIES_EMPRESI_207\"> </a></td><td>Eswatini</td></tr><tr><td style=\"white-space:nowrap\">COUNTRIES_EMPRESI_59<a name=\"empresi-countries-cs-COUNTRIES_EMPRESI_59\"> </a></td><td>Ethiopia</td></tr><tr><td style=\"white-space:nowrap\">COUNTRIES_EMPRESI_60<a name=\"empresi-countries-cs-COUNTRIES_EMPRESI_60\"> </a></td><td>Europa Island</td></tr><tr><td style=\"white-space:nowrap\">COUNTRIES_EMPRESI_179<a name=\"empresi-countries-cs-COUNTRIES_EMPRESI_179\"> </a></td><td>Falkland Islands (Malvinas)</td></tr><tr><td style=\"white-space:nowrap\">COUNTRIES_EMPRESI_149<a name=\"empresi-countries-cs-COUNTRIES_EMPRESI_149\"> </a></td><td>Faroe Islands</td></tr><tr><td style=\"white-space:nowrap\">COUNTRIES_EMPRESI_100<a name=\"empresi-countries-cs-COUNTRIES_EMPRESI_100\"> </a></td><td>Fiji</td></tr><tr><td style=\"white-space:nowrap\">COUNTRIES_EMPRESI_150<a name=\"empresi-countries-cs-COUNTRIES_EMPRESI_150\"> </a></td><td>Finland</td></tr><tr><td style=\"white-space:nowrap\">COUNTRIES_EMPRESI_272<a name=\"empresi-countries-cs-COUNTRIES_EMPRESI_272\"> </a></td><td>France</td></tr><tr><td style=\"white-space:nowrap\">COUNTRIES_EMPRESI_180<a name=\"empresi-countries-cs-COUNTRIES_EMPRESI_180\"> </a></td><td>French Guiana</td></tr><tr><td style=\"white-space:nowrap\">COUNTRIES_EMPRESI_165<a name=\"empresi-countries-cs-COUNTRIES_EMPRESI_165\"> </a></td><td>French Polynesia</td></tr><tr><td style=\"white-space:nowrap\">COUNTRIES_EMPRESI_7<a name=\"empresi-countries-cs-COUNTRIES_EMPRESI_7\"> </a></td><td>French Southern and Antarctic Territories</td></tr><tr><td style=\"white-space:nowrap\">COUNTRIES_EMPRESI_120<a name=\"empresi-countries-cs-COUNTRIES_EMPRESI_120\"> </a></td><td>Gabon</td></tr><tr><td style=\"white-space:nowrap\">COUNTRIES_EMPRESI_238<a name=\"empresi-countries-cs-COUNTRIES_EMPRESI_238\"> </a></td><td>Gambia</td></tr><tr><td style=\"white-space:nowrap\">COUNTRIES_EMPRESI_255<a name=\"empresi-countries-cs-COUNTRIES_EMPRESI_255\"> </a></td><td>Gaza Strip</td></tr><tr><td style=\"white-space:nowrap\">COUNTRIES_EMPRESI_256<a name=\"empresi-countries-cs-COUNTRIES_EMPRESI_256\"> </a></td><td>Georgia</td></tr><tr><td style=\"white-space:nowrap\">COUNTRIES_EMPRESI_273<a name=\"empresi-countries-cs-COUNTRIES_EMPRESI_273\"> </a></td><td>Germany</td></tr><tr><td style=\"white-space:nowrap\">COUNTRIES_EMPRESI_239<a name=\"empresi-countries-cs-COUNTRIES_EMPRESI_239\"> </a></td><td>Ghana</td></tr><tr><td style=\"white-space:nowrap\">COUNTRIES_EMPRESI_221<a name=\"empresi-countries-cs-COUNTRIES_EMPRESI_221\"> </a></td><td>Gibraltar</td></tr><tr><td style=\"white-space:nowrap\">COUNTRIES_EMPRESI_61<a name=\"empresi-countries-cs-COUNTRIES_EMPRESI_61\"> </a></td><td>Glorioso Islands</td></tr><tr><td style=\"white-space:nowrap\">COUNTRIES_EMPRESI_222<a name=\"empresi-countries-cs-COUNTRIES_EMPRESI_222\"> </a></td><td>Greece</td></tr><tr><td style=\"white-space:nowrap\">COUNTRIES_EMPRESI_137<a name=\"empresi-countries-cs-COUNTRIES_EMPRESI_137\"> </a></td><td>Greenland</td></tr><tr><td style=\"white-space:nowrap\">COUNTRIES_EMPRESI_25<a name=\"empresi-countries-cs-COUNTRIES_EMPRESI_25\"> </a></td><td>Grenada</td></tr><tr><td style=\"white-space:nowrap\">COUNTRIES_EMPRESI_26<a name=\"empresi-countries-cs-COUNTRIES_EMPRESI_26\"> </a></td><td>Guadeloupe</td></tr><tr><td style=\"white-space:nowrap\">COUNTRIES_EMPRESI_105<a name=\"empresi-countries-cs-COUNTRIES_EMPRESI_105\"> </a></td><td>Guam</td></tr><tr><td style=\"white-space:nowrap\">COUNTRIES_EMPRESI_43<a name=\"empresi-countries-cs-COUNTRIES_EMPRESI_43\"> </a></td><td>Guatemala</td></tr><tr><td style=\"white-space:nowrap\">COUNTRIES_EMPRESI_151<a name=\"empresi-countries-cs-COUNTRIES_EMPRESI_151\"> </a></td><td>Guernsey</td></tr><tr><td style=\"white-space:nowrap\">COUNTRIES_EMPRESI_241<a name=\"empresi-countries-cs-COUNTRIES_EMPRESI_241\"> </a></td><td>Guinea</td></tr><tr><td style=\"white-space:nowrap\">COUNTRIES_EMPRESI_240<a name=\"empresi-countries-cs-COUNTRIES_EMPRESI_240\"> </a></td><td>Guinea-Bissau</td></tr><tr><td style=\"white-space:nowrap\">COUNTRIES_EMPRESI_181<a name=\"empresi-countries-cs-COUNTRIES_EMPRESI_181\"> </a></td><td>Guyana</td></tr><tr><td style=\"white-space:nowrap\">COUNTRIES_EMPRESI_27<a name=\"empresi-countries-cs-COUNTRIES_EMPRESI_27\"> </a></td><td>Haiti</td></tr><tr><td style=\"white-space:nowrap\">COUNTRIES_EMPRESI_130<a name=\"empresi-countries-cs-COUNTRIES_EMPRESI_130\"> </a></td><td>Hala'ib triangle</td></tr><tr><td style=\"white-space:nowrap\">COUNTRIES_EMPRESI_8<a name=\"empresi-countries-cs-COUNTRIES_EMPRESI_8\"> </a></td><td>Heard and McDonald Islands</td></tr><tr><td style=\"white-space:nowrap\">COUNTRIES_EMPRESI_223<a name=\"empresi-countries-cs-COUNTRIES_EMPRESI_223\"> </a></td><td>Holy See</td></tr><tr><td style=\"white-space:nowrap\">COUNTRIES_EMPRESI_44<a name=\"empresi-countries-cs-COUNTRIES_EMPRESI_44\"> </a></td><td>Honduras</td></tr><tr><td style=\"white-space:nowrap\">COUNTRIES_EMPRESI_138<a name=\"empresi-countries-cs-COUNTRIES_EMPRESI_138\"> </a></td><td>Howland Island</td></tr><tr><td style=\"white-space:nowrap\">COUNTRIES_EMPRESI_93<a name=\"empresi-countries-cs-COUNTRIES_EMPRESI_93\"> </a></td><td>Hungary</td></tr><tr><td style=\"white-space:nowrap\">COUNTRIES_EMPRESI_152<a name=\"empresi-countries-cs-COUNTRIES_EMPRESI_152\"> </a></td><td>Iceland</td></tr><tr><td style=\"white-space:nowrap\">COUNTRIES_EMPRESI_133<a name=\"empresi-countries-cs-COUNTRIES_EMPRESI_133\"> </a></td><td>Ilemi triangle</td></tr><tr><td style=\"white-space:nowrap\">COUNTRIES_EMPRESI_211<a name=\"empresi-countries-cs-COUNTRIES_EMPRESI_211\"> </a></td><td>India</td></tr><tr><td style=\"white-space:nowrap\">COUNTRIES_EMPRESI_191<a name=\"empresi-countries-cs-COUNTRIES_EMPRESI_191\"> </a></td><td>Indonesia</td></tr><tr><td style=\"white-space:nowrap\">COUNTRIES_EMPRESI_212<a name=\"empresi-countries-cs-COUNTRIES_EMPRESI_212\"> </a></td><td>Iran (Islamic Republic of)</td></tr><tr><td style=\"white-space:nowrap\">COUNTRIES_EMPRESI_257<a name=\"empresi-countries-cs-COUNTRIES_EMPRESI_257\"> </a></td><td>Iraq</td></tr><tr><td style=\"white-space:nowrap\">COUNTRIES_EMPRESI_153<a name=\"empresi-countries-cs-COUNTRIES_EMPRESI_153\"> </a></td><td>Ireland</td></tr><tr><td style=\"white-space:nowrap\">COUNTRIES_EMPRESI_154<a name=\"empresi-countries-cs-COUNTRIES_EMPRESI_154\"> </a></td><td>Isle of Man</td></tr><tr><td style=\"white-space:nowrap\">COUNTRIES_EMPRESI_258<a name=\"empresi-countries-cs-COUNTRIES_EMPRESI_258\"> </a></td><td>Israel</td></tr><tr><td style=\"white-space:nowrap\">COUNTRIES_EMPRESI_2<a name=\"empresi-countries-cs-COUNTRIES_EMPRESI_2\"> </a></td><td>Italy</td></tr><tr><td style=\"white-space:nowrap\">COUNTRIES_EMPRESI_28<a name=\"empresi-countries-cs-COUNTRIES_EMPRESI_28\"> </a></td><td>Jamaica</td></tr><tr><td style=\"white-space:nowrap\">COUNTRIES_EMPRESI_87<a name=\"empresi-countries-cs-COUNTRIES_EMPRESI_87\"> </a></td><td>Jammu and Kashmir</td></tr><tr><td style=\"white-space:nowrap\">COUNTRIES_EMPRESI_80<a name=\"empresi-countries-cs-COUNTRIES_EMPRESI_80\"> </a></td><td>Japan</td></tr><tr><td style=\"white-space:nowrap\">COUNTRIES_EMPRESI_139<a name=\"empresi-countries-cs-COUNTRIES_EMPRESI_139\"> </a></td><td>Jarvis Island</td></tr><tr><td style=\"white-space:nowrap\">COUNTRIES_EMPRESI_155<a name=\"empresi-countries-cs-COUNTRIES_EMPRESI_155\"> </a></td><td>Jersey</td></tr><tr><td style=\"white-space:nowrap\">COUNTRIES_EMPRESI_140<a name=\"empresi-countries-cs-COUNTRIES_EMPRESI_140\"> </a></td><td>Johnston Atoll</td></tr><tr><td style=\"white-space:nowrap\">COUNTRIES_EMPRESI_259<a name=\"empresi-countries-cs-COUNTRIES_EMPRESI_259\"> </a></td><td>Jordan</td></tr><tr><td style=\"white-space:nowrap\">COUNTRIES_EMPRESI_62<a name=\"empresi-countries-cs-COUNTRIES_EMPRESI_62\"> </a></td><td>Juan de Nova Island</td></tr><tr><td style=\"white-space:nowrap\">COUNTRIES_EMPRESI_48<a name=\"empresi-countries-cs-COUNTRIES_EMPRESI_48\"> </a></td><td>Kazakhstan</td></tr><tr><td style=\"white-space:nowrap\">COUNTRIES_EMPRESI_1<a name=\"empresi-countries-cs-COUNTRIES_EMPRESI_1\"> </a></td><td>Kenya</td></tr><tr><td style=\"white-space:nowrap\">COUNTRIES_EMPRESI_141<a name=\"empresi-countries-cs-COUNTRIES_EMPRESI_141\"> </a></td><td>Kingman Reef</td></tr><tr><td style=\"white-space:nowrap\">COUNTRIES_EMPRESI_106<a name=\"empresi-countries-cs-COUNTRIES_EMPRESI_106\"> </a></td><td>Kiribati</td></tr><tr><td style=\"white-space:nowrap\">COUNTRIES_EMPRESI_81<a name=\"empresi-countries-cs-COUNTRIES_EMPRESI_81\"> </a></td><td>Kuril islands</td></tr><tr><td style=\"white-space:nowrap\">COUNTRIES_EMPRESI_260<a name=\"empresi-countries-cs-COUNTRIES_EMPRESI_260\"> </a></td><td>Kuwait</td></tr><tr><td style=\"white-space:nowrap\">COUNTRIES_EMPRESI_49<a name=\"empresi-countries-cs-COUNTRIES_EMPRESI_49\"> </a></td><td>Kyrgyzstan</td></tr><tr><td style=\"white-space:nowrap\">COUNTRIES_EMPRESI_192<a name=\"empresi-countries-cs-COUNTRIES_EMPRESI_192\"> </a></td><td>Lao People's Democratic Republic</td></tr><tr><td style=\"white-space:nowrap\">COUNTRIES_EMPRESI_156<a name=\"empresi-countries-cs-COUNTRIES_EMPRESI_156\"> </a></td><td>Latvia</td></tr><tr><td style=\"white-space:nowrap\">COUNTRIES_EMPRESI_261<a name=\"empresi-countries-cs-COUNTRIES_EMPRESI_261\"> </a></td><td>Lebanon</td></tr><tr><td style=\"white-space:nowrap\">COUNTRIES_EMPRESI_204<a name=\"empresi-countries-cs-COUNTRIES_EMPRESI_204\"> </a></td><td>Lesotho</td></tr><tr><td style=\"white-space:nowrap\">COUNTRIES_EMPRESI_242<a name=\"empresi-countries-cs-COUNTRIES_EMPRESI_242\"> </a></td><td>Liberia</td></tr><tr><td style=\"white-space:nowrap\">COUNTRIES_EMPRESI_126<a name=\"empresi-countries-cs-COUNTRIES_EMPRESI_126\"> </a></td><td>Libya</td></tr><tr><td style=\"white-space:nowrap\">COUNTRIES_EMPRESI_274<a name=\"empresi-countries-cs-COUNTRIES_EMPRESI_274\"> </a></td><td>Liechtenstein</td></tr><tr><td style=\"white-space:nowrap\">COUNTRIES_EMPRESI_157<a name=\"empresi-countries-cs-COUNTRIES_EMPRESI_157\"> </a></td><td>Lithuania</td></tr><tr><td style=\"white-space:nowrap\">COUNTRIES_EMPRESI_275<a name=\"empresi-countries-cs-COUNTRIES_EMPRESI_275\"> </a></td><td>Luxembourg</td></tr><tr><td style=\"white-space:nowrap\">COUNTRIES_EMPRESI_131<a name=\"empresi-countries-cs-COUNTRIES_EMPRESI_131\"> </a></td><td>Ma'tan al-Sarra</td></tr><tr><td style=\"white-space:nowrap\">COUNTRIES_EMPRESI_82<a name=\"empresi-countries-cs-COUNTRIES_EMPRESI_82\"> </a></td><td>Macau</td></tr><tr><td style=\"white-space:nowrap\">COUNTRIES_EMPRESI_63<a name=\"empresi-countries-cs-COUNTRIES_EMPRESI_63\"> </a></td><td>Madagascar</td></tr><tr><td style=\"white-space:nowrap\">COUNTRIES_EMPRESI_224<a name=\"empresi-countries-cs-COUNTRIES_EMPRESI_224\"> </a></td><td>Madeira Islands</td></tr><tr><td style=\"white-space:nowrap\">COUNTRIES_EMPRESI_64<a name=\"empresi-countries-cs-COUNTRIES_EMPRESI_64\"> </a></td><td>Malawi</td></tr><tr><td style=\"white-space:nowrap\">COUNTRIES_EMPRESI_193<a name=\"empresi-countries-cs-COUNTRIES_EMPRESI_193\"> </a></td><td>Malaysia</td></tr><tr><td style=\"white-space:nowrap\">COUNTRIES_EMPRESI_213<a name=\"empresi-countries-cs-COUNTRIES_EMPRESI_213\"> </a></td><td>Maldives</td></tr><tr><td style=\"white-space:nowrap\">COUNTRIES_EMPRESI_243<a name=\"empresi-countries-cs-COUNTRIES_EMPRESI_243\"> </a></td><td>Mali</td></tr><tr><td style=\"white-space:nowrap\">COUNTRIES_EMPRESI_225<a name=\"empresi-countries-cs-COUNTRIES_EMPRESI_225\"> </a></td><td>Malta</td></tr><tr><td style=\"white-space:nowrap\">COUNTRIES_EMPRESI_107<a name=\"empresi-countries-cs-COUNTRIES_EMPRESI_107\"> </a></td><td>Marshall Islands</td></tr><tr><td style=\"white-space:nowrap\">COUNTRIES_EMPRESI_29<a name=\"empresi-countries-cs-COUNTRIES_EMPRESI_29\"> </a></td><td>Martinique</td></tr><tr><td style=\"white-space:nowrap\">COUNTRIES_EMPRESI_244<a name=\"empresi-countries-cs-COUNTRIES_EMPRESI_244\"> </a></td><td>Mauritania</td></tr><tr><td style=\"white-space:nowrap\">COUNTRIES_EMPRESI_65<a name=\"empresi-countries-cs-COUNTRIES_EMPRESI_65\"> </a></td><td>Mauritius</td></tr><tr><td style=\"white-space:nowrap\">COUNTRIES_EMPRESI_66<a name=\"empresi-countries-cs-COUNTRIES_EMPRESI_66\"> </a></td><td>Mayotte</td></tr><tr><td style=\"white-space:nowrap\">COUNTRIES_EMPRESI_45<a name=\"empresi-countries-cs-COUNTRIES_EMPRESI_45\"> </a></td><td>Mexico</td></tr><tr><td style=\"white-space:nowrap\">COUNTRIES_EMPRESI_108<a name=\"empresi-countries-cs-COUNTRIES_EMPRESI_108\"> </a></td><td>Micronesia (Federated States of)</td></tr><tr><td style=\"white-space:nowrap\">COUNTRIES_EMPRESI_142<a name=\"empresi-countries-cs-COUNTRIES_EMPRESI_142\"> </a></td><td>Midway Island</td></tr><tr><td style=\"white-space:nowrap\">COUNTRIES_EMPRESI_276<a name=\"empresi-countries-cs-COUNTRIES_EMPRESI_276\"> </a></td><td>Monaco</td></tr><tr><td style=\"white-space:nowrap\">COUNTRIES_EMPRESI_83<a name=\"empresi-countries-cs-COUNTRIES_EMPRESI_83\"> </a></td><td>Mongolia</td></tr><tr><td style=\"white-space:nowrap\">COUNTRIES_EMPRESI_231<a name=\"empresi-countries-cs-COUNTRIES_EMPRESI_231\"> </a></td><td>Montenegro</td></tr><tr><td style=\"white-space:nowrap\">COUNTRIES_EMPRESI_30<a name=\"empresi-countries-cs-COUNTRIES_EMPRESI_30\"> </a></td><td>Montserrat</td></tr><tr><td style=\"white-space:nowrap\">COUNTRIES_EMPRESI_127<a name=\"empresi-countries-cs-COUNTRIES_EMPRESI_127\"> </a></td><td>Morocco</td></tr><tr><td style=\"white-space:nowrap\">COUNTRIES_EMPRESI_67<a name=\"empresi-countries-cs-COUNTRIES_EMPRESI_67\"> </a></td><td>Mozambique</td></tr><tr><td style=\"white-space:nowrap\">COUNTRIES_EMPRESI_194<a name=\"empresi-countries-cs-COUNTRIES_EMPRESI_194\"> </a></td><td>Myanmar</td></tr><tr><td style=\"white-space:nowrap\">COUNTRIES_EMPRESI_205<a name=\"empresi-countries-cs-COUNTRIES_EMPRESI_205\"> </a></td><td>Namibia</td></tr><tr><td style=\"white-space:nowrap\">COUNTRIES_EMPRESI_109<a name=\"empresi-countries-cs-COUNTRIES_EMPRESI_109\"> </a></td><td>Nauru</td></tr><tr><td style=\"white-space:nowrap\">COUNTRIES_EMPRESI_143<a name=\"empresi-countries-cs-COUNTRIES_EMPRESI_143\"> </a></td><td>Navassa Island</td></tr><tr><td style=\"white-space:nowrap\">COUNTRIES_EMPRESI_214<a name=\"empresi-countries-cs-COUNTRIES_EMPRESI_214\"> </a></td><td>Nepal</td></tr><tr><td style=\"white-space:nowrap\">COUNTRIES_EMPRESI_277<a name=\"empresi-countries-cs-COUNTRIES_EMPRESI_277\"> </a></td><td>Netherlands</td></tr><tr><td style=\"white-space:nowrap\">COUNTRIES_EMPRESI_31<a name=\"empresi-countries-cs-COUNTRIES_EMPRESI_31\"> </a></td><td>Netherlands Antilles</td></tr><tr><td style=\"white-space:nowrap\">COUNTRIES_EMPRESI_101<a name=\"empresi-countries-cs-COUNTRIES_EMPRESI_101\"> </a></td><td>New Caledonia</td></tr><tr><td style=\"white-space:nowrap\">COUNTRIES_EMPRESI_12<a name=\"empresi-countries-cs-COUNTRIES_EMPRESI_12\"> </a></td><td>New Zealand</td></tr><tr><td style=\"white-space:nowrap\">COUNTRIES_EMPRESI_46<a name=\"empresi-countries-cs-COUNTRIES_EMPRESI_46\"> </a></td><td>Nicaragua</td></tr><tr><td style=\"white-space:nowrap\">COUNTRIES_EMPRESI_245<a name=\"empresi-countries-cs-COUNTRIES_EMPRESI_245\"> </a></td><td>Niger</td></tr><tr><td style=\"white-space:nowrap\">COUNTRIES_EMPRESI_246<a name=\"empresi-countries-cs-COUNTRIES_EMPRESI_246\"> </a></td><td>Nigeria</td></tr><tr><td style=\"white-space:nowrap\">COUNTRIES_EMPRESI_166<a name=\"empresi-countries-cs-COUNTRIES_EMPRESI_166\"> </a></td><td>Niue</td></tr><tr><td style=\"white-space:nowrap\">COUNTRIES_EMPRESI_13<a name=\"empresi-countries-cs-COUNTRIES_EMPRESI_13\"> </a></td><td>Norfolk Island</td></tr><tr><td style=\"white-space:nowrap\">COUNTRIES_EMPRESI_230<a name=\"empresi-countries-cs-COUNTRIES_EMPRESI_230\"> </a></td><td>North Macedonia</td></tr><tr><td style=\"white-space:nowrap\">COUNTRIES_EMPRESI_110<a name=\"empresi-countries-cs-COUNTRIES_EMPRESI_110\"> </a></td><td>Northern Mariana Islands</td></tr><tr><td style=\"white-space:nowrap\">COUNTRIES_EMPRESI_158<a name=\"empresi-countries-cs-COUNTRIES_EMPRESI_158\"> </a></td><td>Norway</td></tr><tr><td style=\"white-space:nowrap\">COUNTRIES_EMPRESI_162<a name=\"empresi-countries-cs-COUNTRIES_EMPRESI_162\"> </a></td><td>Not Available</td></tr><tr><td style=\"white-space:nowrap\">COUNTRIES_EMPRESI_262<a name=\"empresi-countries-cs-COUNTRIES_EMPRESI_262\"> </a></td><td>Oman</td></tr><tr><td style=\"white-space:nowrap\">COUNTRIES_EMPRESI_215<a name=\"empresi-countries-cs-COUNTRIES_EMPRESI_215\"> </a></td><td>Pakistan</td></tr><tr><td style=\"white-space:nowrap\">COUNTRIES_EMPRESI_111<a name=\"empresi-countries-cs-COUNTRIES_EMPRESI_111\"> </a></td><td>Palau</td></tr><tr><td style=\"white-space:nowrap\">COUNTRIES_EMPRESI_268<a name=\"empresi-countries-cs-COUNTRIES_EMPRESI_268\"> </a></td><td>Palestine</td></tr><tr><td style=\"white-space:nowrap\">COUNTRIES_EMPRESI_144<a name=\"empresi-countries-cs-COUNTRIES_EMPRESI_144\"> </a></td><td>Palmyra Atoll</td></tr><tr><td style=\"white-space:nowrap\">COUNTRIES_EMPRESI_47<a name=\"empresi-countries-cs-COUNTRIES_EMPRESI_47\"> </a></td><td>Panama</td></tr><tr><td style=\"white-space:nowrap\">COUNTRIES_EMPRESI_102<a name=\"empresi-countries-cs-COUNTRIES_EMPRESI_102\"> </a></td><td>Papua New Guinea</td></tr><tr><td style=\"white-space:nowrap\">COUNTRIES_EMPRESI_195<a name=\"empresi-countries-cs-COUNTRIES_EMPRESI_195\"> </a></td><td>Paracel Islands</td></tr><tr><td style=\"white-space:nowrap\">COUNTRIES_EMPRESI_182<a name=\"empresi-countries-cs-COUNTRIES_EMPRESI_182\"> </a></td><td>Paraguay</td></tr><tr><td style=\"white-space:nowrap\">COUNTRIES_EMPRESI_183<a name=\"empresi-countries-cs-COUNTRIES_EMPRESI_183\"> </a></td><td>Peru</td></tr><tr><td style=\"white-space:nowrap\">COUNTRIES_EMPRESI_196<a name=\"empresi-countries-cs-COUNTRIES_EMPRESI_196\"> </a></td><td>Philippines</td></tr><tr><td style=\"white-space:nowrap\">COUNTRIES_EMPRESI_167<a name=\"empresi-countries-cs-COUNTRIES_EMPRESI_167\"> </a></td><td>Pitcairn Islands</td></tr><tr><td style=\"white-space:nowrap\">COUNTRIES_EMPRESI_95<a name=\"empresi-countries-cs-COUNTRIES_EMPRESI_95\"> </a></td><td>Poland</td></tr><tr><td style=\"white-space:nowrap\">COUNTRIES_EMPRESI_226<a name=\"empresi-countries-cs-COUNTRIES_EMPRESI_226\"> </a></td><td>Portugal</td></tr><tr><td style=\"white-space:nowrap\">COUNTRIES_EMPRESI_32<a name=\"empresi-countries-cs-COUNTRIES_EMPRESI_32\"> </a></td><td>Puerto Rico</td></tr><tr><td style=\"white-space:nowrap\">COUNTRIES_EMPRESI_263<a name=\"empresi-countries-cs-COUNTRIES_EMPRESI_263\"> </a></td><td>Qatar</td></tr><tr><td style=\"white-space:nowrap\">COUNTRIES_EMPRESI_69<a name=\"empresi-countries-cs-COUNTRIES_EMPRESI_69\"> </a></td><td>Reunion</td></tr><tr><td style=\"white-space:nowrap\">COUNTRIES_EMPRESI_84<a name=\"empresi-countries-cs-COUNTRIES_EMPRESI_84\"> </a></td><td>Republic of Korea</td></tr><tr><td style=\"white-space:nowrap\">COUNTRIES_EMPRESI_94<a name=\"empresi-countries-cs-COUNTRIES_EMPRESI_94\"> </a></td><td>Republic of Moldova</td></tr><tr><td style=\"white-space:nowrap\">COUNTRIES_EMPRESI_96<a name=\"empresi-countries-cs-COUNTRIES_EMPRESI_96\"> </a></td><td>Romania</td></tr><tr><td style=\"white-space:nowrap\">COUNTRIES_EMPRESI_97<a name=\"empresi-countries-cs-COUNTRIES_EMPRESI_97\"> </a></td><td>Russian Federation</td></tr><tr><td style=\"white-space:nowrap\">COUNTRIES_EMPRESI_68<a name=\"empresi-countries-cs-COUNTRIES_EMPRESI_68\"> </a></td><td>Rwanda</td></tr><tr><td style=\"white-space:nowrap\">COUNTRIES_EMPRESI_247<a name=\"empresi-countries-cs-COUNTRIES_EMPRESI_247\"> </a></td><td>Saint Helena, Ascension and Tristan da Cunha</td></tr><tr><td style=\"white-space:nowrap\">COUNTRIES_EMPRESI_33<a name=\"empresi-countries-cs-COUNTRIES_EMPRESI_33\"> </a></td><td>Saint Kitts and Nevis</td></tr><tr><td style=\"white-space:nowrap\">COUNTRIES_EMPRESI_34<a name=\"empresi-countries-cs-COUNTRIES_EMPRESI_34\"> </a></td><td>Saint Lucia</td></tr><tr><td style=\"white-space:nowrap\">COUNTRIES_EMPRESI_145<a name=\"empresi-countries-cs-COUNTRIES_EMPRESI_145\"> </a></td><td>Saint Pierre and Miquelon</td></tr><tr><td style=\"white-space:nowrap\">COUNTRIES_EMPRESI_35<a name=\"empresi-countries-cs-COUNTRIES_EMPRESI_35\"> </a></td><td>Saint Vincent and the Grenadines</td></tr><tr><td style=\"white-space:nowrap\">COUNTRIES_EMPRESI_168<a name=\"empresi-countries-cs-COUNTRIES_EMPRESI_168\"> </a></td><td>Samoa</td></tr><tr><td style=\"white-space:nowrap\">COUNTRIES_EMPRESI_227<a name=\"empresi-countries-cs-COUNTRIES_EMPRESI_227\"> </a></td><td>San Marino</td></tr><tr><td style=\"white-space:nowrap\">COUNTRIES_EMPRESI_121<a name=\"empresi-countries-cs-COUNTRIES_EMPRESI_121\"> </a></td><td>Sao Tome and Principe</td></tr><tr><td style=\"white-space:nowrap\">COUNTRIES_EMPRESI_264<a name=\"empresi-countries-cs-COUNTRIES_EMPRESI_264\"> </a></td><td>Saudi Arabia</td></tr><tr><td style=\"white-space:nowrap\">COUNTRIES_EMPRESI_197<a name=\"empresi-countries-cs-COUNTRIES_EMPRESI_197\"> </a></td><td>Scarborough Reef</td></tr><tr><td style=\"white-space:nowrap\">COUNTRIES_EMPRESI_248<a name=\"empresi-countries-cs-COUNTRIES_EMPRESI_248\"> </a></td><td>Senegal</td></tr><tr><td style=\"white-space:nowrap\">COUNTRIES_EMPRESI_85<a name=\"empresi-countries-cs-COUNTRIES_EMPRESI_85\"> </a></td><td>Senkaku Islands</td></tr><tr><td style=\"white-space:nowrap\">COUNTRIES_EMPRESI_232<a name=\"empresi-countries-cs-COUNTRIES_EMPRESI_232\"> </a></td><td>Serbia</td></tr><tr><td style=\"white-space:nowrap\">COUNTRIES_EMPRESI_70<a name=\"empresi-countries-cs-COUNTRIES_EMPRESI_70\"> </a></td><td>Seychelles</td></tr><tr><td style=\"white-space:nowrap\">COUNTRIES_EMPRESI_249<a name=\"empresi-countries-cs-COUNTRIES_EMPRESI_249\"> </a></td><td>Sierra Leone</td></tr><tr><td style=\"white-space:nowrap\">COUNTRIES_EMPRESI_198<a name=\"empresi-countries-cs-COUNTRIES_EMPRESI_198\"> </a></td><td>Singapore</td></tr><tr><td style=\"white-space:nowrap\">COUNTRIES_EMPRESI_98<a name=\"empresi-countries-cs-COUNTRIES_EMPRESI_98\"> </a></td><td>Slovakia</td></tr><tr><td style=\"white-space:nowrap\">COUNTRIES_EMPRESI_228<a name=\"empresi-countries-cs-COUNTRIES_EMPRESI_228\"> </a></td><td>Slovenia</td></tr><tr><td style=\"white-space:nowrap\">COUNTRIES_EMPRESI_103<a name=\"empresi-countries-cs-COUNTRIES_EMPRESI_103\"> </a></td><td>Solomon Islands</td></tr><tr><td style=\"white-space:nowrap\">COUNTRIES_EMPRESI_71<a name=\"empresi-countries-cs-COUNTRIES_EMPRESI_71\"> </a></td><td>Somalia</td></tr><tr><td style=\"white-space:nowrap\">COUNTRIES_EMPRESI_206<a name=\"empresi-countries-cs-COUNTRIES_EMPRESI_206\"> </a></td><td>South Africa</td></tr><tr><td style=\"white-space:nowrap\">COUNTRIES_EMPRESI_9<a name=\"empresi-countries-cs-COUNTRIES_EMPRESI_9\"> </a></td><td>South Georgia and the South Sandwich Islands</td></tr><tr><td style=\"white-space:nowrap\">COUNTRIES_EMPRESI_124<a name=\"empresi-countries-cs-COUNTRIES_EMPRESI_124\"> </a></td><td>South Sudan</td></tr><tr><td style=\"white-space:nowrap\">COUNTRIES_EMPRESI_229<a name=\"empresi-countries-cs-COUNTRIES_EMPRESI_229\"> </a></td><td>Spain</td></tr><tr><td style=\"white-space:nowrap\">COUNTRIES_EMPRESI_199<a name=\"empresi-countries-cs-COUNTRIES_EMPRESI_199\"> </a></td><td>Spratly Islands</td></tr><tr><td style=\"white-space:nowrap\">COUNTRIES_EMPRESI_216<a name=\"empresi-countries-cs-COUNTRIES_EMPRESI_216\"> </a></td><td>Sri Lanka</td></tr><tr><td style=\"white-space:nowrap\">COUNTRIES_EMPRESI_123<a name=\"empresi-countries-cs-COUNTRIES_EMPRESI_123\"> </a></td><td>Sudan</td></tr><tr><td style=\"white-space:nowrap\">COUNTRIES_EMPRESI_184<a name=\"empresi-countries-cs-COUNTRIES_EMPRESI_184\"> </a></td><td>Suriname</td></tr><tr><td style=\"white-space:nowrap\">COUNTRIES_EMPRESI_159<a name=\"empresi-countries-cs-COUNTRIES_EMPRESI_159\"> </a></td><td>Svalbard and Jan Mayen Islands</td></tr><tr><td style=\"white-space:nowrap\">COUNTRIES_EMPRESI_160<a name=\"empresi-countries-cs-COUNTRIES_EMPRESI_160\"> </a></td><td>Sweden</td></tr><tr><td style=\"white-space:nowrap\">COUNTRIES_EMPRESI_278<a name=\"empresi-countries-cs-COUNTRIES_EMPRESI_278\"> </a></td><td>Switzerland</td></tr><tr><td style=\"white-space:nowrap\">COUNTRIES_EMPRESI_265<a name=\"empresi-countries-cs-COUNTRIES_EMPRESI_265\"> </a></td><td>Syrian Arab Republic</td></tr><tr><td style=\"white-space:nowrap\">COUNTRIES_EMPRESI_266<a name=\"empresi-countries-cs-COUNTRIES_EMPRESI_266\"> </a></td><td>Turkye</td></tr><tr><td style=\"white-space:nowrap\">COUNTRIES_EMPRESI_50<a name=\"empresi-countries-cs-COUNTRIES_EMPRESI_50\"> </a></td><td>Tajikistan</td></tr><tr><td style=\"white-space:nowrap\">COUNTRIES_EMPRESI_200<a name=\"empresi-countries-cs-COUNTRIES_EMPRESI_200\"> </a></td><td>Thailand</td></tr><tr><td style=\"white-space:nowrap\">COUNTRIES_EMPRESI_201<a name=\"empresi-countries-cs-COUNTRIES_EMPRESI_201\"> </a></td><td>Timor-Leste</td></tr><tr><td style=\"white-space:nowrap\">COUNTRIES_EMPRESI_250<a name=\"empresi-countries-cs-COUNTRIES_EMPRESI_250\"> </a></td><td>Togo</td></tr><tr><td style=\"white-space:nowrap\">COUNTRIES_EMPRESI_169<a name=\"empresi-countries-cs-COUNTRIES_EMPRESI_169\"> </a></td><td>Tokelau</td></tr><tr><td style=\"white-space:nowrap\">COUNTRIES_EMPRESI_170<a name=\"empresi-countries-cs-COUNTRIES_EMPRESI_170\"> </a></td><td>Tonga</td></tr><tr><td style=\"white-space:nowrap\">COUNTRIES_EMPRESI_36<a name=\"empresi-countries-cs-COUNTRIES_EMPRESI_36\"> </a></td><td>Trinidad and Tobago</td></tr><tr><td style=\"white-space:nowrap\">COUNTRIES_EMPRESI_72<a name=\"empresi-countries-cs-COUNTRIES_EMPRESI_72\"> </a></td><td>Tromelin Island</td></tr><tr><td style=\"white-space:nowrap\">COUNTRIES_EMPRESI_128<a name=\"empresi-countries-cs-COUNTRIES_EMPRESI_128\"> </a></td><td>Tunisia</td></tr><tr><td style=\"white-space:nowrap\">COUNTRIES_EMPRESI_51<a name=\"empresi-countries-cs-COUNTRIES_EMPRESI_51\"> </a></td><td>Turkmenistan</td></tr><tr><td style=\"white-space:nowrap\">COUNTRIES_EMPRESI_37<a name=\"empresi-countries-cs-COUNTRIES_EMPRESI_37\"> </a></td><td>Turks and Caicos islands</td></tr><tr><td style=\"white-space:nowrap\">COUNTRIES_EMPRESI_171<a name=\"empresi-countries-cs-COUNTRIES_EMPRESI_171\"> </a></td><td>Tuvalu</td></tr><tr><td style=\"white-space:nowrap\">COUNTRIES_EMPRESI_3<a name=\"empresi-countries-cs-COUNTRIES_EMPRESI_3\"> </a></td><td>Uganda</td></tr><tr><td style=\"white-space:nowrap\">COUNTRIES_EMPRESI_99<a name=\"empresi-countries-cs-COUNTRIES_EMPRESI_99\"> </a></td><td>Ukraine</td></tr><tr><td style=\"white-space:nowrap\">COUNTRIES_EMPRESI_267<a name=\"empresi-countries-cs-COUNTRIES_EMPRESI_267\"> </a></td><td>United Arab Emirates</td></tr><tr><td style=\"white-space:nowrap\">COUNTRIES_EMPRESI_161<a name=\"empresi-countries-cs-COUNTRIES_EMPRESI_161\"> </a></td><td>United Kingdom</td></tr><tr><td style=\"white-space:nowrap\">COUNTRIES_EMPRESI_73<a name=\"empresi-countries-cs-COUNTRIES_EMPRESI_73\"> </a></td><td>United Republic of Tanzania</td></tr><tr><td style=\"white-space:nowrap\">COUNTRIES_EMPRESI_146<a name=\"empresi-countries-cs-COUNTRIES_EMPRESI_146\"> </a></td><td>United States of America</td></tr><tr><td style=\"white-space:nowrap\">COUNTRIES_EMPRESI_38<a name=\"empresi-countries-cs-COUNTRIES_EMPRESI_38\"> </a></td><td>United States Virgin Islands</td></tr><tr><td style=\"white-space:nowrap\">COUNTRIES_EMPRESI_185<a name=\"empresi-countries-cs-COUNTRIES_EMPRESI_185\"> </a></td><td>Uruguay</td></tr><tr><td style=\"white-space:nowrap\">COUNTRIES_EMPRESI_52<a name=\"empresi-countries-cs-COUNTRIES_EMPRESI_52\"> </a></td><td>Uzbekistan</td></tr><tr><td style=\"white-space:nowrap\">COUNTRIES_EMPRESI_104<a name=\"empresi-countries-cs-COUNTRIES_EMPRESI_104\"> </a></td><td>Vanuatu</td></tr><tr><td style=\"white-space:nowrap\">COUNTRIES_EMPRESI_186<a name=\"empresi-countries-cs-COUNTRIES_EMPRESI_186\"> </a></td><td>Venezuela (Bolivarian Republic of)</td></tr><tr><td style=\"white-space:nowrap\">COUNTRIES_EMPRESI_202<a name=\"empresi-countries-cs-COUNTRIES_EMPRESI_202\"> </a></td><td>Viet Nam</td></tr><tr><td style=\"white-space:nowrap\">COUNTRIES_EMPRESI_112<a name=\"empresi-countries-cs-COUNTRIES_EMPRESI_112\"> </a></td><td>Wake Island</td></tr><tr><td style=\"white-space:nowrap\">COUNTRIES_EMPRESI_172<a name=\"empresi-countries-cs-COUNTRIES_EMPRESI_172\"> </a></td><td>Wallis and Futuna Islands</td></tr><tr><td style=\"white-space:nowrap\">COUNTRIES_EMPRESI_129<a name=\"empresi-countries-cs-COUNTRIES_EMPRESI_129\"> </a></td><td>Western Sahara</td></tr><tr><td style=\"white-space:nowrap\">COUNTRIES_EMPRESI_269<a name=\"empresi-countries-cs-COUNTRIES_EMPRESI_269\"> </a></td><td>Yemen</td></tr><tr><td style=\"white-space:nowrap\">COUNTRIES_EMPRESI_74<a name=\"empresi-countries-cs-COUNTRIES_EMPRESI_74\"> </a></td><td>Zambia</td></tr><tr><td style=\"white-space:nowrap\">COUNTRIES_EMPRESI_75<a name=\"empresi-countries-cs-COUNTRIES_EMPRESI_75\"> </a></td><td>Zimbabwe</td></tr></table></div>"
  },
  "url" : "https://example.org/fhir/CodeSystem/empresi-countries-cs",
  "version" : "0.1.0",
  "name" : "EmpresiCountriesCS",
  "title" : "Empresi Countries Code System",
  "status" : "draft",
  "date" : "2024-04-17T13:33:19+00:00",
  "publisher" : "DHIS2",
  "contact" : [{
    "name" : "DHIS2",
    "telecom" : [{
      "system" : "url",
      "value" : "https://dhis2.org"
    },
    {
      "system" : "email",
      "value" : "johan.hole@dhis2.org"
    }]
  }],
  "description" : "Generated from CSV",
  "content" : "complete",
  "count" : 277,
  "concept" : [{
    "code" : "COUNTRIES_EMPRESI_125",
    "display" : "Abyei"
  },
  {
    "code" : "COUNTRIES_EMPRESI_208",
    "display" : "Afghanistan"
  },
  {
    "code" : "COUNTRIES_EMPRESI_76",
    "display" : "Aksai Chin"
  },
  {
    "code" : "COUNTRIES_EMPRESI_217",
    "display" : "Albania"
  },
  {
    "code" : "COUNTRIES_EMPRESI_122",
    "display" : "Algeria"
  },
  {
    "code" : "COUNTRIES_EMPRESI_163",
    "display" : "American Samoa"
  },
  {
    "code" : "COUNTRIES_EMPRESI_218",
    "display" : "Andorra"
  },
  {
    "code" : "COUNTRIES_EMPRESI_113",
    "display" : "Angola"
  },
  {
    "code" : "COUNTRIES_EMPRESI_14",
    "display" : "Anguilla"
  },
  {
    "code" : "COUNTRIES_EMPRESI_5",
    "display" : "Antarctica"
  },
  {
    "code" : "COUNTRIES_EMPRESI_15",
    "display" : "Antigua and Barbuda"
  },
  {
    "code" : "COUNTRIES_EMPRESI_173",
    "display" : "Argentina"
  },
  {
    "code" : "COUNTRIES_EMPRESI_251",
    "display" : "Armenia"
  },
  {
    "code" : "COUNTRIES_EMPRESI_16",
    "display" : "Aruba"
  },
  {
    "code" : "COUNTRIES_EMPRESI_77",
    "display" : "Arunachal Pradesh"
  },
  {
    "code" : "COUNTRIES_EMPRESI_10",
    "display" : "Ashmore and Cartier Islands"
  },
  {
    "code" : "COUNTRIES_EMPRESI_11",
    "display" : "Australia"
  },
  {
    "code" : "COUNTRIES_EMPRESI_270",
    "display" : "Austria"
  },
  {
    "code" : "COUNTRIES_EMPRESI_252",
    "display" : "Azerbaijan"
  },
  {
    "code" : "COUNTRIES_EMPRESI_233",
    "display" : "Azores Islands"
  },
  {
    "code" : "COUNTRIES_EMPRESI_17",
    "display" : "Bahamas"
  },
  {
    "code" : "COUNTRIES_EMPRESI_253",
    "display" : "Bahrain"
  },
  {
    "code" : "COUNTRIES_EMPRESI_134",
    "display" : "Baker Island"
  },
  {
    "code" : "COUNTRIES_EMPRESI_209",
    "display" : "Bangladesh"
  },
  {
    "code" : "COUNTRIES_EMPRESI_18",
    "display" : "Barbados"
  },
  {
    "code" : "COUNTRIES_EMPRESI_53",
    "display" : "Bassas da India"
  },
  {
    "code" : "COUNTRIES_EMPRESI_90",
    "display" : "Belarus"
  },
  {
    "code" : "COUNTRIES_EMPRESI_271",
    "display" : "Belgium"
  },
  {
    "code" : "COUNTRIES_EMPRESI_39",
    "display" : "Belize"
  },
  {
    "code" : "COUNTRIES_EMPRESI_234",
    "display" : "Benin"
  },
  {
    "code" : "COUNTRIES_EMPRESI_135",
    "display" : "Bermuda"
  },
  {
    "code" : "COUNTRIES_EMPRESI_210",
    "display" : "Bhutan"
  },
  {
    "code" : "COUNTRIES_EMPRESI_19",
    "display" : "Bird Island"
  },
  {
    "code" : "COUNTRIES_EMPRESI_174",
    "display" : "Bolivia (Plurinational State of)"
  },
  {
    "code" : "COUNTRIES_EMPRESI_219",
    "display" : "Bosnia and Herzegovina"
  },
  {
    "code" : "COUNTRIES_EMPRESI_203",
    "display" : "Botswana"
  },
  {
    "code" : "COUNTRIES_EMPRESI_6",
    "display" : "Bouvet Island"
  },
  {
    "code" : "COUNTRIES_EMPRESI_175",
    "display" : "Brazil"
  },
  {
    "code" : "COUNTRIES_EMPRESI_54",
    "display" : "British Indian Ocean Territory"
  },
  {
    "code" : "COUNTRIES_EMPRESI_20",
    "display" : "British Virgin Islands"
  },
  {
    "code" : "COUNTRIES_EMPRESI_187",
    "display" : "Brunei Darussalam"
  },
  {
    "code" : "COUNTRIES_EMPRESI_91",
    "display" : "Bulgaria"
  },
  {
    "code" : "COUNTRIES_EMPRESI_235",
    "display" : "Burkina Faso"
  },
  {
    "code" : "COUNTRIES_EMPRESI_55",
    "display" : "Burundi"
  },
  {
    "code" : "COUNTRIES_EMPRESI_237",
    "display" : "CÃ´te d'Ivoire"
  },
  {
    "code" : "COUNTRIES_EMPRESI_236",
    "display" : "Cabo Verde"
  },
  {
    "code" : "COUNTRIES_EMPRESI_188",
    "display" : "Cambodia"
  },
  {
    "code" : "COUNTRIES_EMPRESI_114",
    "display" : "Cameroon"
  },
  {
    "code" : "COUNTRIES_EMPRESI_136",
    "display" : "Canada"
  },
  {
    "code" : "COUNTRIES_EMPRESI_21",
    "display" : "Cayman Islands"
  },
  {
    "code" : "COUNTRIES_EMPRESI_115",
    "display" : "Central African Republic"
  },
  {
    "code" : "COUNTRIES_EMPRESI_116",
    "display" : "Chad"
  },
  {
    "code" : "COUNTRIES_EMPRESI_176",
    "display" : "Chile"
  },
  {
    "code" : "COUNTRIES_EMPRESI_293",
    "display" : "China"
  },
  {
    "code" : "COUNTRIES_EMPRESI_86",
    "display" : "China, Hong Kong SAR"
  },
  {
    "code" : "COUNTRIES_EMPRESI_89",
    "display" : "China, Taiwan Province of"
  },
  {
    "code" : "COUNTRIES_EMPRESI_78",
    "display" : "China/India"
  },
  {
    "code" : "COUNTRIES_EMPRESI_189",
    "display" : "Christmas Island"
  },
  {
    "code" : "COUNTRIES_EMPRESI_40",
    "display" : "Clipperton Island"
  },
  {
    "code" : "COUNTRIES_EMPRESI_190",
    "display" : "Cocos (Keeling) Islands"
  },
  {
    "code" : "COUNTRIES_EMPRESI_177",
    "display" : "Colombia"
  },
  {
    "code" : "COUNTRIES_EMPRESI_56",
    "display" : "Comoros"
  },
  {
    "code" : "COUNTRIES_EMPRESI_117",
    "display" : "Congo"
  },
  {
    "code" : "COUNTRIES_EMPRESI_164",
    "display" : "Cook Islands"
  },
  {
    "code" : "COUNTRIES_EMPRESI_41",
    "display" : "Costa Rica"
  },
  {
    "code" : "COUNTRIES_EMPRESI_220",
    "display" : "Croatia"
  },
  {
    "code" : "COUNTRIES_EMPRESI_22",
    "display" : "Cuba"
  },
  {
    "code" : "COUNTRIES_EMPRESI_254",
    "display" : "Cyprus"
  },
  {
    "code" : "COUNTRIES_EMPRESI_92",
    "display" : "Czechia"
  },
  {
    "code" : "COUNTRIES_EMPRESI_79",
    "display" : "Democratic People's Republic of Korea"
  },
  {
    "code" : "COUNTRIES_EMPRESI_118",
    "display" : "Democratic Republic of the Congo"
  },
  {
    "code" : "COUNTRIES_EMPRESI_147",
    "display" : "Denmark"
  },
  {
    "code" : "COUNTRIES_EMPRESI_57",
    "display" : "Djibouti"
  },
  {
    "code" : "COUNTRIES_EMPRESI_23",
    "display" : "Dominica"
  },
  {
    "code" : "COUNTRIES_EMPRESI_24",
    "display" : "Dominican Republic"
  },
  {
    "code" : "COUNTRIES_EMPRESI_178",
    "display" : "Ecuador"
  },
  {
    "code" : "COUNTRIES_EMPRESI_132",
    "display" : "Egypt"
  },
  {
    "code" : "COUNTRIES_EMPRESI_42",
    "display" : "El Salvador"
  },
  {
    "code" : "COUNTRIES_EMPRESI_119",
    "display" : "Equatorial Guinea"
  },
  {
    "code" : "COUNTRIES_EMPRESI_58",
    "display" : "Eritrea"
  },
  {
    "code" : "COUNTRIES_EMPRESI_148",
    "display" : "Estonia"
  },
  {
    "code" : "COUNTRIES_EMPRESI_207",
    "display" : "Eswatini"
  },
  {
    "code" : "COUNTRIES_EMPRESI_59",
    "display" : "Ethiopia"
  },
  {
    "code" : "COUNTRIES_EMPRESI_60",
    "display" : "Europa Island"
  },
  {
    "code" : "COUNTRIES_EMPRESI_179",
    "display" : "Falkland Islands (Malvinas)"
  },
  {
    "code" : "COUNTRIES_EMPRESI_149",
    "display" : "Faroe Islands"
  },
  {
    "code" : "COUNTRIES_EMPRESI_100",
    "display" : "Fiji"
  },
  {
    "code" : "COUNTRIES_EMPRESI_150",
    "display" : "Finland"
  },
  {
    "code" : "COUNTRIES_EMPRESI_272",
    "display" : "France"
  },
  {
    "code" : "COUNTRIES_EMPRESI_180",
    "display" : "French Guiana"
  },
  {
    "code" : "COUNTRIES_EMPRESI_165",
    "display" : "French Polynesia"
  },
  {
    "code" : "COUNTRIES_EMPRESI_7",
    "display" : "French Southern and Antarctic Territories"
  },
  {
    "code" : "COUNTRIES_EMPRESI_120",
    "display" : "Gabon"
  },
  {
    "code" : "COUNTRIES_EMPRESI_238",
    "display" : "Gambia"
  },
  {
    "code" : "COUNTRIES_EMPRESI_255",
    "display" : "Gaza Strip"
  },
  {
    "code" : "COUNTRIES_EMPRESI_256",
    "display" : "Georgia"
  },
  {
    "code" : "COUNTRIES_EMPRESI_273",
    "display" : "Germany"
  },
  {
    "code" : "COUNTRIES_EMPRESI_239",
    "display" : "Ghana"
  },
  {
    "code" : "COUNTRIES_EMPRESI_221",
    "display" : "Gibraltar"
  },
  {
    "code" : "COUNTRIES_EMPRESI_61",
    "display" : "Glorioso Islands"
  },
  {
    "code" : "COUNTRIES_EMPRESI_222",
    "display" : "Greece"
  },
  {
    "code" : "COUNTRIES_EMPRESI_137",
    "display" : "Greenland"
  },
  {
    "code" : "COUNTRIES_EMPRESI_25",
    "display" : "Grenada"
  },
  {
    "code" : "COUNTRIES_EMPRESI_26",
    "display" : "Guadeloupe"
  },
  {
    "code" : "COUNTRIES_EMPRESI_105",
    "display" : "Guam"
  },
  {
    "code" : "COUNTRIES_EMPRESI_43",
    "display" : "Guatemala"
  },
  {
    "code" : "COUNTRIES_EMPRESI_151",
    "display" : "Guernsey"
  },
  {
    "code" : "COUNTRIES_EMPRESI_241",
    "display" : "Guinea"
  },
  {
    "code" : "COUNTRIES_EMPRESI_240",
    "display" : "Guinea-Bissau"
  },
  {
    "code" : "COUNTRIES_EMPRESI_181",
    "display" : "Guyana"
  },
  {
    "code" : "COUNTRIES_EMPRESI_27",
    "display" : "Haiti"
  },
  {
    "code" : "COUNTRIES_EMPRESI_130",
    "display" : "Hala'ib triangle"
  },
  {
    "code" : "COUNTRIES_EMPRESI_8",
    "display" : "Heard and McDonald Islands"
  },
  {
    "code" : "COUNTRIES_EMPRESI_223",
    "display" : "Holy See"
  },
  {
    "code" : "COUNTRIES_EMPRESI_44",
    "display" : "Honduras"
  },
  {
    "code" : "COUNTRIES_EMPRESI_138",
    "display" : "Howland Island"
  },
  {
    "code" : "COUNTRIES_EMPRESI_93",
    "display" : "Hungary"
  },
  {
    "code" : "COUNTRIES_EMPRESI_152",
    "display" : "Iceland"
  },
  {
    "code" : "COUNTRIES_EMPRESI_133",
    "display" : "Ilemi triangle"
  },
  {
    "code" : "COUNTRIES_EMPRESI_211",
    "display" : "India"
  },
  {
    "code" : "COUNTRIES_EMPRESI_191",
    "display" : "Indonesia"
  },
  {
    "code" : "COUNTRIES_EMPRESI_212",
    "display" : "Iran (Islamic Republic of)"
  },
  {
    "code" : "COUNTRIES_EMPRESI_257",
    "display" : "Iraq"
  },
  {
    "code" : "COUNTRIES_EMPRESI_153",
    "display" : "Ireland"
  },
  {
    "code" : "COUNTRIES_EMPRESI_154",
    "display" : "Isle of Man"
  },
  {
    "code" : "COUNTRIES_EMPRESI_258",
    "display" : "Israel"
  },
  {
    "code" : "COUNTRIES_EMPRESI_2",
    "display" : "Italy"
  },
  {
    "code" : "COUNTRIES_EMPRESI_28",
    "display" : "Jamaica"
  },
  {
    "code" : "COUNTRIES_EMPRESI_87",
    "display" : "Jammu and Kashmir"
  },
  {
    "code" : "COUNTRIES_EMPRESI_80",
    "display" : "Japan"
  },
  {
    "code" : "COUNTRIES_EMPRESI_139",
    "display" : "Jarvis Island"
  },
  {
    "code" : "COUNTRIES_EMPRESI_155",
    "display" : "Jersey"
  },
  {
    "code" : "COUNTRIES_EMPRESI_140",
    "display" : "Johnston Atoll"
  },
  {
    "code" : "COUNTRIES_EMPRESI_259",
    "display" : "Jordan"
  },
  {
    "code" : "COUNTRIES_EMPRESI_62",
    "display" : "Juan de Nova Island"
  },
  {
    "code" : "COUNTRIES_EMPRESI_48",
    "display" : "Kazakhstan"
  },
  {
    "code" : "COUNTRIES_EMPRESI_1",
    "display" : "Kenya"
  },
  {
    "code" : "COUNTRIES_EMPRESI_141",
    "display" : "Kingman Reef"
  },
  {
    "code" : "COUNTRIES_EMPRESI_106",
    "display" : "Kiribati"
  },
  {
    "code" : "COUNTRIES_EMPRESI_81",
    "display" : "Kuril islands"
  },
  {
    "code" : "COUNTRIES_EMPRESI_260",
    "display" : "Kuwait"
  },
  {
    "code" : "COUNTRIES_EMPRESI_49",
    "display" : "Kyrgyzstan"
  },
  {
    "code" : "COUNTRIES_EMPRESI_192",
    "display" : "Lao People's Democratic Republic"
  },
  {
    "code" : "COUNTRIES_EMPRESI_156",
    "display" : "Latvia"
  },
  {
    "code" : "COUNTRIES_EMPRESI_261",
    "display" : "Lebanon"
  },
  {
    "code" : "COUNTRIES_EMPRESI_204",
    "display" : "Lesotho"
  },
  {
    "code" : "COUNTRIES_EMPRESI_242",
    "display" : "Liberia"
  },
  {
    "code" : "COUNTRIES_EMPRESI_126",
    "display" : "Libya"
  },
  {
    "code" : "COUNTRIES_EMPRESI_274",
    "display" : "Liechtenstein"
  },
  {
    "code" : "COUNTRIES_EMPRESI_157",
    "display" : "Lithuania"
  },
  {
    "code" : "COUNTRIES_EMPRESI_275",
    "display" : "Luxembourg"
  },
  {
    "code" : "COUNTRIES_EMPRESI_131",
    "display" : "Ma'tan al-Sarra"
  },
  {
    "code" : "COUNTRIES_EMPRESI_82",
    "display" : "Macau"
  },
  {
    "code" : "COUNTRIES_EMPRESI_63",
    "display" : "Madagascar"
  },
  {
    "code" : "COUNTRIES_EMPRESI_224",
    "display" : "Madeira Islands"
  },
  {
    "code" : "COUNTRIES_EMPRESI_64",
    "display" : "Malawi"
  },
  {
    "code" : "COUNTRIES_EMPRESI_193",
    "display" : "Malaysia"
  },
  {
    "code" : "COUNTRIES_EMPRESI_213",
    "display" : "Maldives"
  },
  {
    "code" : "COUNTRIES_EMPRESI_243",
    "display" : "Mali"
  },
  {
    "code" : "COUNTRIES_EMPRESI_225",
    "display" : "Malta"
  },
  {
    "code" : "COUNTRIES_EMPRESI_107",
    "display" : "Marshall Islands"
  },
  {
    "code" : "COUNTRIES_EMPRESI_29",
    "display" : "Martinique"
  },
  {
    "code" : "COUNTRIES_EMPRESI_244",
    "display" : "Mauritania"
  },
  {
    "code" : "COUNTRIES_EMPRESI_65",
    "display" : "Mauritius"
  },
  {
    "code" : "COUNTRIES_EMPRESI_66",
    "display" : "Mayotte"
  },
  {
    "code" : "COUNTRIES_EMPRESI_45",
    "display" : "Mexico"
  },
  {
    "code" : "COUNTRIES_EMPRESI_108",
    "display" : "Micronesia (Federated States of)"
  },
  {
    "code" : "COUNTRIES_EMPRESI_142",
    "display" : "Midway Island"
  },
  {
    "code" : "COUNTRIES_EMPRESI_276",
    "display" : "Monaco"
  },
  {
    "code" : "COUNTRIES_EMPRESI_83",
    "display" : "Mongolia"
  },
  {
    "code" : "COUNTRIES_EMPRESI_231",
    "display" : "Montenegro"
  },
  {
    "code" : "COUNTRIES_EMPRESI_30",
    "display" : "Montserrat"
  },
  {
    "code" : "COUNTRIES_EMPRESI_127",
    "display" : "Morocco"
  },
  {
    "code" : "COUNTRIES_EMPRESI_67",
    "display" : "Mozambique"
  },
  {
    "code" : "COUNTRIES_EMPRESI_194",
    "display" : "Myanmar"
  },
  {
    "code" : "COUNTRIES_EMPRESI_205",
    "display" : "Namibia"
  },
  {
    "code" : "COUNTRIES_EMPRESI_109",
    "display" : "Nauru"
  },
  {
    "code" : "COUNTRIES_EMPRESI_143",
    "display" : "Navassa Island"
  },
  {
    "code" : "COUNTRIES_EMPRESI_214",
    "display" : "Nepal"
  },
  {
    "code" : "COUNTRIES_EMPRESI_277",
    "display" : "Netherlands"
  },
  {
    "code" : "COUNTRIES_EMPRESI_31",
    "display" : "Netherlands Antilles"
  },
  {
    "code" : "COUNTRIES_EMPRESI_101",
    "display" : "New Caledonia"
  },
  {
    "code" : "COUNTRIES_EMPRESI_12",
    "display" : "New Zealand"
  },
  {
    "code" : "COUNTRIES_EMPRESI_46",
    "display" : "Nicaragua"
  },
  {
    "code" : "COUNTRIES_EMPRESI_245",
    "display" : "Niger"
  },
  {
    "code" : "COUNTRIES_EMPRESI_246",
    "display" : "Nigeria"
  },
  {
    "code" : "COUNTRIES_EMPRESI_166",
    "display" : "Niue"
  },
  {
    "code" : "COUNTRIES_EMPRESI_13",
    "display" : "Norfolk Island"
  },
  {
    "code" : "COUNTRIES_EMPRESI_230",
    "display" : "North Macedonia"
  },
  {
    "code" : "COUNTRIES_EMPRESI_110",
    "display" : "Northern Mariana Islands"
  },
  {
    "code" : "COUNTRIES_EMPRESI_158",
    "display" : "Norway"
  },
  {
    "code" : "COUNTRIES_EMPRESI_162",
    "display" : "Not Available"
  },
  {
    "code" : "COUNTRIES_EMPRESI_262",
    "display" : "Oman"
  },
  {
    "code" : "COUNTRIES_EMPRESI_215",
    "display" : "Pakistan"
  },
  {
    "code" : "COUNTRIES_EMPRESI_111",
    "display" : "Palau"
  },
  {
    "code" : "COUNTRIES_EMPRESI_268",
    "display" : "Palestine"
  },
  {
    "code" : "COUNTRIES_EMPRESI_144",
    "display" : "Palmyra Atoll"
  },
  {
    "code" : "COUNTRIES_EMPRESI_47",
    "display" : "Panama"
  },
  {
    "code" : "COUNTRIES_EMPRESI_102",
    "display" : "Papua New Guinea"
  },
  {
    "code" : "COUNTRIES_EMPRESI_195",
    "display" : "Paracel Islands"
  },
  {
    "code" : "COUNTRIES_EMPRESI_182",
    "display" : "Paraguay"
  },
  {
    "code" : "COUNTRIES_EMPRESI_183",
    "display" : "Peru"
  },
  {
    "code" : "COUNTRIES_EMPRESI_196",
    "display" : "Philippines"
  },
  {
    "code" : "COUNTRIES_EMPRESI_167",
    "display" : "Pitcairn Islands"
  },
  {
    "code" : "COUNTRIES_EMPRESI_95",
    "display" : "Poland"
  },
  {
    "code" : "COUNTRIES_EMPRESI_226",
    "display" : "Portugal"
  },
  {
    "code" : "COUNTRIES_EMPRESI_32",
    "display" : "Puerto Rico"
  },
  {
    "code" : "COUNTRIES_EMPRESI_263",
    "display" : "Qatar"
  },
  {
    "code" : "COUNTRIES_EMPRESI_69",
    "display" : "Reunion"
  },
  {
    "code" : "COUNTRIES_EMPRESI_84",
    "display" : "Republic of Korea"
  },
  {
    "code" : "COUNTRIES_EMPRESI_94",
    "display" : "Republic of Moldova"
  },
  {
    "code" : "COUNTRIES_EMPRESI_96",
    "display" : "Romania"
  },
  {
    "code" : "COUNTRIES_EMPRESI_97",
    "display" : "Russian Federation"
  },
  {
    "code" : "COUNTRIES_EMPRESI_68",
    "display" : "Rwanda"
  },
  {
    "code" : "COUNTRIES_EMPRESI_247",
    "display" : "Saint Helena, Ascension and Tristan da Cunha"
  },
  {
    "code" : "COUNTRIES_EMPRESI_33",
    "display" : "Saint Kitts and Nevis"
  },
  {
    "code" : "COUNTRIES_EMPRESI_34",
    "display" : "Saint Lucia"
  },
  {
    "code" : "COUNTRIES_EMPRESI_145",
    "display" : "Saint Pierre and Miquelon"
  },
  {
    "code" : "COUNTRIES_EMPRESI_35",
    "display" : "Saint Vincent and the Grenadines"
  },
  {
    "code" : "COUNTRIES_EMPRESI_168",
    "display" : "Samoa"
  },
  {
    "code" : "COUNTRIES_EMPRESI_227",
    "display" : "San Marino"
  },
  {
    "code" : "COUNTRIES_EMPRESI_121",
    "display" : "Sao Tome and Principe"
  },
  {
    "code" : "COUNTRIES_EMPRESI_264",
    "display" : "Saudi Arabia"
  },
  {
    "code" : "COUNTRIES_EMPRESI_197",
    "display" : "Scarborough Reef"
  },
  {
    "code" : "COUNTRIES_EMPRESI_248",
    "display" : "Senegal"
  },
  {
    "code" : "COUNTRIES_EMPRESI_85",
    "display" : "Senkaku Islands"
  },
  {
    "code" : "COUNTRIES_EMPRESI_232",
    "display" : "Serbia"
  },
  {
    "code" : "COUNTRIES_EMPRESI_70",
    "display" : "Seychelles"
  },
  {
    "code" : "COUNTRIES_EMPRESI_249",
    "display" : "Sierra Leone"
  },
  {
    "code" : "COUNTRIES_EMPRESI_198",
    "display" : "Singapore"
  },
  {
    "code" : "COUNTRIES_EMPRESI_98",
    "display" : "Slovakia"
  },
  {
    "code" : "COUNTRIES_EMPRESI_228",
    "display" : "Slovenia"
  },
  {
    "code" : "COUNTRIES_EMPRESI_103",
    "display" : "Solomon Islands"
  },
  {
    "code" : "COUNTRIES_EMPRESI_71",
    "display" : "Somalia"
  },
  {
    "code" : "COUNTRIES_EMPRESI_206",
    "display" : "South Africa"
  },
  {
    "code" : "COUNTRIES_EMPRESI_9",
    "display" : "South Georgia and the South Sandwich Islands"
  },
  {
    "code" : "COUNTRIES_EMPRESI_124",
    "display" : "South Sudan"
  },
  {
    "code" : "COUNTRIES_EMPRESI_229",
    "display" : "Spain"
  },
  {
    "code" : "COUNTRIES_EMPRESI_199",
    "display" : "Spratly Islands"
  },
  {
    "code" : "COUNTRIES_EMPRESI_216",
    "display" : "Sri Lanka"
  },
  {
    "code" : "COUNTRIES_EMPRESI_123",
    "display" : "Sudan"
  },
  {
    "code" : "COUNTRIES_EMPRESI_184",
    "display" : "Suriname"
  },
  {
    "code" : "COUNTRIES_EMPRESI_159",
    "display" : "Svalbard and Jan Mayen Islands"
  },
  {
    "code" : "COUNTRIES_EMPRESI_160",
    "display" : "Sweden"
  },
  {
    "code" : "COUNTRIES_EMPRESI_278",
    "display" : "Switzerland"
  },
  {
    "code" : "COUNTRIES_EMPRESI_265",
    "display" : "Syrian Arab Republic"
  },
  {
    "code" : "COUNTRIES_EMPRESI_266",
    "display" : "Turkye"
  },
  {
    "code" : "COUNTRIES_EMPRESI_50",
    "display" : "Tajikistan"
  },
  {
    "code" : "COUNTRIES_EMPRESI_200",
    "display" : "Thailand"
  },
  {
    "code" : "COUNTRIES_EMPRESI_201",
    "display" : "Timor-Leste"
  },
  {
    "code" : "COUNTRIES_EMPRESI_250",
    "display" : "Togo"
  },
  {
    "code" : "COUNTRIES_EMPRESI_169",
    "display" : "Tokelau"
  },
  {
    "code" : "COUNTRIES_EMPRESI_170",
    "display" : "Tonga"
  },
  {
    "code" : "COUNTRIES_EMPRESI_36",
    "display" : "Trinidad and Tobago"
  },
  {
    "code" : "COUNTRIES_EMPRESI_72",
    "display" : "Tromelin Island"
  },
  {
    "code" : "COUNTRIES_EMPRESI_128",
    "display" : "Tunisia"
  },
  {
    "code" : "COUNTRIES_EMPRESI_51",
    "display" : "Turkmenistan"
  },
  {
    "code" : "COUNTRIES_EMPRESI_37",
    "display" : "Turks and Caicos islands"
  },
  {
    "code" : "COUNTRIES_EMPRESI_171",
    "display" : "Tuvalu"
  },
  {
    "code" : "COUNTRIES_EMPRESI_3",
    "display" : "Uganda"
  },
  {
    "code" : "COUNTRIES_EMPRESI_99",
    "display" : "Ukraine"
  },
  {
    "code" : "COUNTRIES_EMPRESI_267",
    "display" : "United Arab Emirates"
  },
  {
    "code" : "COUNTRIES_EMPRESI_161",
    "display" : "United Kingdom"
  },
  {
    "code" : "COUNTRIES_EMPRESI_73",
    "display" : "United Republic of Tanzania"
  },
  {
    "code" : "COUNTRIES_EMPRESI_146",
    "display" : "United States of America"
  },
  {
    "code" : "COUNTRIES_EMPRESI_38",
    "display" : "United States Virgin Islands"
  },
  {
    "code" : "COUNTRIES_EMPRESI_185",
    "display" : "Uruguay"
  },
  {
    "code" : "COUNTRIES_EMPRESI_52",
    "display" : "Uzbekistan"
  },
  {
    "code" : "COUNTRIES_EMPRESI_104",
    "display" : "Vanuatu"
  },
  {
    "code" : "COUNTRIES_EMPRESI_186",
    "display" : "Venezuela (Bolivarian Republic of)"
  },
  {
    "code" : "COUNTRIES_EMPRESI_202",
    "display" : "Viet Nam"
  },
  {
    "code" : "COUNTRIES_EMPRESI_112",
    "display" : "Wake Island"
  },
  {
    "code" : "COUNTRIES_EMPRESI_172",
    "display" : "Wallis and Futuna Islands"
  },
  {
    "code" : "COUNTRIES_EMPRESI_129",
    "display" : "Western Sahara"
  },
  {
    "code" : "COUNTRIES_EMPRESI_269",
    "display" : "Yemen"
  },
  {
    "code" : "COUNTRIES_EMPRESI_74",
    "display" : "Zambia"
  },
  {
    "code" : "COUNTRIES_EMPRESI_75",
    "display" : "Zimbabwe"
  }]
}