<?xml version="1.0" encoding="UTF-8"?>

<CodeSystem xmlns="http://hl7.org/fhir">
  <id value="clinical-signs-cs"/>
  <text>
    <status value="generated"/><div xmlns="http://www.w3.org/1999/xhtml"><p>This  code system <code>https://dhis2.org/fhir/CodeSystem/clinical-signs-cs</code> defines the following codes:</p><table class="codes"><tr><td style="white-space:nowrap"><b>Code</b></td><td><b>Display</b></td></tr><tr><td style="white-space:nowrap">ABDOMINAL_PAINS<a name="clinical-signs-cs-ABDOMINAL_PAINS"> </a></td><td>Abdominal pains</td></tr><tr><td style="white-space:nowrap">ABDOMINAL_SWELLING<a name="clinical-signs-cs-ABDOMINAL_SWELLING"> </a></td><td>Abdominal swelling</td></tr><tr><td style="white-space:nowrap">ABORTION<a name="clinical-signs-cs-ABORTION"> </a></td><td>Abortion</td></tr><tr><td style="white-space:nowrap">ABSCESS<a name="clinical-signs-cs-ABSCESS"> </a></td><td>Abscess</td></tr><tr><td style="white-space:nowrap">ACIDEMIA<a name="clinical-signs-cs-ACIDEMIA"> </a></td><td>Acidemia</td></tr><tr><td style="white-space:nowrap">AGGRESSION<a name="clinical-signs-cs-AGGRESSION"> </a></td><td>Aggression</td></tr><tr><td style="white-space:nowrap">AIR_HUNGER_POSITION<a name="clinical-signs-cs-AIR_HUNGER_POSITION"> </a></td><td>Air hunger position</td></tr><tr><td style="white-space:nowrap">ALOPECIA<a name="clinical-signs-cs-ALOPECIA"> </a></td><td>Alopecia</td></tr><tr><td style="white-space:nowrap">ANAEMIA<a name="clinical-signs-cs-ANAEMIA"> </a></td><td>Anaemia</td></tr><tr><td style="white-space:nowrap">ANOREXIA<a name="clinical-signs-cs-ANOREXIA"> </a></td><td>Anorexia</td></tr><tr><td style="white-space:nowrap">ASCITES<a name="clinical-signs-cs-ASCITES"> </a></td><td>Ascites</td></tr><tr><td style="white-space:nowrap">ASTHMA<a name="clinical-signs-cs-ASTHMA"> </a></td><td>Asthma</td></tr><tr><td style="white-space:nowrap">ATAXIA<a name="clinical-signs-cs-ATAXIA"> </a></td><td>Ataxia</td></tr><tr><td style="white-space:nowrap">BEHAVIOURAL_CHANGE<a name="clinical-signs-cs-BEHAVIOURAL_CHANGE"> </a></td><td>Behavioural change</td></tr><tr><td style="white-space:nowrap">BELLIGERENT<a name="clinical-signs-cs-BELLIGERENT"> </a></td><td>Belligerent</td></tr><tr><td style="white-space:nowrap">BELLOWING<a name="clinical-signs-cs-BELLOWING"> </a></td><td>Bellowing</td></tr><tr><td style="white-space:nowrap">BITE<a name="clinical-signs-cs-BITE"> </a></td><td>Bite</td></tr><tr><td style="white-space:nowrap">BLINDNESS<a name="clinical-signs-cs-BLINDNESS"> </a></td><td>Blindness</td></tr><tr><td style="white-space:nowrap">BLOAT<a name="clinical-signs-cs-BLOAT"> </a></td><td>Bloat</td></tr><tr><td style="white-space:nowrap">BLOOD_IN_FAECES<a name="clinical-signs-cs-BLOOD_IN_FAECES"> </a></td><td>Blood in faeces</td></tr><tr><td style="white-space:nowrap">BLOOD_IN_URINE<a name="clinical-signs-cs-BLOOD_IN_URINE"> </a></td><td>Blood in urine</td></tr><tr><td style="white-space:nowrap">BLOODY_DIARRHOEA<a name="clinical-signs-cs-BLOODY_DIARRHOEA"> </a></td><td>Bloody diarrhoea</td></tr><tr><td style="white-space:nowrap">BORN_DEAD<a name="clinical-signs-cs-BORN_DEAD"> </a></td><td>Born dead</td></tr><tr><td style="white-space:nowrap">BORN_HAIRLESS<a name="clinical-signs-cs-BORN_HAIRLESS"> </a></td><td>Born hairless</td></tr><tr><td style="white-space:nowrap">BORN_WEAK<a name="clinical-signs-cs-BORN_WEAK"> </a></td><td>Born weak</td></tr><tr><td style="white-space:nowrap">CACHEXIA<a name="clinical-signs-cs-CACHEXIA"> </a></td><td>Cachexia</td></tr><tr><td style="white-space:nowrap">CAULIFLOWER_LIKE_GROWTH<a name="clinical-signs-cs-CAULIFLOWER_LIKE_GROWTH"> </a></td><td>Cauliflower like growth</td></tr><tr><td style="white-space:nowrap">CIRCLING<a name="clinical-signs-cs-CIRCLING"> </a></td><td>Circling</td></tr><tr><td style="white-space:nowrap">COLIC<a name="clinical-signs-cs-COLIC"> </a></td><td>Colic</td></tr><tr><td style="white-space:nowrap">COMATOSE<a name="clinical-signs-cs-COMATOSE"> </a></td><td>Comatose</td></tr><tr><td style="white-space:nowrap">CONGENITAL_MALFORMATION<a name="clinical-signs-cs-CONGENITAL_MALFORMATION"> </a></td><td>Congenital malformation</td></tr><tr><td style="white-space:nowrap">CONGESTION<a name="clinical-signs-cs-CONGESTION"> </a></td><td>Congestion</td></tr><tr><td style="white-space:nowrap">CONGESTION_OF_COMB<a name="clinical-signs-cs-CONGESTION_OF_COMB"> </a></td><td>Congestion of comb</td></tr><tr><td style="white-space:nowrap">CONJUNCTIVITIS<a name="clinical-signs-cs-CONJUNCTIVITIS"> </a></td><td>Conjunctivitis</td></tr><tr><td style="white-space:nowrap">CONSTIPATION<a name="clinical-signs-cs-CONSTIPATION"> </a></td><td>Constipation</td></tr><tr><td style="white-space:nowrap">CONVULSION<a name="clinical-signs-cs-CONVULSION"> </a></td><td>Convulsion</td></tr><tr><td style="white-space:nowrap">CORNEAL_OPACITY<a name="clinical-signs-cs-CORNEAL_OPACITY"> </a></td><td>Corneal opacity</td></tr><tr><td style="white-space:nowrap">COUGHING<a name="clinical-signs-cs-COUGHING"> </a></td><td>Coughing</td></tr><tr><td style="white-space:nowrap">CYANOTIC_COMB_AND_WATTLE<a name="clinical-signs-cs-CYANOTIC_COMB_AND_WATTLE"> </a></td><td>Cyanotic comb and wattle</td></tr><tr><td style="white-space:nowrap">DEATH<a name="clinical-signs-cs-DEATH"> </a></td><td>Death</td></tr><tr><td style="white-space:nowrap">DEATH_(ACUTE)<a name="clinical-signs-cs-DEATH_.40ACUTE.41"> </a></td><td>Death (acute)</td></tr><tr><td style="white-space:nowrap">DEHYDRATION<a name="clinical-signs-cs-DEHYDRATION"> </a></td><td>Dehydration</td></tr><tr><td style="white-space:nowrap">DEPRESSION<a name="clinical-signs-cs-DEPRESSION"> </a></td><td>Depression</td></tr><tr><td style="white-space:nowrap">DERMATITIS<a name="clinical-signs-cs-DERMATITIS"> </a></td><td>Dermatitis</td></tr><tr><td style="white-space:nowrap">DIAMON_SHAPED_LESIONS<a name="clinical-signs-cs-DIAMON_SHAPED_LESIONS"> </a></td><td>Diamon shaped lesions</td></tr><tr><td style="white-space:nowrap">DIARRHOEA<a name="clinical-signs-cs-DIARRHOEA"> </a></td><td>Diarrhoea</td></tr><tr><td style="white-space:nowrap">DIARRHOEA__WATERY<a name="clinical-signs-cs-DIARRHOEA__WATERY"> </a></td><td>Diarrhoea - watery</td></tr><tr><td style="white-space:nowrap">DICREASE_EGG_PRODUCTION<a name="clinical-signs-cs-DICREASE_EGG_PRODUCTION"> </a></td><td>Dicrease egg production</td></tr><tr><td style="white-space:nowrap">DISCHARGE_FROM_EAR<a name="clinical-signs-cs-DISCHARGE_FROM_EAR"> </a></td><td>Discharge from ear</td></tr><tr><td style="white-space:nowrap">DROPING_OF_WING<a name="clinical-signs-cs-DROPING_OF_WING"> </a></td><td>Droping of wing</td></tr><tr><td style="white-space:nowrap">DULL_HAIRCOAT<a name="clinical-signs-cs-DULL_HAIRCOAT"> </a></td><td>Dull haircoat</td></tr><tr><td style="white-space:nowrap">DYSENTERY<a name="clinical-signs-cs-DYSENTERY"> </a></td><td>Dysentery</td></tr><tr><td style="white-space:nowrap">DYSPHAGIA<a name="clinical-signs-cs-DYSPHAGIA"> </a></td><td>Dysphagia</td></tr><tr><td style="white-space:nowrap">DYSPNOEA<a name="clinical-signs-cs-DYSPNOEA"> </a></td><td>Dyspnoea</td></tr><tr><td style="white-space:nowrap">DYSTOCIA<a name="clinical-signs-cs-DYSTOCIA"> </a></td><td>Dystocia</td></tr><tr><td style="white-space:nowrap">DYSURIA<a name="clinical-signs-cs-DYSURIA"> </a></td><td>DYSURIA</td></tr><tr><td style="white-space:nowrap">EDEMATOUS<a name="clinical-signs-cs-EDEMATOUS"> </a></td><td>Edematous</td></tr><tr><td style="white-space:nowrap">EDEMATOUS_HEAD<a name="clinical-signs-cs-EDEMATOUS_HEAD"> </a></td><td>Edematous head</td></tr><tr><td style="white-space:nowrap">EMACIATION<a name="clinical-signs-cs-EMACIATION"> </a></td><td>Emaciation</td></tr><tr><td style="white-space:nowrap">ERYTHEMA<a name="clinical-signs-cs-ERYTHEMA"> </a></td><td>Erythema</td></tr><tr><td style="white-space:nowrap">FACIAL_SWELLING<a name="clinical-signs-cs-FACIAL_SWELLING"> </a></td><td>Facial swelling</td></tr><tr><td style="white-space:nowrap">FEVER<a name="clinical-signs-cs-FEVER"> </a></td><td>Fever</td></tr><tr><td style="white-space:nowrap">FOCAL_NECROSIS<a name="clinical-signs-cs-FOCAL_NECROSIS"> </a></td><td>Focal necrosis</td></tr><tr><td style="white-space:nowrap">FOOT_ROT<a name="clinical-signs-cs-FOOT_ROT"> </a></td><td>Foot rot</td></tr><tr><td style="white-space:nowrap">FRACTURE<a name="clinical-signs-cs-FRACTURE"> </a></td><td>Fracture</td></tr><tr><td style="white-space:nowrap">FROTHING<a name="clinical-signs-cs-FROTHING"> </a></td><td>Frothing</td></tr><tr><td style="white-space:nowrap">GOITRE_(ENLARGED_THYROID)<a name="clinical-signs-cs-GOITRE_.40ENLARGED_THYROID.41"> </a></td><td>Goitre (enlarged thyroid)</td></tr><tr><td style="white-space:nowrap">HAEMATURIA<a name="clinical-signs-cs-HAEMATURIA"> </a></td><td>Haematuria</td></tr><tr><td style="white-space:nowrap">HAEMOGLOBINURIA<a name="clinical-signs-cs-HAEMOGLOBINURIA"> </a></td><td>Haemoglobinuria</td></tr><tr><td style="white-space:nowrap">HAEMORRHAGES_ON_THE_HOOKS<a name="clinical-signs-cs-HAEMORRHAGES_ON_THE_HOOKS"> </a></td><td>Haemorrhages on the hooks</td></tr><tr><td style="white-space:nowrap">HALITOSIS<a name="clinical-signs-cs-HALITOSIS"> </a></td><td>Halitosis</td></tr><tr><td style="white-space:nowrap">HEAD_ACHE<a name="clinical-signs-cs-HEAD_ACHE"> </a></td><td>Head ache</td></tr><tr><td style="white-space:nowrap">HEAD_SHAKING<a name="clinical-signs-cs-HEAD_SHAKING"> </a></td><td>Head shaking</td></tr><tr><td style="white-space:nowrap">HEAD_TILT<a name="clinical-signs-cs-HEAD_TILT"> </a></td><td>Head tilt</td></tr><tr><td style="white-space:nowrap">HEMORRHAGIC_AND_CYANOTIC_COMBS_AND_WATTLES<a name="clinical-signs-cs-HEMORRHAGIC_AND_CYANOTIC_COMBS_AND_WATTLES"> </a></td><td>Hemorrhagic and cyanotic combs and wattles</td></tr><tr><td style="white-space:nowrap">HYPERVENTILATION<a name="clinical-signs-cs-HYPERVENTILATION"> </a></td><td>Hyperventilation</td></tr><tr><td style="white-space:nowrap">HYPOTHERMIA<a name="clinical-signs-cs-HYPOTHERMIA"> </a></td><td>Hypothermia</td></tr><tr><td style="white-space:nowrap">ICTERUS<a name="clinical-signs-cs-ICTERUS"> </a></td><td>Icterus</td></tr><tr><td style="white-space:nowrap">INFESTATION_OF_EXTERNAL_PARASITES<a name="clinical-signs-cs-INFESTATION_OF_EXTERNAL_PARASITES"> </a></td><td>Infestation of external parasites</td></tr><tr><td style="white-space:nowrap">INJURY<a name="clinical-signs-cs-INJURY"> </a></td><td>Injury</td></tr><tr><td style="white-space:nowrap">INTERDIGITAL_BLISTERS<a name="clinical-signs-cs-INTERDIGITAL_BLISTERS"> </a></td><td>Interdigital blisters</td></tr><tr><td style="white-space:nowrap">INTERDIGITAL_DERMATITIS<a name="clinical-signs-cs-INTERDIGITAL_DERMATITIS"> </a></td><td>Interdigital dermatitis</td></tr><tr><td style="white-space:nowrap">INTERDIGITAL_VESICLES<a name="clinical-signs-cs-INTERDIGITAL_VESICLES"> </a></td><td>Interdigital vesicles</td></tr><tr><td style="white-space:nowrap">LAMENESS<a name="clinical-signs-cs-LAMENESS"> </a></td><td>Lameness</td></tr><tr><td style="white-space:nowrap">LESIONS<a name="clinical-signs-cs-LESIONS"> </a></td><td>Lesions</td></tr><tr><td style="white-space:nowrap">LETHARGY<a name="clinical-signs-cs-LETHARGY"> </a></td><td>Lethargy</td></tr><tr><td style="white-space:nowrap">LIMPING<a name="clinical-signs-cs-LIMPING"> </a></td><td>Limping</td></tr><tr><td style="white-space:nowrap">LINGUAL_BLISTERS<a name="clinical-signs-cs-LINGUAL_BLISTERS"> </a></td><td>Lingual Blisters</td></tr><tr><td style="white-space:nowrap">LINGUAL_ULCERATIONS<a name="clinical-signs-cs-LINGUAL_ULCERATIONS"> </a></td><td>Lingual ulcerations</td></tr><tr><td style="white-space:nowrap">LINGUAL_VESICLES<a name="clinical-signs-cs-LINGUAL_VESICLES"> </a></td><td>Lingual vesicles</td></tr><tr><td style="white-space:nowrap">LUMPS<a name="clinical-signs-cs-LUMPS"> </a></td><td>Lumps</td></tr><tr><td style="white-space:nowrap">LYMPHNODES_ENLARGED<a name="clinical-signs-cs-LYMPHNODES_ENLARGED"> </a></td><td>Lymphnodes enlarged</td></tr><tr><td style="white-space:nowrap">MASTITIS<a name="clinical-signs-cs-MASTITIS"> </a></td><td>Mastitis</td></tr><tr><td style="white-space:nowrap">MILK_WITH_BLOOD<a name="clinical-signs-cs-MILK_WITH_BLOOD"> </a></td><td>Milk with blood</td></tr><tr><td style="white-space:nowrap">MILK_WITH_FLAPPY<a name="clinical-signs-cs-MILK_WITH_FLAPPY"> </a></td><td>Milk with flappy</td></tr><tr><td style="white-space:nowrap">MILK_WITHY_PUS<a name="clinical-signs-cs-MILK_WITHY_PUS"> </a></td><td>Milk withy pus</td></tr><tr><td style="white-space:nowrap">MUSCULAR_ATROPHY<a name="clinical-signs-cs-MUSCULAR_ATROPHY"> </a></td><td>Muscular atrophy</td></tr><tr><td style="white-space:nowrap">NASAL_DISCHARGE<a name="clinical-signs-cs-NASAL_DISCHARGE"> </a></td><td>Nasal Discharge</td></tr><tr><td style="white-space:nowrap">NERVOUS_SYMPTOMS<a name="clinical-signs-cs-NERVOUS_SYMPTOMS"> </a></td><td>Nervous symptoms</td></tr><tr><td style="white-space:nowrap">NO_CLINICAL_SIGNS<a name="clinical-signs-cs-NO_CLINICAL_SIGNS"> </a></td><td>No clinical signs</td></tr><tr><td style="white-space:nowrap">NOT_DRINKING<a name="clinical-signs-cs-NOT_DRINKING"> </a></td><td>Not drinking</td></tr><tr><td style="white-space:nowrap">OCULAR_DISCHARGE<a name="clinical-signs-cs-OCULAR_DISCHARGE"> </a></td><td>Ocular discharge</td></tr><tr><td style="white-space:nowrap">OEDEMA<a name="clinical-signs-cs-OEDEMA"> </a></td><td>Oedema</td></tr><tr><td style="white-space:nowrap">OTHER<a name="clinical-signs-cs-OTHER"> </a></td><td>Other</td></tr><tr><td style="white-space:nowrap">OTITIS<a name="clinical-signs-cs-OTITIS"> </a></td><td>Otitis</td></tr><tr><td style="white-space:nowrap">PARALYSIS<a name="clinical-signs-cs-PARALYSIS"> </a></td><td>Paralysis</td></tr><tr><td style="white-space:nowrap">PARESIS<a name="clinical-signs-cs-PARESIS"> </a></td><td>Paresis</td></tr><tr><td style="white-space:nowrap">PENILE_DISCHARGE<a name="clinical-signs-cs-PENILE_DISCHARGE"> </a></td><td>Penile discharge</td></tr><tr><td style="white-space:nowrap">PETECHIAE<a name="clinical-signs-cs-PETECHIAE"> </a></td><td>Petechiae</td></tr><tr><td style="white-space:nowrap">PNEUMONIA<a name="clinical-signs-cs-PNEUMONIA"> </a></td><td>Pneumonia</td></tr><tr><td style="white-space:nowrap">POX<a name="clinical-signs-cs-POX"> </a></td><td>Pox</td></tr><tr><td style="white-space:nowrap">PREGNANT<a name="clinical-signs-cs-PREGNANT"> </a></td><td>Pregnant</td></tr><tr><td style="white-space:nowrap">PREMATURE<a name="clinical-signs-cs-PREMATURE"> </a></td><td>Premature</td></tr><tr><td style="white-space:nowrap">PREPUTIAL_PROLAPSE<a name="clinical-signs-cs-PREPUTIAL_PROLAPSE"> </a></td><td>Preputial prolapse</td></tr><tr><td style="white-space:nowrap">PROTRUDED_TONGUE<a name="clinical-signs-cs-PROTRUDED_TONGUE"> </a></td><td>Protruded tongue</td></tr><tr><td style="white-space:nowrap">PROTRUDING_MASS<a name="clinical-signs-cs-PROTRUDING_MASS"> </a></td><td>Protruding mass</td></tr><tr><td style="white-space:nowrap">PRURITIS<a name="clinical-signs-cs-PRURITIS"> </a></td><td>Pruritis</td></tr><tr><td style="white-space:nowrap">PULMONARY_ABSCESSATION<a name="clinical-signs-cs-PULMONARY_ABSCESSATION"> </a></td><td>Pulmonary abscessation</td></tr><tr><td style="white-space:nowrap">PURULENT_DISCHARGE<a name="clinical-signs-cs-PURULENT_DISCHARGE"> </a></td><td>Purulent discharge</td></tr><tr><td style="white-space:nowrap">PUSTULES<a name="clinical-signs-cs-PUSTULES"> </a></td><td>Pustules</td></tr><tr><td style="white-space:nowrap">QUIVER<a name="clinical-signs-cs-QUIVER"> </a></td><td>Quiver</td></tr><tr><td style="white-space:nowrap">RECUMBENCY<a name="clinical-signs-cs-RECUMBENCY"> </a></td><td>Recumbency</td></tr><tr><td style="white-space:nowrap">REDNESS<a name="clinical-signs-cs-REDNESS"> </a></td><td>Redness</td></tr><tr><td style="white-space:nowrap">REDUCED_MILK_PRODUCTION<a name="clinical-signs-cs-REDUCED_MILK_PRODUCTION"> </a></td><td>Reduced milk production</td></tr><tr><td style="white-space:nowrap">RESPIRATORY_DISTRESS<a name="clinical-signs-cs-RESPIRATORY_DISTRESS"> </a></td><td>Respiratory distress</td></tr><tr><td style="white-space:nowrap">RESTLESSNESS<a name="clinical-signs-cs-RESTLESSNESS"> </a></td><td>Restlessness</td></tr><tr><td style="white-space:nowrap">RUMEN_STASIS<a name="clinical-signs-cs-RUMEN_STASIS"> </a></td><td>Rumen stasis</td></tr><tr><td style="white-space:nowrap">SALIVATION<a name="clinical-signs-cs-SALIVATION"> </a></td><td>Salivation</td></tr><tr><td style="white-space:nowrap">SCABS<a name="clinical-signs-cs-SCABS"> </a></td><td>Scabs</td></tr><tr><td style="white-space:nowrap">SOMNOLENCE<a name="clinical-signs-cs-SOMNOLENCE"> </a></td><td>Somnolence</td></tr><tr><td style="white-space:nowrap">STARING<a name="clinical-signs-cs-STARING"> </a></td><td>Staring</td></tr><tr><td style="white-space:nowrap">STIFFNESS<a name="clinical-signs-cs-STIFFNESS"> </a></td><td>Stiffness</td></tr><tr><td style="white-space:nowrap">STILL_BIRTH<a name="clinical-signs-cs-STILL_BIRTH"> </a></td><td>STILL BIRTH</td></tr><tr><td style="white-space:nowrap">STOMATITIS<a name="clinical-signs-cs-STOMATITIS"> </a></td><td>Stomatitis</td></tr><tr><td style="white-space:nowrap">STRAINING<a name="clinical-signs-cs-STRAINING"> </a></td><td>Straining</td></tr><tr><td style="white-space:nowrap">SWAYING_GAIT<a name="clinical-signs-cs-SWAYING_GAIT"> </a></td><td>Swaying gait</td></tr><tr><td style="white-space:nowrap">SWELLING_OF_JOINTS<a name="clinical-signs-cs-SWELLING_OF_JOINTS"> </a></td><td>Swelling of joints</td></tr><tr><td style="white-space:nowrap">SWELLING_OF_MUSCLE_GROUPS<a name="clinical-signs-cs-SWELLING_OF_MUSCLE_GROUPS"> </a></td><td>Swelling of muscle groups</td></tr><tr><td style="white-space:nowrap">SWLELLING_OF_SOFT_TISSUE<a name="clinical-signs-cs-SWLELLING_OF_SOFT_TISSUE"> </a></td><td>Swlelling of soft tissue</td></tr><tr><td style="white-space:nowrap">SWOLLEN_HEAD<a name="clinical-signs-cs-SWOLLEN_HEAD"> </a></td><td>Swollen head</td></tr><tr><td style="white-space:nowrap">SWOLLEN_NOSE<a name="clinical-signs-cs-SWOLLEN_NOSE"> </a></td><td>Swollen nose</td></tr><tr><td style="white-space:nowrap">SWOLLEN_PREPUCE<a name="clinical-signs-cs-SWOLLEN_PREPUCE"> </a></td><td>Swollen prepuce</td></tr><tr><td style="white-space:nowrap">SWOLLEN_TONGUE<a name="clinical-signs-cs-SWOLLEN_TONGUE"> </a></td><td>Swollen tongue</td></tr><tr><td style="white-space:nowrap">TENESMUS<a name="clinical-signs-cs-TENESMUS"> </a></td><td>Tenesmus</td></tr><tr><td style="white-space:nowrap">TICK_INFESTATION<a name="clinical-signs-cs-TICK_INFESTATION"> </a></td><td>Tick infestation</td></tr><tr><td style="white-space:nowrap">TORTICOLLIS_(SCEW_NECK)<a name="clinical-signs-cs-TORTICOLLIS_.40SCEW_NECK.41"> </a></td><td>Torticollis (scew neck)</td></tr><tr><td style="white-space:nowrap">TREMOR<a name="clinical-signs-cs-TREMOR"> </a></td><td>Tremor</td></tr><tr><td style="white-space:nowrap">TUMOUR_(EXTERNAL)<a name="clinical-signs-cs-TUMOUR_.40EXTERNAL.41"> </a></td><td>Tumour (external)</td></tr><tr><td style="white-space:nowrap">UMBILICAL_HERNIA<a name="clinical-signs-cs-UMBILICAL_HERNIA"> </a></td><td>Umbilical hernia</td></tr><tr><td style="white-space:nowrap">UTERINE_PROLAPSE<a name="clinical-signs-cs-UTERINE_PROLAPSE"> </a></td><td>Uterine prolapse</td></tr><tr><td style="white-space:nowrap">VAGINAL_DISCHARGE<a name="clinical-signs-cs-VAGINAL_DISCHARGE"> </a></td><td>Vaginal discharge</td></tr><tr><td style="white-space:nowrap">VAGINAL_PROLAPSE<a name="clinical-signs-cs-VAGINAL_PROLAPSE"> </a></td><td>Vaginal prolapse</td></tr><tr><td style="white-space:nowrap">VOMITION<a name="clinical-signs-cs-VOMITION"> </a></td><td>Vomition</td></tr><tr><td style="white-space:nowrap">WARTS<a name="clinical-signs-cs-WARTS"> </a></td><td>Warts</td></tr><tr><td style="white-space:nowrap">WATERY_MILK<a name="clinical-signs-cs-WATERY_MILK"> </a></td><td>Watery milk</td></tr><tr><td style="white-space:nowrap">WEAKNESS<a name="clinical-signs-cs-WEAKNESS"> </a></td><td>Weakness</td></tr><tr><td style="white-space:nowrap">WEALS<a name="clinical-signs-cs-WEALS"> </a></td><td>Weals</td></tr></table></div>
  </text>
  <url value="https://dhis2.org/fhir/CodeSystem/clinical-signs-cs"/>
  <version value="0.1.0"/>
  <name value="ClinicalSignsCS"/>
  <title value="Clinical Signs Code System"/>
  <status value="draft"/>
  <date value="2024-04-17T08:50:12+00:00"/>
  <publisher value="DHIS2"/>
  <contact>
    <name value="DHIS2"/>
    <telecom>
      <system value="url"/>
      <value value="https://dhis2.org"/>
    </telecom>
    <telecom>
      <system value="email"/>
      <value value="johan.hole@dhis2.org"/>
    </telecom>
  </contact>
  <description value="code system for clinical signs."/>
  <content value="complete"/>
  <count value="157"/>
  <concept>
    <code value="ABDOMINAL_PAINS"/>
    <display value="Abdominal pains"/>
  </concept>
  <concept>
    <code value="ABDOMINAL_SWELLING"/>
    <display value="Abdominal swelling"/>
  </concept>
  <concept>
    <code value="ABORTION"/>
    <display value="Abortion"/>
  </concept>
  <concept>
    <code value="ABSCESS"/>
    <display value="Abscess"/>
  </concept>
  <concept>
    <code value="ACIDEMIA"/>
    <display value="Acidemia"/>
  </concept>
  <concept>
    <code value="AGGRESSION"/>
    <display value="Aggression"/>
  </concept>
  <concept>
    <code value="AIR_HUNGER_POSITION"/>
    <display value="Air hunger position"/>
  </concept>
  <concept>
    <code value="ALOPECIA"/>
    <display value="Alopecia"/>
  </concept>
  <concept>
    <code value="ANAEMIA"/>
    <display value="Anaemia"/>
  </concept>
  <concept>
    <code value="ANOREXIA"/>
    <display value="Anorexia"/>
  </concept>
  <concept>
    <code value="ASCITES"/>
    <display value="Ascites"/>
  </concept>
  <concept>
    <code value="ASTHMA"/>
    <display value="Asthma"/>
  </concept>
  <concept>
    <code value="ATAXIA"/>
    <display value="Ataxia"/>
  </concept>
  <concept>
    <code value="BEHAVIOURAL_CHANGE"/>
    <display value="Behavioural change"/>
  </concept>
  <concept>
    <code value="BELLIGERENT"/>
    <display value="Belligerent"/>
  </concept>
  <concept>
    <code value="BELLOWING"/>
    <display value="Bellowing"/>
  </concept>
  <concept>
    <code value="BITE"/>
    <display value="Bite"/>
  </concept>
  <concept>
    <code value="BLINDNESS"/>
    <display value="Blindness"/>
  </concept>
  <concept>
    <code value="BLOAT"/>
    <display value="Bloat"/>
  </concept>
  <concept>
    <code value="BLOOD_IN_FAECES"/>
    <display value="Blood in faeces"/>
  </concept>
  <concept>
    <code value="BLOOD_IN_URINE"/>
    <display value="Blood in urine"/>
  </concept>
  <concept>
    <code value="BLOODY_DIARRHOEA"/>
    <display value="Bloody diarrhoea"/>
  </concept>
  <concept>
    <code value="BORN_DEAD"/>
    <display value="Born dead"/>
  </concept>
  <concept>
    <code value="BORN_HAIRLESS"/>
    <display value="Born hairless"/>
  </concept>
  <concept>
    <code value="BORN_WEAK"/>
    <display value="Born weak"/>
  </concept>
  <concept>
    <code value="CACHEXIA"/>
    <display value="Cachexia"/>
  </concept>
  <concept>
    <code value="CAULIFLOWER_LIKE_GROWTH"/>
    <display value="Cauliflower like growth"/>
  </concept>
  <concept>
    <code value="CIRCLING"/>
    <display value="Circling"/>
  </concept>
  <concept>
    <code value="COLIC"/>
    <display value="Colic"/>
  </concept>
  <concept>
    <code value="COMATOSE"/>
    <display value="Comatose"/>
  </concept>
  <concept>
    <code value="CONGENITAL_MALFORMATION"/>
    <display value="Congenital malformation"/>
  </concept>
  <concept>
    <code value="CONGESTION"/>
    <display value="Congestion"/>
  </concept>
  <concept>
    <code value="CONGESTION_OF_COMB"/>
    <display value="Congestion of comb"/>
  </concept>
  <concept>
    <code value="CONJUNCTIVITIS"/>
    <display value="Conjunctivitis"/>
  </concept>
  <concept>
    <code value="CONSTIPATION"/>
    <display value="Constipation"/>
  </concept>
  <concept>
    <code value="CONVULSION"/>
    <display value="Convulsion"/>
  </concept>
  <concept>
    <code value="CORNEAL_OPACITY"/>
    <display value="Corneal opacity"/>
  </concept>
  <concept>
    <code value="COUGHING"/>
    <display value="Coughing"/>
  </concept>
  <concept>
    <code value="CYANOTIC_COMB_AND_WATTLE"/>
    <display value="Cyanotic comb and wattle"/>
  </concept>
  <concept>
    <code value="DEATH"/>
    <display value="Death"/>
  </concept>
  <concept>
    <code value="DEATH_(ACUTE)"/>
    <display value="Death (acute)"/>
  </concept>
  <concept>
    <code value="DEHYDRATION"/>
    <display value="Dehydration"/>
  </concept>
  <concept>
    <code value="DEPRESSION"/>
    <display value="Depression"/>
  </concept>
  <concept>
    <code value="DERMATITIS"/>
    <display value="Dermatitis"/>
  </concept>
  <concept>
    <code value="DIAMON_SHAPED_LESIONS"/>
    <display value="Diamon shaped lesions"/>
  </concept>
  <concept>
    <code value="DIARRHOEA"/>
    <display value="Diarrhoea"/>
  </concept>
  <concept>
    <code value="DIARRHOEA__WATERY"/>
    <display value="Diarrhoea - watery"/>
  </concept>
  <concept>
    <code value="DICREASE_EGG_PRODUCTION"/>
    <display value="Dicrease egg production"/>
  </concept>
  <concept>
    <code value="DISCHARGE_FROM_EAR"/>
    <display value="Discharge from ear"/>
  </concept>
  <concept>
    <code value="DROPING_OF_WING"/>
    <display value="Droping of wing"/>
  </concept>
  <concept>
    <code value="DULL_HAIRCOAT"/>
    <display value="Dull haircoat"/>
  </concept>
  <concept>
    <code value="DYSENTERY"/>
    <display value="Dysentery"/>
  </concept>
  <concept>
    <code value="DYSPHAGIA"/>
    <display value="Dysphagia"/>
  </concept>
  <concept>
    <code value="DYSPNOEA"/>
    <display value="Dyspnoea"/>
  </concept>
  <concept>
    <code value="DYSTOCIA"/>
    <display value="Dystocia"/>
  </concept>
  <concept>
    <code value="DYSURIA"/>
    <display value="DYSURIA"/>
  </concept>
  <concept>
    <code value="EDEMATOUS"/>
    <display value="Edematous"/>
  </concept>
  <concept>
    <code value="EDEMATOUS_HEAD"/>
    <display value="Edematous head"/>
  </concept>
  <concept>
    <code value="EMACIATION"/>
    <display value="Emaciation"/>
  </concept>
  <concept>
    <code value="ERYTHEMA"/>
    <display value="Erythema"/>
  </concept>
  <concept>
    <code value="FACIAL_SWELLING"/>
    <display value="Facial swelling"/>
  </concept>
  <concept>
    <code value="FEVER"/>
    <display value="Fever"/>
  </concept>
  <concept>
    <code value="FOCAL_NECROSIS"/>
    <display value="Focal necrosis"/>
  </concept>
  <concept>
    <code value="FOOT_ROT"/>
    <display value="Foot rot"/>
  </concept>
  <concept>
    <code value="FRACTURE"/>
    <display value="Fracture"/>
  </concept>
  <concept>
    <code value="FROTHING"/>
    <display value="Frothing"/>
  </concept>
  <concept>
    <code value="GOITRE_(ENLARGED_THYROID)"/>
    <display value="Goitre (enlarged thyroid)"/>
  </concept>
  <concept>
    <code value="HAEMATURIA"/>
    <display value="Haematuria"/>
  </concept>
  <concept>
    <code value="HAEMOGLOBINURIA"/>
    <display value="Haemoglobinuria"/>
  </concept>
  <concept>
    <code value="HAEMORRHAGES_ON_THE_HOOKS"/>
    <display value="Haemorrhages on the hooks"/>
  </concept>
  <concept>
    <code value="HALITOSIS"/>
    <display value="Halitosis"/>
  </concept>
  <concept>
    <code value="HEAD_ACHE"/>
    <display value="Head ache"/>
  </concept>
  <concept>
    <code value="HEAD_SHAKING"/>
    <display value="Head shaking"/>
  </concept>
  <concept>
    <code value="HEAD_TILT"/>
    <display value="Head tilt"/>
  </concept>
  <concept>
    <code value="HEMORRHAGIC_AND_CYANOTIC_COMBS_AND_WATTLES"/>
    <display value="Hemorrhagic and cyanotic combs and wattles"/>
  </concept>
  <concept>
    <code value="HYPERVENTILATION"/>
    <display value="Hyperventilation"/>
  </concept>
  <concept>
    <code value="HYPOTHERMIA"/>
    <display value="Hypothermia"/>
  </concept>
  <concept>
    <code value="ICTERUS"/>
    <display value="Icterus"/>
  </concept>
  <concept>
    <code value="INFESTATION_OF_EXTERNAL_PARASITES"/>
    <display value="Infestation of external parasites"/>
  </concept>
  <concept>
    <code value="INJURY"/>
    <display value="Injury"/>
  </concept>
  <concept>
    <code value="INTERDIGITAL_BLISTERS"/>
    <display value="Interdigital blisters"/>
  </concept>
  <concept>
    <code value="INTERDIGITAL_DERMATITIS"/>
    <display value="Interdigital dermatitis"/>
  </concept>
  <concept>
    <code value="INTERDIGITAL_VESICLES"/>
    <display value="Interdigital vesicles"/>
  </concept>
  <concept>
    <code value="LAMENESS"/>
    <display value="Lameness"/>
  </concept>
  <concept>
    <code value="LESIONS"/>
    <display value="Lesions"/>
  </concept>
  <concept>
    <code value="LETHARGY"/>
    <display value="Lethargy"/>
  </concept>
  <concept>
    <code value="LIMPING"/>
    <display value="Limping"/>
  </concept>
  <concept>
    <code value="LINGUAL_BLISTERS"/>
    <display value="Lingual Blisters"/>
  </concept>
  <concept>
    <code value="LINGUAL_ULCERATIONS"/>
    <display value="Lingual ulcerations"/>
  </concept>
  <concept>
    <code value="LINGUAL_VESICLES"/>
    <display value="Lingual vesicles"/>
  </concept>
  <concept>
    <code value="LUMPS"/>
    <display value="Lumps"/>
  </concept>
  <concept>
    <code value="LYMPHNODES_ENLARGED"/>
    <display value="Lymphnodes enlarged"/>
  </concept>
  <concept>
    <code value="MASTITIS"/>
    <display value="Mastitis"/>
  </concept>
  <concept>
    <code value="MILK_WITH_BLOOD"/>
    <display value="Milk with blood"/>
  </concept>
  <concept>
    <code value="MILK_WITH_FLAPPY"/>
    <display value="Milk with flappy"/>
  </concept>
  <concept>
    <code value="MILK_WITHY_PUS"/>
    <display value="Milk withy pus"/>
  </concept>
  <concept>
    <code value="MUSCULAR_ATROPHY"/>
    <display value="Muscular atrophy"/>
  </concept>
  <concept>
    <code value="NASAL_DISCHARGE"/>
    <display value="Nasal Discharge"/>
  </concept>
  <concept>
    <code value="NERVOUS_SYMPTOMS"/>
    <display value="Nervous symptoms"/>
  </concept>
  <concept>
    <code value="NO_CLINICAL_SIGNS"/>
    <display value="No clinical signs"/>
  </concept>
  <concept>
    <code value="NOT_DRINKING"/>
    <display value="Not drinking"/>
  </concept>
  <concept>
    <code value="OCULAR_DISCHARGE"/>
    <display value="Ocular discharge"/>
  </concept>
  <concept>
    <code value="OEDEMA"/>
    <display value="Oedema"/>
  </concept>
  <concept>
    <code value="OTHER"/>
    <display value="Other"/>
  </concept>
  <concept>
    <code value="OTITIS"/>
    <display value="Otitis"/>
  </concept>
  <concept>
    <code value="PARALYSIS"/>
    <display value="Paralysis"/>
  </concept>
  <concept>
    <code value="PARESIS"/>
    <display value="Paresis"/>
  </concept>
  <concept>
    <code value="PENILE_DISCHARGE"/>
    <display value="Penile discharge"/>
  </concept>
  <concept>
    <code value="PETECHIAE"/>
    <display value="Petechiae"/>
  </concept>
  <concept>
    <code value="PNEUMONIA"/>
    <display value="Pneumonia"/>
  </concept>
  <concept>
    <code value="POX"/>
    <display value="Pox"/>
  </concept>
  <concept>
    <code value="PREGNANT"/>
    <display value="Pregnant"/>
  </concept>
  <concept>
    <code value="PREMATURE"/>
    <display value="Premature"/>
  </concept>
  <concept>
    <code value="PREPUTIAL_PROLAPSE"/>
    <display value="Preputial prolapse"/>
  </concept>
  <concept>
    <code value="PROTRUDED_TONGUE"/>
    <display value="Protruded tongue"/>
  </concept>
  <concept>
    <code value="PROTRUDING_MASS"/>
    <display value="Protruding mass"/>
  </concept>
  <concept>
    <code value="PRURITIS"/>
    <display value="Pruritis"/>
  </concept>
  <concept>
    <code value="PULMONARY_ABSCESSATION"/>
    <display value="Pulmonary abscessation"/>
  </concept>
  <concept>
    <code value="PURULENT_DISCHARGE"/>
    <display value="Purulent discharge"/>
  </concept>
  <concept>
    <code value="PUSTULES"/>
    <display value="Pustules"/>
  </concept>
  <concept>
    <code value="QUIVER"/>
    <display value="Quiver"/>
  </concept>
  <concept>
    <code value="RECUMBENCY"/>
    <display value="Recumbency"/>
  </concept>
  <concept>
    <code value="REDNESS"/>
    <display value="Redness"/>
  </concept>
  <concept>
    <code value="REDUCED_MILK_PRODUCTION"/>
    <display value="Reduced milk production"/>
  </concept>
  <concept>
    <code value="RESPIRATORY_DISTRESS"/>
    <display value="Respiratory distress"/>
  </concept>
  <concept>
    <code value="RESTLESSNESS"/>
    <display value="Restlessness"/>
  </concept>
  <concept>
    <code value="RUMEN_STASIS"/>
    <display value="Rumen stasis"/>
  </concept>
  <concept>
    <code value="SALIVATION"/>
    <display value="Salivation"/>
  </concept>
  <concept>
    <code value="SCABS"/>
    <display value="Scabs"/>
  </concept>
  <concept>
    <code value="SOMNOLENCE"/>
    <display value="Somnolence"/>
  </concept>
  <concept>
    <code value="STARING"/>
    <display value="Staring"/>
  </concept>
  <concept>
    <code value="STIFFNESS"/>
    <display value="Stiffness"/>
  </concept>
  <concept>
    <code value="STILL_BIRTH"/>
    <display value="STILL BIRTH"/>
  </concept>
  <concept>
    <code value="STOMATITIS"/>
    <display value="Stomatitis"/>
  </concept>
  <concept>
    <code value="STRAINING"/>
    <display value="Straining"/>
  </concept>
  <concept>
    <code value="SWAYING_GAIT"/>
    <display value="Swaying gait"/>
  </concept>
  <concept>
    <code value="SWELLING_OF_JOINTS"/>
    <display value="Swelling of joints"/>
  </concept>
  <concept>
    <code value="SWELLING_OF_MUSCLE_GROUPS"/>
    <display value="Swelling of muscle groups"/>
  </concept>
  <concept>
    <code value="SWLELLING_OF_SOFT_TISSUE"/>
    <display value="Swlelling of soft tissue"/>
  </concept>
  <concept>
    <code value="SWOLLEN_HEAD"/>
    <display value="Swollen head"/>
  </concept>
  <concept>
    <code value="SWOLLEN_NOSE"/>
    <display value="Swollen nose"/>
  </concept>
  <concept>
    <code value="SWOLLEN_PREPUCE"/>
    <display value="Swollen prepuce"/>
  </concept>
  <concept>
    <code value="SWOLLEN_TONGUE"/>
    <display value="Swollen tongue"/>
  </concept>
  <concept>
    <code value="TENESMUS"/>
    <display value="Tenesmus"/>
  </concept>
  <concept>
    <code value="TICK_INFESTATION"/>
    <display value="Tick infestation"/>
  </concept>
  <concept>
    <code value="TORTICOLLIS_(SCEW_NECK)"/>
    <display value="Torticollis (scew neck)"/>
  </concept>
  <concept>
    <code value="TREMOR"/>
    <display value="Tremor"/>
  </concept>
  <concept>
    <code value="TUMOUR_(EXTERNAL)"/>
    <display value="Tumour (external)"/>
  </concept>
  <concept>
    <code value="UMBILICAL_HERNIA"/>
    <display value="Umbilical hernia"/>
  </concept>
  <concept>
    <code value="UTERINE_PROLAPSE"/>
    <display value="Uterine prolapse"/>
  </concept>
  <concept>
    <code value="VAGINAL_DISCHARGE"/>
    <display value="Vaginal discharge"/>
  </concept>
  <concept>
    <code value="VAGINAL_PROLAPSE"/>
    <display value="Vaginal prolapse"/>
  </concept>
  <concept>
    <code value="VOMITION"/>
    <display value="Vomition"/>
  </concept>
  <concept>
    <code value="WARTS"/>
    <display value="Warts"/>
  </concept>
  <concept>
    <code value="WATERY_MILK"/>
    <display value="Watery milk"/>
  </concept>
  <concept>
    <code value="WEAKNESS"/>
    <display value="Weakness"/>
  </concept>
  <concept>
    <code value="WEALS"/>
    <display value="Weals"/>
  </concept>
</CodeSystem>