{
  "resourceType" : "CodeSystem",
  "id" : "diagnosis-basis-cs",
  "text" : {
    "status" : "generated",
    "div" : "<div xmlns=\"http://www.w3.org/1999/xhtml\"><p>This  code system <code>https://example.org/fhir/CodeSystem/diagnosis-basis-cs</code> defines the following codes:</p><table class=\"codes\"><tr><td style=\"white-space:nowrap\"><b>Code</b></td><td><b>Display</b></td></tr><tr><td style=\"white-space:nowrap\">CLINICAL_SIGNS<a name=\"diagnosis-basis-cs-CLINICAL_SIGNS\"> </a></td><td>Clinical Signs</td></tr><tr><td style=\"white-space:nowrap\">NECROPSY_LESIONS<a name=\"diagnosis-basis-cs-NECROPSY_LESIONS\"> </a></td><td>Necropsy Lesions</td></tr><tr><td style=\"white-space:nowrap\">LABORATORY_TEST<a name=\"diagnosis-basis-cs-LABORATORY_TEST\"> </a></td><td>Laboratory Test</td></tr><tr><td style=\"white-space:nowrap\">OTHERS<a name=\"diagnosis-basis-cs-OTHERS\"> </a></td><td>Others</td></tr></table></div>"
  },
  "url" : "https://example.org/fhir/CodeSystem/diagnosis-basis-cs",
  "version" : "0.1.0",
  "name" : "DiagnosisBasisCS",
  "title" : "Diagnosis Basis Code System",
  "status" : "draft",
  "date" : "2024-04-17T13:28:15+00:00",
  "publisher" : "DHIS2",
  "contact" : [{
    "name" : "DHIS2",
    "telecom" : [{
      "system" : "url",
      "value" : "https://dhis2.org"
    },
    {
      "system" : "email",
      "value" : "johan.hole@dhis2.org"
    }]
  }],
  "description" : "Code system for diagnosis basis.",
  "content" : "complete",
  "count" : 4,
  "concept" : [{
    "code" : "CLINICAL_SIGNS",
    "display" : "Clinical Signs"
  },
  {
    "code" : "NECROPSY_LESIONS",
    "display" : "Necropsy Lesions"
  },
  {
    "code" : "LABORATORY_TEST",
    "display" : "Laboratory Test"
  },
  {
    "code" : "OTHERS",
    "display" : "Others"
  }]
}