URL,Version,Status,OIDs,Name,Title,Descriptino,Used
https://dhis2.org/fhir/CodeSystem/animal-class,0.1.0,draft,,AnimalClassCS,Animal Class,"Code system for classifying types of animals.",
https://dhis2.org/fhir/CodeSystem/animal-type,0.1.0,draft,,AnimalTypeCS,Animal Type,"Code system for types of animals.",
https://dhis2.org/fhir/CodeSystem/regions-cs,0.1.0,draft,,RegionsCS,Regions Code System,"Code system for regions.",
https://dhis2.org/fhir/CodeSystem/yes-no-unknown,0.1.0,draft,,YesNoUnknownCS,Yes/No/Unknown,"Code system for yes, no, and unknown responses.",
