{
  "codeSystems" : [
    {
      "url" : "https://dhis2.org/fhir/CodeSystem/animal-class",
      "version" : "0.1.0",
      "status" : "draft",
      "name" : "AnimalClassCS",
      "title" : "Animal Class Code System",
      "description" : "Code system for classifying types of animals."
    },
    {
      "url" : "https://dhis2.org/fhir/CodeSystem/animal-species-cs",
      "version" : "0.1.0",
      "status" : "draft",
      "name" : "AnimalSpeciesCS",
      "title" : "Animal Species Code System",
      "description" : "Code system representing various animal species."
    },
    {
      "url" : "https://dhis2.org/fhir/CodeSystem/animal-type",
      "version" : "0.1.0",
      "status" : "draft",
      "name" : "AnimalTypeCS",
      "title" : "Animal Type Code System",
      "description" : "Code system for types of animals."
    },
    {
      "url" : "https://dhis2.org/fhir/CodeSystem/districts-cs",
      "version" : "0.1.0",
      "status" : "draft",
      "name" : "DistrictsCS",
      "title" : "Districts Code System",
      "description" : "Code system for districts."
    },
    {
      "url" : "https://dhis2.org/fhir/CodeSystem/locality-quality-cs",
      "version" : "0.1.0",
      "status" : "draft",
      "name" : "LocalityQualityCS",
      "title" : "Locality Quality Code System",
      "description" : "Code system for the quality of locality data."
    },
    {
      "url" : "https://dhis2.org/fhir/CodeSystem/locality-source-cs",
      "version" : "0.1.0",
      "status" : "draft",
      "name" : "LocalitySourceCS",
      "title" : "Locality Source Code System",
      "description" : "Code system for sources of locality information."
    },
    {
      "url" : "https://dhis2.org/fhir/CodeSystem/regions-cs",
      "version" : "0.1.0",
      "status" : "draft",
      "name" : "RegionsCS",
      "title" : "Regions Code System",
      "description" : "Code system for regions."
    },
    {
      "url" : "https://dhis2.org/fhir/CodeSystem/yes-no-unknown-cs",
      "version" : "0.1.0",
      "status" : "draft",
      "name" : "YesNoUnknownCS",
      "title" : "Yes/No/Unknown Code System",
      "description" : "Code system for yes, no, and unknown responses."
    }
  ]
}
