<?xml version="1.0" encoding="UTF-8"?>

<CodeSystem xmlns="http://hl7.org/fhir">
  <id value="diagnostic-source-cs"/>
  <text>
    <status value="generated"/><div xmlns="http://www.w3.org/1999/xhtml"><p>This  code system <code>https://dhis2.org/fhir/CodeSystem/diagnostic-source-cs</code> defines the following codes:</p><table class="codes"><tr><td style="white-space:nowrap"><b>Code</b></td><td><b>Display</b></td></tr><tr><td style="white-space:nowrap">ADT1<a name="diagnostic-source-cs-ADT1"> </a></td><td>ADT1</td></tr><tr><td style="white-space:nowrap">ADT2<a name="diagnostic-source-cs-ADT2"> </a></td><td>ADT2</td></tr><tr><td style="white-space:nowrap">ADT3<a name="diagnostic-source-cs-ADT3"> </a></td><td>ADT3</td></tr><tr><td style="white-space:nowrap">AHDG_KRG<a name="diagnostic-source-cs-AHDG_KRG"> </a></td><td>Animal Health Department-Veterinary Directorate by Governorate (AHDG-KRG)</td></tr><tr><td style="white-space:nowrap">ANIMAL_HEALTH_DIRECTORATE_AHD_KRG<a name="diagnostic-source-cs-ANIMAL_HEALTH_DIRECTORATE_AHD_KRG"> </a></td><td>Animal Health Directorate (AHD) (KRG)</td></tr><tr><td style="white-space:nowrap">ANIMAL_HEALTH_INSPECTOR_AHI<a name="diagnostic-source-cs-ANIMAL_HEALTH_INSPECTOR_AHI"> </a></td><td>Animal Health Inspector (AHI)</td></tr><tr><td style="white-space:nowrap">ATO<a name="diagnostic-source-cs-ATO"> </a></td><td>ATO</td></tr><tr><td style="white-space:nowrap">CENTRAL_TVLA_TVLA<a name="diagnostic-source-cs-CENTRAL_TVLA_TVLA"> </a></td><td>Central TVLA (TVLA)</td></tr><tr><td style="white-space:nowrap">CENTRAL_VETERINARY_LABORATORY_HEAD_OFFICE_CVL<a name="diagnostic-source-cs-CENTRAL_VETERINARY_LABORATORY_HEAD_OFFICE_CVL"> </a></td><td>Central Veterinary Laboratory-Head Office (CVL)</td></tr><tr><td style="white-space:nowrap">CENTRAL_VETRINARY_LABORATORY_BAGHDAD_CVLB<a name="diagnostic-source-cs-CENTRAL_VETRINARY_LABORATORY_BAGHDAD_CVLB"> </a></td><td>Central Vetrinary Laboratory-Baghdad (CVLB)</td></tr><tr><td style="white-space:nowrap">CENTRAL_VETRINARY_LABORATORY_ERBIL_CVLE<a name="diagnostic-source-cs-CENTRAL_VETRINARY_LABORATORY_ERBIL_CVLE"> </a></td><td>Central Vetrinary Laboratory-Erbil (CVLE)</td></tr><tr><td style="white-space:nowrap">CHIEF_ANIMAL_HEALTH_INSPECTOR_CAHI<a name="diagnostic-source-cs-CHIEF_ANIMAL_HEALTH_INSPECTOR_CAHI"> </a></td><td>Chief Animal health Inspector (CAHI)</td></tr><tr><td style="white-space:nowrap">CNASA<a name="diagnostic-source-cs-CNASA"> </a></td><td>CNASA</td></tr><tr><td style="white-space:nowrap">COMMUNITY_ANIMAL_HEALTH_WORKER_CAHW<a name="diagnostic-source-cs-COMMUNITY_ANIMAL_HEALTH_WORKER_CAHW"> </a></td><td>Community Animal Health Worker (CAHW)</td></tr><tr><td style="white-space:nowrap">DAP<a name="diagnostic-source-cs-DAP"> </a></td><td>DAP</td></tr><tr><td style="white-space:nowrap">DD/DR<a name="diagnostic-source-cs-DD.47DR"> </a></td><td>DD/DR</td></tr><tr><td style="white-space:nowrap">DIRECTOR_OF_FORESTRY<a name="diagnostic-source-cs-DIRECTOR_OF_FORESTRY"> </a></td><td>Director of Forestry</td></tr><tr><td style="white-space:nowrap">DIRECTOR_OF_LIVESTOCK_AND_VETERINARY_SERVICES<a name="diagnostic-source-cs-DIRECTOR_OF_LIVESTOCK_AND_VETERINARY_SERVICES"> </a></td><td>Director of Livestock and Veterinary Services</td></tr><tr><td style="white-space:nowrap">DISTRICT_AGRICULTURE_OFFICER_DAO<a name="diagnostic-source-cs-DISTRICT_AGRICULTURE_OFFICER_DAO"> </a></td><td>District Agriculture Officer (DAO)</td></tr><tr><td style="white-space:nowrap">DLO1<a name="diagnostic-source-cs-DLO1"> </a></td><td>DLO1</td></tr><tr><td style="white-space:nowrap">DLO2<a name="diagnostic-source-cs-DLO2"> </a></td><td>DLO2</td></tr><tr><td style="white-space:nowrap">DNSV<a name="diagnostic-source-cs-DNSV"> </a></td><td>DNSV</td></tr><tr><td style="white-space:nowrap">DPASV<a name="diagnostic-source-cs-DPASV"> </a></td><td>DPASV</td></tr><tr><td style="white-space:nowrap">DVL<a name="diagnostic-source-cs-DVL"> </a></td><td>DVL</td></tr><tr><td style="white-space:nowrap">DVO1<a name="diagnostic-source-cs-DVO1"> </a></td><td>DVO1</td></tr><tr><td style="white-space:nowrap">DVO2<a name="diagnostic-source-cs-DVO2"> </a></td><td>DVO2</td></tr><tr><td style="white-space:nowrap">DVO3<a name="diagnostic-source-cs-DVO3"> </a></td><td>DVO3</td></tr><tr><td style="white-space:nowrap">DVS<a name="diagnostic-source-cs-DVS"> </a></td><td>DVS</td></tr><tr><td style="white-space:nowrap">EC<a name="diagnostic-source-cs-EC"> </a></td><td>EC</td></tr><tr><td style="white-space:nowrap">EIOS<a name="diagnostic-source-cs-EIOS"> </a></td><td>EIOS</td></tr><tr><td style="white-space:nowrap">EPIDEMIOLOGY_DEPARTMENT_ED_FEDERAL<a name="diagnostic-source-cs-EPIDEMIOLOGY_DEPARTMENT_ED_FEDERAL"> </a></td><td>Epidemiology Department (ED-Federal)</td></tr><tr><td style="white-space:nowrap">EPIDEMIOLOGY_UNIT_VETERINAY_HOSPITAL_EUVH<a name="diagnostic-source-cs-EPIDEMIOLOGY_UNIT_VETERINAY_HOSPITAL_EUVH"> </a></td><td>Epidemiology Unit-Veterinay Hospital (EUVH)</td></tr><tr><td style="white-space:nowrap">EPI_UNIT_DVS<a name="diagnostic-source-cs-EPI_UNIT_DVS"> </a></td><td>Epi Unit (DVS)</td></tr><tr><td style="white-space:nowrap">FAO_ECTAD_RAF<a name="diagnostic-source-cs-FAO_ECTAD_RAF"> </a></td><td>FAO ECTAD RAF</td></tr><tr><td style="white-space:nowrap">FAO_FIELD_OFFICER<a name="diagnostic-source-cs-FAO_FIELD_OFFICER"> </a></td><td>FAO Field Officer</td></tr><tr><td style="white-space:nowrap">FAO_OFFICER<a name="diagnostic-source-cs-FAO_OFFICER"> </a></td><td>FAO Officer</td></tr><tr><td style="white-space:nowrap">FAO_REPORT<a name="diagnostic-source-cs-FAO_REPORT"> </a></td><td>FAO-Report</td></tr><tr><td style="white-space:nowrap">FVO<a name="diagnostic-source-cs-FVO"> </a></td><td>Field Veterinary Officer from Veterinary Dispensay (FVO)</td></tr><tr><td style="white-space:nowrap">GHANA_HEALTH_SERVICE<a name="diagnostic-source-cs-GHANA_HEALTH_SERVICE"> </a></td><td>Ghana Health Service</td></tr><tr><td style="white-space:nowrap">GLEWS_OFFICER<a name="diagnostic-source-cs-GLEWS_OFFICER"> </a></td><td>GLEWS officer</td></tr><tr><td style="white-space:nowrap">GOVERNORATE_VETERINARY_LABORATOYGVL<a name="diagnostic-source-cs-GOVERNORATE_VETERINARY_LABORATOYGVL"> </a></td><td>Governorate Veterinary Laboratoy(GVL)</td></tr><tr><td style="white-space:nowrap">GPHIN<a name="diagnostic-source-cs-GPHIN"> </a></td><td>GPHIN</td></tr><tr><td style="white-space:nowrap">HEALTH_MAP<a name="diagnostic-source-cs-HEALTH_MAP"> </a></td><td>Health Map</td></tr><tr><td style="white-space:nowrap">INTERNATIONAL_REFERENCE_LABOARATORY_IRL<a name="diagnostic-source-cs-INTERNATIONAL_REFERENCE_LABOARATORY_IRL"> </a></td><td>International Reference Laboaratory (IRL)</td></tr><tr><td style="white-space:nowrap">INTERNATIONAL_REFERENCE_LABORATORY<a name="diagnostic-source-cs-INTERNATIONAL_REFERENCE_LABORATORY"> </a></td><td>International reference laboratory</td></tr><tr><td style="white-space:nowrap">LANADA<a name="diagnostic-source-cs-LANADA"> </a></td><td>LANADA</td></tr><tr><td style="white-space:nowrap">LCV<a name="diagnostic-source-cs-LCV"> </a></td><td>LCV</td></tr><tr><td style="white-space:nowrap">LIVESTOCK_ASSISTANT<a name="diagnostic-source-cs-LIVESTOCK_ASSISTANT"> </a></td><td>Livestock Assistant</td></tr><tr><td style="white-space:nowrap">LIVESTOCK_INSPECTOR<a name="diagnostic-source-cs-LIVESTOCK_INSPECTOR"> </a></td><td>Livestock Inspector</td></tr><tr><td style="white-space:nowrap">LIVESTOCK_OFFICER<a name="diagnostic-source-cs-LIVESTOCK_OFFICER"> </a></td><td>Livestock officer</td></tr><tr><td style="white-space:nowrap">MANAGEMENT_INFORMATION_SYSTEMS_MIS<a name="diagnostic-source-cs-MANAGEMENT_INFORMATION_SYSTEMS_MIS"> </a></td><td>Management Information Systems (MIS)</td></tr><tr><td style="white-space:nowrap">MEDIA<a name="diagnostic-source-cs-MEDIA"> </a></td><td>Media</td></tr><tr><td style="white-space:nowrap">MOZAMBIQUE_HEALTH_SERVICE<a name="diagnostic-source-cs-MOZAMBIQUE_HEALTH_SERVICE"> </a></td><td>Mozambique Health service</td></tr><tr><td style="white-space:nowrap">NADDEC<a name="diagnostic-source-cs-NADDEC"> </a></td><td>NADDEC</td></tr><tr><td style="white-space:nowrap">NATIONAL_AUTHORITIES<a name="diagnostic-source-cs-NATIONAL_AUTHORITIES"> </a></td><td>National authorities</td></tr><tr><td style="white-space:nowrap">NATIONAL_INSTITUTE_FOR_COMMUNICABLE_DISEASES,_NICD<a name="diagnostic-source-cs-NATIONAL_INSTITUTE_FOR_COMMUNICABLE_DISEASES.44_NICD"> </a></td><td>National Institute for Communicable Diseases, NICD</td></tr><tr><td style="white-space:nowrap">OIE<a name="diagnostic-source-cs-OIE"> </a></td><td>OIE</td></tr><tr><td style="white-space:nowrap">OTHER<a name="diagnostic-source-cs-OTHER"> </a></td><td>Other</td></tr><tr><td style="white-space:nowrap">PREVENT_TRANSPORT_POULTRY_PRODUCT_OUT_REGION<a name="diagnostic-source-cs-PREVENT_TRANSPORT_POULTRY_PRODUCT_OUT_REGION"> </a></td><td>Prevent transport and poultry product out of the region</td></tr><tr><td style="white-space:nowrap">PROVINCIAL_VETERINARY_OFFICER_PVO<a name="diagnostic-source-cs-PROVINCIAL_VETERINARY_OFFICER_PVO"> </a></td><td>Provincial Veterinary Officer (PVO)</td></tr><tr><td style="white-space:nowrap">PUBLICATIONS<a name="diagnostic-source-cs-PUBLICATIONS"> </a></td><td>Publications</td></tr><tr><td style="white-space:nowrap">QUARANTINE_OFFICER<a name="diagnostic-source-cs-QUARANTINE_OFFICER"> </a></td><td>Quarantine Officer</td></tr><tr><td style="white-space:nowrap">RVO<a name="diagnostic-source-cs-RVO"> </a></td><td>RVO</td></tr><tr><td style="white-space:nowrap">SEQUENCE_ONLY<a name="diagnostic-source-cs-SEQUENCE_ONLY"> </a></td><td>Sequence only</td></tr><tr><td style="white-space:nowrap">SURVEILLANCE_OFFICER<a name="diagnostic-source-cs-SURVEILLANCE_OFFICER"> </a></td><td>Surveillance Officer</td></tr><tr><td style="white-space:nowrap">UEMOA<a name="diagnostic-source-cs-UEMOA"> </a></td><td>UEMOA</td></tr><tr><td style="white-space:nowrap">UN_FIELD_OFFICER<a name="diagnostic-source-cs-UN_FIELD_OFFICER"> </a></td><td>UN Field Officer</td></tr><tr><td style="white-space:nowrap">US_NAVAL_MEDICAL_RESEARCH_UNIT_NO_3<a name="diagnostic-source-cs-US_NAVAL_MEDICAL_RESEARCH_UNIT_NO_3"> </a></td><td>U.S. Naval Medical Research Unit No. 3</td></tr><tr><td style="white-space:nowrap">VETERINARIAN_FROM_PRIVATE_VETERINARY_CLINIC_VPVC<a name="diagnostic-source-cs-VETERINARIAN_FROM_PRIVATE_VETERINARY_CLINIC_VPVC"> </a></td><td>Veterinarian from Private Veterinary Clinic (VPVC)</td></tr><tr><td style="white-space:nowrap">VETERINARY_EXTENSION_WORKER_VEW<a name="diagnostic-source-cs-VETERINARY_EXTENSION_WORKER_VEW"> </a></td><td>Veterinary Extension Worker (VEW)</td></tr><tr><td style="white-space:nowrap">WHO<a name="diagnostic-source-cs-WHO"> </a></td><td>WHO</td></tr><tr><td style="white-space:nowrap">WOAH<a name="diagnostic-source-cs-WOAH"> </a></td><td>WOAH</td></tr><tr><td style="white-space:nowrap">ZTVLA_TVLA<a name="diagnostic-source-cs-ZTVLA_TVLA"> </a></td><td>ZTVLA (TVLA)</td></tr><tr><td style="white-space:nowrap">ZVC_DVS<a name="diagnostic-source-cs-ZVC_DVS"> </a></td><td>ZVC (DVS)</td></tr></table></div>
  </text>
  <url value="https://dhis2.org/fhir/CodeSystem/diagnostic-source-cs"/>
  <version value="0.1.0"/>
  <name value="DiagnosticSourceCS"/>
  <title value="Diagnostic Source Code System"/>
  <status value="draft"/>
  <date value="2024-04-22T10:30:53+00:00"/>
  <publisher value="DHIS2"/>
  <contact>
    <name value="DHIS2"/>
    <telecom>
      <system value="url"/>
      <value value="https://dhis2.org"/>
    </telecom>
    <telecom>
      <system value="email"/>
      <value value="johan.hole@dhis2.org"/>
    </telecom>
  </contact>
  <description value="Code system for diagnostic source."/>
  <content value="complete"/>
  <count value="74"/>
  <concept>
    <code value="ADT1"/>
    <display value="ADT1"/>
  </concept>
  <concept>
    <code value="ADT2"/>
    <display value="ADT2"/>
  </concept>
  <concept>
    <code value="ADT3"/>
    <display value="ADT3"/>
  </concept>
  <concept>
    <code value="AHDG_KRG"/>
    <display value="Animal Health Department-Veterinary Directorate by Governorate (AHDG-KRG)"/>
  </concept>
  <concept>
    <code value="ANIMAL_HEALTH_DIRECTORATE_AHD_KRG"/>
    <display value="Animal Health Directorate (AHD) (KRG)"/>
  </concept>
  <concept>
    <code value="ANIMAL_HEALTH_INSPECTOR_AHI"/>
    <display value="Animal Health Inspector (AHI)"/>
  </concept>
  <concept>
    <code value="ATO"/>
    <display value="ATO"/>
  </concept>
  <concept>
    <code value="CENTRAL_TVLA_TVLA"/>
    <display value="Central TVLA (TVLA)"/>
  </concept>
  <concept>
    <code value="CENTRAL_VETERINARY_LABORATORY_HEAD_OFFICE_CVL"/>
    <display value="Central Veterinary Laboratory-Head Office (CVL)"/>
  </concept>
  <concept>
    <code value="CENTRAL_VETRINARY_LABORATORY_BAGHDAD_CVLB"/>
    <display value="Central Vetrinary Laboratory-Baghdad (CVLB)"/>
  </concept>
  <concept>
    <code value="CENTRAL_VETRINARY_LABORATORY_ERBIL_CVLE"/>
    <display value="Central Vetrinary Laboratory-Erbil (CVLE)"/>
  </concept>
  <concept>
    <code value="CHIEF_ANIMAL_HEALTH_INSPECTOR_CAHI"/>
    <display value="Chief Animal health Inspector (CAHI)"/>
  </concept>
  <concept>
    <code value="CNASA"/>
    <display value="CNASA"/>
  </concept>
  <concept>
    <code value="COMMUNITY_ANIMAL_HEALTH_WORKER_CAHW"/>
    <display value="Community Animal Health Worker (CAHW)"/>
  </concept>
  <concept>
    <code value="DAP"/>
    <display value="DAP"/>
  </concept>
  <concept>
    <code value="DD/DR"/>
    <display value="DD/DR"/>
  </concept>
  <concept>
    <code value="DIRECTOR_OF_FORESTRY"/>
    <display value="Director of Forestry"/>
  </concept>
  <concept>
    <code value="DIRECTOR_OF_LIVESTOCK_AND_VETERINARY_SERVICES"/>
    <display value="Director of Livestock and Veterinary Services"/>
  </concept>
  <concept>
    <code value="DISTRICT_AGRICULTURE_OFFICER_DAO"/>
    <display value="District Agriculture Officer (DAO)"/>
  </concept>
  <concept>
    <code value="DLO1"/>
    <display value="DLO1"/>
  </concept>
  <concept>
    <code value="DLO2"/>
    <display value="DLO2"/>
  </concept>
  <concept>
    <code value="DNSV"/>
    <display value="DNSV"/>
  </concept>
  <concept>
    <code value="DPASV"/>
    <display value="DPASV"/>
  </concept>
  <concept>
    <code value="DVL"/>
    <display value="DVL"/>
  </concept>
  <concept>
    <code value="DVO1"/>
    <display value="DVO1"/>
  </concept>
  <concept>
    <code value="DVO2"/>
    <display value="DVO2"/>
  </concept>
  <concept>
    <code value="DVO3"/>
    <display value="DVO3"/>
  </concept>
  <concept>
    <code value="DVS"/>
    <display value="DVS"/>
  </concept>
  <concept>
    <code value="EC"/>
    <display value="EC"/>
  </concept>
  <concept>
    <code value="EIOS"/>
    <display value="EIOS"/>
  </concept>
  <concept>
    <code value="EPIDEMIOLOGY_DEPARTMENT_ED_FEDERAL"/>
    <display value="Epidemiology Department (ED-Federal)"/>
  </concept>
  <concept>
    <code value="EPIDEMIOLOGY_UNIT_VETERINAY_HOSPITAL_EUVH"/>
    <display value="Epidemiology Unit-Veterinay Hospital (EUVH)"/>
  </concept>
  <concept>
    <code value="EPI_UNIT_DVS"/>
    <display value="Epi Unit (DVS)"/>
  </concept>
  <concept>
    <code value="FAO_ECTAD_RAF"/>
    <display value="FAO ECTAD RAF"/>
  </concept>
  <concept>
    <code value="FAO_FIELD_OFFICER"/>
    <display value="FAO Field Officer"/>
  </concept>
  <concept>
    <code value="FAO_OFFICER"/>
    <display value="FAO Officer"/>
  </concept>
  <concept>
    <code value="FAO_REPORT"/>
    <display value="FAO-Report"/>
  </concept>
  <concept>
    <code value="FVO"/>
    <display value="Field Veterinary Officer from Veterinary Dispensay (FVO)"/>
  </concept>
  <concept>
    <code value="GHANA_HEALTH_SERVICE"/>
    <display value="Ghana Health Service"/>
  </concept>
  <concept>
    <code value="GLEWS_OFFICER"/>
    <display value="GLEWS officer"/>
  </concept>
  <concept>
    <code value="GOVERNORATE_VETERINARY_LABORATOYGVL"/>
    <display value="Governorate Veterinary Laboratoy(GVL)"/>
  </concept>
  <concept>
    <code value="GPHIN"/>
    <display value="GPHIN"/>
  </concept>
  <concept>
    <code value="HEALTH_MAP"/>
    <display value="Health Map"/>
  </concept>
  <concept>
    <code value="INTERNATIONAL_REFERENCE_LABOARATORY_IRL"/>
    <display value="International Reference Laboaratory (IRL)"/>
  </concept>
  <concept>
    <code value="INTERNATIONAL_REFERENCE_LABORATORY"/>
    <display value="International reference laboratory"/>
  </concept>
  <concept>
    <code value="LANADA"/>
    <display value="LANADA"/>
  </concept>
  <concept>
    <code value="LCV"/>
    <display value="LCV"/>
  </concept>
  <concept>
    <code value="LIVESTOCK_ASSISTANT"/>
    <display value="Livestock Assistant"/>
  </concept>
  <concept>
    <code value="LIVESTOCK_INSPECTOR"/>
    <display value="Livestock Inspector"/>
  </concept>
  <concept>
    <code value="LIVESTOCK_OFFICER"/>
    <display value="Livestock officer"/>
  </concept>
  <concept>
    <code value="MANAGEMENT_INFORMATION_SYSTEMS_MIS"/>
    <display value="Management Information Systems (MIS)"/>
  </concept>
  <concept>
    <code value="MEDIA"/>
    <display value="Media"/>
  </concept>
  <concept>
    <code value="MOZAMBIQUE_HEALTH_SERVICE"/>
    <display value="Mozambique Health service"/>
  </concept>
  <concept>
    <code value="NADDEC"/>
    <display value="NADDEC"/>
  </concept>
  <concept>
    <code value="NATIONAL_AUTHORITIES"/>
    <display value="National authorities"/>
  </concept>
  <concept>
    <code value="NATIONAL_INSTITUTE_FOR_COMMUNICABLE_DISEASES,_NICD"/>
    <display value="National Institute for Communicable Diseases, NICD"/>
  </concept>
  <concept>
    <code value="OIE"/>
    <display value="OIE"/>
  </concept>
  <concept>
    <code value="OTHER"/>
    <display value="Other"/>
  </concept>
  <concept>
    <code value="PREVENT_TRANSPORT_POULTRY_PRODUCT_OUT_REGION"/>
    <display value="Prevent transport and poultry product out of the region"/>
  </concept>
  <concept>
    <code value="PROVINCIAL_VETERINARY_OFFICER_PVO"/>
    <display value="Provincial Veterinary Officer (PVO)"/>
  </concept>
  <concept>
    <code value="PUBLICATIONS"/>
    <display value="Publications"/>
  </concept>
  <concept>
    <code value="QUARANTINE_OFFICER"/>
    <display value="Quarantine Officer"/>
  </concept>
  <concept>
    <code value="RVO"/>
    <display value="RVO"/>
  </concept>
  <concept>
    <code value="SEQUENCE_ONLY"/>
    <display value="Sequence only"/>
  </concept>
  <concept>
    <code value="SURVEILLANCE_OFFICER"/>
    <display value="Surveillance Officer"/>
  </concept>
  <concept>
    <code value="UEMOA"/>
    <display value="UEMOA"/>
  </concept>
  <concept>
    <code value="UN_FIELD_OFFICER"/>
    <display value="UN Field Officer"/>
  </concept>
  <concept>
    <code value="US_NAVAL_MEDICAL_RESEARCH_UNIT_NO_3"/>
    <display value="U.S. Naval Medical Research Unit No. 3"/>
  </concept>
  <concept>
    <code value="VETERINARIAN_FROM_PRIVATE_VETERINARY_CLINIC_VPVC"/>
    <display value="Veterinarian from Private Veterinary Clinic (VPVC)"/>
  </concept>
  <concept>
    <code value="VETERINARY_EXTENSION_WORKER_VEW"/>
    <display value="Veterinary Extension Worker (VEW)"/>
  </concept>
  <concept>
    <code value="WHO"/>
    <display value="WHO"/>
  </concept>
  <concept>
    <code value="WOAH"/>
    <display value="WOAH"/>
  </concept>
  <concept>
    <code value="ZTVLA_TVLA"/>
    <display value="ZTVLA (TVLA)"/>
  </concept>
  <concept>
    <code value="ZVC_DVS"/>
    <display value="ZVC (DVS)"/>
  </concept>
</CodeSystem>