{
  "resourceType" : "CodeSystem",
  "id" : "districts-cs",
  "text" : {
    "status" : "generated",
    "div" : "<div xmlns=\"http://www.w3.org/1999/xhtml\"><p>This  code system <code>https://dhis2.org/fhir/CodeSystem/districts-cs</code> defines the following codes:</p><table class=\"codes\"><tr><td style=\"white-space:nowrap\"><b>Code</b></td><td><b>Display</b></td></tr><tr><td style=\"white-space:nowrap\">ATSAPHANGTHONG<a name=\"districts-cs-ATSAPHANGTHONG\"> </a></td><td>Atsaphangthong</td></tr><tr><td style=\"white-space:nowrap\">ATSAPHONE<a name=\"districts-cs-ATSAPHONE\"> </a></td><td>Atsaphone</td></tr><tr><td style=\"white-space:nowrap\">BACHIANGCHALEUNSOOK<a name=\"districts-cs-BACHIANGCHALEUNSOOK\"> </a></td><td>Bachiangchaleunsook</td></tr><tr><td style=\"white-space:nowrap\">BENG<a name=\"districts-cs-BENG\"> </a></td><td>Beng</td></tr><tr><td style=\"white-space:nowrap\">BOLIKHANH<a name=\"districts-cs-BOLIKHANH\"> </a></td><td>Bolikhanh</td></tr><tr><td style=\"white-space:nowrap\">BOON_NEUA<a name=\"districts-cs-BOON_NEUA\"> </a></td><td>Boon Neua</td></tr><tr><td style=\"white-space:nowrap\">BOONTAI<a name=\"districts-cs-BOONTAI\"> </a></td><td>Boontai</td></tr><tr><td style=\"white-space:nowrap\">BOTENE<a name=\"districts-cs-BOTENE\"> </a></td><td>Botene</td></tr><tr><td style=\"white-space:nowrap\">BUALAPHA<a name=\"districts-cs-BUALAPHA\"> </a></td><td>Bualapha</td></tr><tr><td style=\"white-space:nowrap\">CHAMPASSACK<a name=\"districts-cs-CHAMPASSACK\"> </a></td><td>Champassack</td></tr><tr><td style=\"white-space:nowrap\">CHAMPHONE<a name=\"districts-cs-CHAMPHONE\"> </a></td><td>Champhone</td></tr><tr><td style=\"white-space:nowrap\">CHANTHABULY<a name=\"districts-cs-CHANTHABULY\"> </a></td><td>Chanthabuly</td></tr><tr><td style=\"white-space:nowrap\">CHOMPHET<a name=\"districts-cs-CHOMPHET\"> </a></td><td>Chomphet</td></tr><tr><td style=\"white-space:nowrap\">DAKCHEUNG<a name=\"districts-cs-DAKCHEUNG\"> </a></td><td>Dakcheung</td></tr><tr><td style=\"white-space:nowrap\">FEUANG<a name=\"districts-cs-FEUANG\"> </a></td><td>Feuang</td></tr><tr><td style=\"white-space:nowrap\">HADXAIFONG<a name=\"districts-cs-HADXAIFONG\"> </a></td><td>Hadxaifong</td></tr><tr><td style=\"white-space:nowrap\">HINBOON<a name=\"districts-cs-HINBOON\"> </a></td><td>Hinboon</td></tr><tr><td style=\"white-space:nowrap\">HINHURP<a name=\"districts-cs-HINHURP\"> </a></td><td>Hinhurp</td></tr><tr><td style=\"white-space:nowrap\">HOM<a name=\"districts-cs-HOM\"> </a></td><td>Hom</td></tr><tr><td style=\"white-space:nowrap\">HONGSA<a name=\"districts-cs-HONGSA\"> </a></td><td>Hongsa</td></tr><tr><td style=\"white-space:nowrap\">HOON<a name=\"districts-cs-HOON\"> </a></td><td>Hoon</td></tr><tr><td style=\"white-space:nowrap\">HOUIXAI<a name=\"districts-cs-HOUIXAI\"> </a></td><td>Houixai</td></tr><tr><td style=\"white-space:nowrap\">HUAMEUANG<a name=\"districts-cs-HUAMEUANG\"> </a></td><td>Huameuang</td></tr><tr><td style=\"white-space:nowrap\">KALEUM<a name=\"districts-cs-KALEUM\"> </a></td><td>Kaleum</td></tr><tr><td style=\"white-space:nowrap\">KASY<a name=\"districts-cs-KASY\"> </a></td><td>Kasy</td></tr><tr><td style=\"white-space:nowrap\">KAYSONE_PHOMVIHANE<a name=\"districts-cs-KAYSONE_PHOMVIHANE\"> </a></td><td>Kaysone Phomvihane</td></tr><tr><td style=\"white-space:nowrap\">KENETHAO<a name=\"districts-cs-KENETHAO\"> </a></td><td>Kenethao</td></tr><tr><td style=\"white-space:nowrap\">KEO_OUDOM<a name=\"districts-cs-KEO_OUDOM\"> </a></td><td>Keo Oudom</td></tr><tr><td style=\"white-space:nowrap\">KHAM<a name=\"districts-cs-KHAM\"> </a></td><td>Kham</td></tr><tr><td style=\"white-space:nowrap\">KHAMKHEUTH<a name=\"districts-cs-KHAMKHEUTH\"> </a></td><td>Khamkheuth</td></tr><tr><td style=\"white-space:nowrap\">KHONGXEDONE<a name=\"districts-cs-KHONGXEDONE\"> </a></td><td>Khongxedone</td></tr><tr><td style=\"white-space:nowrap\">KHOP<a name=\"districts-cs-KHOP\"> </a></td><td>Khop</td></tr><tr><td style=\"white-space:nowrap\">KHOUNE<a name=\"districts-cs-KHOUNE\"> </a></td><td>Khoune</td></tr><tr><td style=\"white-space:nowrap\">KHUA<a name=\"districts-cs-KHUA\"> </a></td><td>Khua</td></tr><tr><td style=\"white-space:nowrap\">LA<a name=\"districts-cs-LA\"> </a></td><td>La</td></tr><tr><td style=\"white-space:nowrap\">LAKHONEPHENG<a name=\"districts-cs-LAKHONEPHENG\"> </a></td><td>Lakhonepheng</td></tr><tr><td style=\"white-space:nowrap\">LAMARM<a name=\"districts-cs-LAMARM\"> </a></td><td>Lamarm</td></tr><tr><td style=\"white-space:nowrap\">LAO_NGARM<a name=\"districts-cs-LAO_NGARM\"> </a></td><td>Lao Ngarm</td></tr><tr><td style=\"white-space:nowrap\">LOUANGPHRABANG<a name=\"districts-cs-LOUANGPHRABANG\"> </a></td><td>Louangphrabang</td></tr><tr><td style=\"white-space:nowrap\">MAD<a name=\"districts-cs-MAD\"> </a></td><td>Mad</td></tr><tr><td style=\"white-space:nowrap\">MAHAXAY<a name=\"districts-cs-MAHAXAY\"> </a></td><td>Mahaxay</td></tr><tr><td style=\"white-space:nowrap\">MAY<a name=\"districts-cs-MAY\"> </a></td><td>May</td></tr><tr><td style=\"white-space:nowrap\">MAYPARKNGUM<a name=\"districts-cs-MAYPARKNGUM\"> </a></td><td>Mayparkngum</td></tr><tr><td style=\"white-space:nowrap\">MEUNG<a name=\"districts-cs-MEUNG\"> </a></td><td>Meung</td></tr><tr><td style=\"white-space:nowrap\">MOONLAPAMOK<a name=\"districts-cs-MOONLAPAMOK\"> </a></td><td>Moonlapamok</td></tr><tr><td style=\"white-space:nowrap\">MORKMAY<a name=\"districts-cs-MORKMAY\"> </a></td><td>Morkmay</td></tr><tr><td style=\"white-space:nowrap\">MUANG_ET<a name=\"districts-cs-MUANG_ET\"> </a></td><td>Muang Et</td></tr><tr><td style=\"white-space:nowrap\">NAKAI<a name=\"districts-cs-NAKAI\"> </a></td><td>Nakai</td></tr><tr><td style=\"white-space:nowrap\">NALAE<a name=\"districts-cs-NALAE\"> </a></td><td>Nalae</td></tr><tr><td style=\"white-space:nowrap\">NAMBAK<a name=\"districts-cs-NAMBAK\"> </a></td><td>Nambak</td></tr><tr><td style=\"white-space:nowrap\">NAMOR<a name=\"districts-cs-NAMOR\"> </a></td><td>Namor</td></tr><tr><td style=\"white-space:nowrap\">NAMTHA<a name=\"districts-cs-NAMTHA\"> </a></td><td>Namtha</td></tr><tr><td style=\"white-space:nowrap\">NAN<a name=\"districts-cs-NAN\"> </a></td><td>Nan</td></tr><tr><td style=\"white-space:nowrap\">NAXAITHONG<a name=\"districts-cs-NAXAITHONG\"> </a></td><td>Naxaithong</td></tr><tr><td style=\"white-space:nowrap\">NGA<a name=\"districts-cs-NGA\"> </a></td><td>Nga</td></tr><tr><td style=\"white-space:nowrap\">NGEUN<a name=\"districts-cs-NGEUN\"> </a></td><td>Ngeun</td></tr><tr><td style=\"white-space:nowrap\">NGOI<a name=\"districts-cs-NGOI\"> </a></td><td>Ngoi</td></tr><tr><td style=\"white-space:nowrap\">NHOMMALATH<a name=\"districts-cs-NHOMMALATH\"> </a></td><td>Nhommalath</td></tr><tr><td style=\"white-space:nowrap\">NHOT_OU<a name=\"districts-cs-NHOT_OU\"> </a></td><td>Nhot Ou</td></tr><tr><td style=\"white-space:nowrap\">NONG<a name=\"districts-cs-NONG\"> </a></td><td>Nong</td></tr><tr><td style=\"white-space:nowrap\">NONGBOK<a name=\"districts-cs-NONGBOK\"> </a></td><td>Nongbok</td></tr><tr><td style=\"white-space:nowrap\">NONGHED<a name=\"districts-cs-NONGHED\"> </a></td><td>Nonghed</td></tr><tr><td style=\"white-space:nowrap\">OUTHOOMPHONE<a name=\"districts-cs-OUTHOOMPHONE\"> </a></td><td>Outhoomphone</td></tr><tr><td style=\"white-space:nowrap\">PAK_XENG<a name=\"districts-cs-PAK_XENG\"> </a></td><td>Pak Xeng</td></tr><tr><td style=\"white-space:nowrap\">PAKBENG<a name=\"districts-cs-PAKBENG\"> </a></td><td>Pakbeng</td></tr><tr><td style=\"white-space:nowrap\">PAKKADING<a name=\"districts-cs-PAKKADING\"> </a></td><td>Pakkading</td></tr><tr><td style=\"white-space:nowrap\">PAKSANE<a name=\"districts-cs-PAKSANE\"> </a></td><td>Paksane</td></tr><tr><td style=\"white-space:nowrap\">PAKSONG<a name=\"districts-cs-PAKSONG\"> </a></td><td>Paksong</td></tr><tr><td style=\"white-space:nowrap\">PAKTHA<a name=\"districts-cs-PAKTHA\"> </a></td><td>Paktha</td></tr><tr><td style=\"white-space:nowrap\">PAKXE<a name=\"districts-cs-PAKXE\"> </a></td><td>Pakxe</td></tr><tr><td style=\"white-space:nowrap\">PARK_OU<a name=\"districts-cs-PARK_OU\"> </a></td><td>Park Ou</td></tr><tr><td style=\"white-space:nowrap\">PARKLAI<a name=\"districts-cs-PARKLAI\"> </a></td><td>Parklai</td></tr><tr><td style=\"white-space:nowrap\">PATHOOMPHONE<a name=\"districts-cs-PATHOOMPHONE\"> </a></td><td>Pathoomphone</td></tr><tr><td style=\"white-space:nowrap\">PEK<a name=\"districts-cs-PEK\"> </a></td><td>Pek</td></tr><tr><td style=\"white-space:nowrap\">PHA_OUDOM<a name=\"districts-cs-PHA_OUDOM\"> </a></td><td>Pha Oudom</td></tr><tr><td style=\"white-space:nowrap\">PHAXAY<a name=\"districts-cs-PHAXAY\"> </a></td><td>Phaxay</td></tr><tr><td style=\"white-space:nowrap\">PHIANG<a name=\"districts-cs-PHIANG\"> </a></td><td>Phiang</td></tr><tr><td style=\"white-space:nowrap\">PHINE<a name=\"districts-cs-PHINE\"> </a></td><td>Phine</td></tr><tr><td style=\"white-space:nowrap\">PHONGSALY<a name=\"districts-cs-PHONGSALY\"> </a></td><td>Phongsaly</td></tr><tr><td style=\"white-space:nowrap\">PHONHONG<a name=\"districts-cs-PHONHONG\"> </a></td><td>Phonhong</td></tr><tr><td style=\"white-space:nowrap\">PHONTHONG<a name=\"districts-cs-PHONTHONG\"> </a></td><td>Phonthong</td></tr><tr><td style=\"white-space:nowrap\">PHONXAY<a name=\"districts-cs-PHONXAY\"> </a></td><td>Phonxay</td></tr><tr><td style=\"white-space:nowrap\">PHOOKOOD<a name=\"districts-cs-PHOOKOOD\"> </a></td><td>Phookood</td></tr><tr><td style=\"white-space:nowrap\">PHOUKHOUNE<a name=\"districts-cs-PHOUKHOUNE\"> </a></td><td>Phoukhoune</td></tr><tr><td style=\"white-space:nowrap\">PHOUVONG<a name=\"districts-cs-PHOUVONG\"> </a></td><td>Phouvong</td></tr><tr><td style=\"white-space:nowrap\">SAMAKKHIXAY<a name=\"districts-cs-SAMAKKHIXAY\"> </a></td><td>Samakkhixay</td></tr><tr><td style=\"white-space:nowrap\">SAMPHANH<a name=\"districts-cs-SAMPHANH\"> </a></td><td>Samphanh</td></tr><tr><td style=\"white-space:nowrap\">SAMUOI<a name=\"districts-cs-SAMUOI\"> </a></td><td>Samuoi</td></tr><tr><td style=\"white-space:nowrap\">SANAMXAY<a name=\"districts-cs-SANAMXAY\"> </a></td><td>Sanamxay</td></tr><tr><td style=\"white-space:nowrap\">SANASOMBOON<a name=\"districts-cs-SANASOMBOON\"> </a></td><td>Sanasomboon</td></tr><tr><td style=\"white-space:nowrap\">SANGTHONG<a name=\"districts-cs-SANGTHONG\"> </a></td><td>Sangthong</td></tr><tr><td style=\"white-space:nowrap\">SANXAY<a name=\"districts-cs-SANXAY\"> </a></td><td>Sanxay</td></tr><tr><td style=\"white-space:nowrap\">SARAVANE<a name=\"districts-cs-SARAVANE\"> </a></td><td>Saravane</td></tr><tr><td style=\"white-space:nowrap\">SEPONE<a name=\"districts-cs-SEPONE\"> </a></td><td>Sepone</td></tr><tr><td style=\"white-space:nowrap\">SIKHOTTABONG<a name=\"districts-cs-SIKHOTTABONG\"> </a></td><td>Sikhottabong</td></tr><tr><td style=\"white-space:nowrap\">SING<a name=\"districts-cs-SING\"> </a></td><td>Sing</td></tr><tr><td style=\"white-space:nowrap\">SISATTANAK<a name=\"districts-cs-SISATTANAK\"> </a></td><td>Sisattanak</td></tr><tr><td style=\"white-space:nowrap\">SONGKHONE<a name=\"districts-cs-SONGKHONE\"> </a></td><td>Songkhone</td></tr><tr><td style=\"white-space:nowrap\">SOPBAO<a name=\"districts-cs-SOPBAO\"> </a></td><td>Sopbao</td></tr><tr><td style=\"white-space:nowrap\">SUKHUMA<a name=\"districts-cs-SUKHUMA\"> </a></td><td>Sukhuma</td></tr><tr><td style=\"white-space:nowrap\">TA_OI<a name=\"districts-cs-TA_OI\"> </a></td><td>Ta Oi</td></tr><tr><td style=\"white-space:nowrap\">THAKHEK<a name=\"districts-cs-THAKHEK\"> </a></td><td>Thakhek</td></tr><tr><td style=\"white-space:nowrap\">THAPANGTHONG<a name=\"districts-cs-THAPANGTHONG\"> </a></td><td>Thapangthong</td></tr><tr><td style=\"white-space:nowrap\">THAPHABATH<a name=\"districts-cs-THAPHABATH\"> </a></td><td>Thaphabath</td></tr><tr><td style=\"white-space:nowrap\">THAPHALANXAY<a name=\"districts-cs-THAPHALANXAY\"> </a></td><td>Thaphalanxay</td></tr><tr><td style=\"white-space:nowrap\">THATENG<a name=\"districts-cs-THATENG\"> </a></td><td>Thateng</td></tr><tr><td style=\"white-space:nowrap\">THATHOM<a name=\"districts-cs-THATHOM\"> </a></td><td>Thathom</td></tr><tr><td style=\"white-space:nowrap\">THONGMYXAY<a name=\"districts-cs-THONGMYXAY\"> </a></td><td>Thongmyxay</td></tr><tr><td style=\"white-space:nowrap\">THOULAKHOM<a name=\"districts-cs-THOULAKHOM\"> </a></td><td>Thoulakhom</td></tr><tr><td style=\"white-space:nowrap\">TONPHEUNG<a name=\"districts-cs-TONPHEUNG\"> </a></td><td>Tonpheung</td></tr><tr><td style=\"white-space:nowrap\">TOOMLARN<a name=\"districts-cs-TOOMLARN\"> </a></td><td>Toomlarn</td></tr><tr><td style=\"white-space:nowrap\">VANGVIENG<a name=\"districts-cs-VANGVIENG\"> </a></td><td>Vangvieng</td></tr><tr><td style=\"white-space:nowrap\">VAPY<a name=\"districts-cs-VAPY\"> </a></td><td>Vapy</td></tr><tr><td style=\"white-space:nowrap\">VIENGKHAM<a name=\"districts-cs-VIENGKHAM\"> </a></td><td>Viengkham</td></tr><tr><td style=\"white-space:nowrap\">VIENGPHOUKHA<a name=\"districts-cs-VIENGPHOUKHA\"> </a></td><td>Viengphoukha</td></tr><tr><td style=\"white-space:nowrap\">VIENGTHONG<a name=\"districts-cs-VIENGTHONG\"> </a></td><td>Viengthong</td></tr><tr><td style=\"white-space:nowrap\">VIENGXAY<a name=\"districts-cs-VIENGXAY\"> </a></td><td>Viengxay</td></tr><tr><td style=\"white-space:nowrap\">VILABULY<a name=\"districts-cs-VILABULY\"> </a></td><td>Vilabuly</td></tr><tr><td style=\"white-space:nowrap\">XAMNEUA<a name=\"districts-cs-XAMNEUA\"> </a></td><td>Xamneua</td></tr><tr><td style=\"white-space:nowrap\">XAMTAY<a name=\"districts-cs-XAMTAY\"> </a></td><td>Xamtay</td></tr><tr><td style=\"white-space:nowrap\">XANAKHARM<a name=\"districts-cs-XANAKHARM\"> </a></td><td>Xanakharm</td></tr><tr><td style=\"white-space:nowrap\">XAY<a name=\"districts-cs-XAY\"> </a></td><td>Xay</td></tr><tr><td style=\"white-space:nowrap\">XAYABURY<a name=\"districts-cs-XAYABURY\"> </a></td><td>Xayabury</td></tr><tr><td style=\"white-space:nowrap\">XAYBUATHONG<a name=\"districts-cs-XAYBUATHONG\"> </a></td><td>Xaybuathong</td></tr><tr><td style=\"white-space:nowrap\">XAYBULY<a name=\"districts-cs-XAYBULY\"> </a></td><td>Xaybuly</td></tr><tr><td style=\"white-space:nowrap\">XAYPHOOTHONG<a name=\"districts-cs-XAYPHOOTHONG\"> </a></td><td>Xayphoothong</td></tr><tr><td style=\"white-space:nowrap\">XAYSETHA<a name=\"districts-cs-XAYSETHA\"> </a></td><td>Xaysetha</td></tr><tr><td style=\"white-space:nowrap\">XAYSOMBOUN<a name=\"districts-cs-XAYSOMBOUN\"> </a></td><td>Xaysomboun</td></tr><tr><td style=\"white-space:nowrap\">XAYTHANY<a name=\"districts-cs-XAYTHANY\"> </a></td><td>Xaythany</td></tr><tr><td style=\"white-space:nowrap\">XEBANGFAY<a name=\"districts-cs-XEBANGFAY\"> </a></td><td>Xebangfay</td></tr><tr><td style=\"white-space:nowrap\">XIENG_NGEUN<a name=\"districts-cs-XIENG_NGEUN\"> </a></td><td>Xieng Ngeun</td></tr><tr><td style=\"white-space:nowrap\">XIENGHONE<a name=\"districts-cs-XIENGHONE\"> </a></td><td>Xienghone</td></tr><tr><td style=\"white-space:nowrap\">XIENGKHOR<a name=\"districts-cs-XIENGKHOR\"> </a></td><td>Xiengkhor</td></tr><tr><td style=\"white-space:nowrap\">XONBULY<a name=\"districts-cs-XONBULY\"> </a></td><td>Xonbuly</td></tr></table></div>"
  },
  "url" : "https://dhis2.org/fhir/CodeSystem/districts-cs",
  "version" : "0.1.0",
  "name" : "DistrictsCS",
  "title" : "Districts Code System",
  "status" : "draft",
  "date" : "2024-04-22T11:02:38+00:00",
  "publisher" : "DHIS2",
  "contact" : [{
    "name" : "DHIS2",
    "telecom" : [{
      "system" : "url",
      "value" : "https://dhis2.org"
    },
    {
      "system" : "email",
      "value" : "johan.hole@dhis2.org"
    }]
  }],
  "description" : "Code system for districts.",
  "content" : "complete",
  "count" : 134,
  "concept" : [{
    "code" : "ATSAPHANGTHONG",
    "display" : "Atsaphangthong"
  },
  {
    "code" : "ATSAPHONE",
    "display" : "Atsaphone"
  },
  {
    "code" : "BACHIANGCHALEUNSOOK",
    "display" : "Bachiangchaleunsook"
  },
  {
    "code" : "BENG",
    "display" : "Beng"
  },
  {
    "code" : "BOLIKHANH",
    "display" : "Bolikhanh"
  },
  {
    "code" : "BOON_NEUA",
    "display" : "Boon Neua"
  },
  {
    "code" : "BOONTAI",
    "display" : "Boontai"
  },
  {
    "code" : "BOTENE",
    "display" : "Botene"
  },
  {
    "code" : "BUALAPHA",
    "display" : "Bualapha"
  },
  {
    "code" : "CHAMPASSACK",
    "display" : "Champassack"
  },
  {
    "code" : "CHAMPHONE",
    "display" : "Champhone"
  },
  {
    "code" : "CHANTHABULY",
    "display" : "Chanthabuly"
  },
  {
    "code" : "CHOMPHET",
    "display" : "Chomphet"
  },
  {
    "code" : "DAKCHEUNG",
    "display" : "Dakcheung"
  },
  {
    "code" : "FEUANG",
    "display" : "Feuang"
  },
  {
    "code" : "HADXAIFONG",
    "display" : "Hadxaifong"
  },
  {
    "code" : "HINBOON",
    "display" : "Hinboon"
  },
  {
    "code" : "HINHURP",
    "display" : "Hinhurp"
  },
  {
    "code" : "HOM",
    "display" : "Hom"
  },
  {
    "code" : "HONGSA",
    "display" : "Hongsa"
  },
  {
    "code" : "HOON",
    "display" : "Hoon"
  },
  {
    "code" : "HOUIXAI",
    "display" : "Houixai"
  },
  {
    "code" : "HUAMEUANG",
    "display" : "Huameuang"
  },
  {
    "code" : "KALEUM",
    "display" : "Kaleum"
  },
  {
    "code" : "KASY",
    "display" : "Kasy"
  },
  {
    "code" : "KAYSONE_PHOMVIHANE",
    "display" : "Kaysone Phomvihane"
  },
  {
    "code" : "KENETHAO",
    "display" : "Kenethao"
  },
  {
    "code" : "KEO_OUDOM",
    "display" : "Keo Oudom"
  },
  {
    "code" : "KHAM",
    "display" : "Kham"
  },
  {
    "code" : "KHAMKHEUTH",
    "display" : "Khamkheuth"
  },
  {
    "code" : "KHONGXEDONE",
    "display" : "Khongxedone"
  },
  {
    "code" : "KHOP",
    "display" : "Khop"
  },
  {
    "code" : "KHOUNE",
    "display" : "Khoune"
  },
  {
    "code" : "KHUA",
    "display" : "Khua"
  },
  {
    "code" : "LA",
    "display" : "La"
  },
  {
    "code" : "LAKHONEPHENG",
    "display" : "Lakhonepheng"
  },
  {
    "code" : "LAMARM",
    "display" : "Lamarm"
  },
  {
    "code" : "LAO_NGARM",
    "display" : "Lao Ngarm"
  },
  {
    "code" : "LOUANGPHRABANG",
    "display" : "Louangphrabang"
  },
  {
    "code" : "MAD",
    "display" : "Mad"
  },
  {
    "code" : "MAHAXAY",
    "display" : "Mahaxay"
  },
  {
    "code" : "MAY",
    "display" : "May"
  },
  {
    "code" : "MAYPARKNGUM",
    "display" : "Mayparkngum"
  },
  {
    "code" : "MEUNG",
    "display" : "Meung"
  },
  {
    "code" : "MOONLAPAMOK",
    "display" : "Moonlapamok"
  },
  {
    "code" : "MORKMAY",
    "display" : "Morkmay"
  },
  {
    "code" : "MUANG_ET",
    "display" : "Muang Et"
  },
  {
    "code" : "NAKAI",
    "display" : "Nakai"
  },
  {
    "code" : "NALAE",
    "display" : "Nalae"
  },
  {
    "code" : "NAMBAK",
    "display" : "Nambak"
  },
  {
    "code" : "NAMOR",
    "display" : "Namor"
  },
  {
    "code" : "NAMTHA",
    "display" : "Namtha"
  },
  {
    "code" : "NAN",
    "display" : "Nan"
  },
  {
    "code" : "NAXAITHONG",
    "display" : "Naxaithong"
  },
  {
    "code" : "NGA",
    "display" : "Nga"
  },
  {
    "code" : "NGEUN",
    "display" : "Ngeun"
  },
  {
    "code" : "NGOI",
    "display" : "Ngoi"
  },
  {
    "code" : "NHOMMALATH",
    "display" : "Nhommalath"
  },
  {
    "code" : "NHOT_OU",
    "display" : "Nhot Ou"
  },
  {
    "code" : "NONG",
    "display" : "Nong"
  },
  {
    "code" : "NONGBOK",
    "display" : "Nongbok"
  },
  {
    "code" : "NONGHED",
    "display" : "Nonghed"
  },
  {
    "code" : "OUTHOOMPHONE",
    "display" : "Outhoomphone"
  },
  {
    "code" : "PAK_XENG",
    "display" : "Pak Xeng"
  },
  {
    "code" : "PAKBENG",
    "display" : "Pakbeng"
  },
  {
    "code" : "PAKKADING",
    "display" : "Pakkading"
  },
  {
    "code" : "PAKSANE",
    "display" : "Paksane"
  },
  {
    "code" : "PAKSONG",
    "display" : "Paksong"
  },
  {
    "code" : "PAKTHA",
    "display" : "Paktha"
  },
  {
    "code" : "PAKXE",
    "display" : "Pakxe"
  },
  {
    "code" : "PARK_OU",
    "display" : "Park Ou"
  },
  {
    "code" : "PARKLAI",
    "display" : "Parklai"
  },
  {
    "code" : "PATHOOMPHONE",
    "display" : "Pathoomphone"
  },
  {
    "code" : "PEK",
    "display" : "Pek"
  },
  {
    "code" : "PHA_OUDOM",
    "display" : "Pha Oudom"
  },
  {
    "code" : "PHAXAY",
    "display" : "Phaxay"
  },
  {
    "code" : "PHIANG",
    "display" : "Phiang"
  },
  {
    "code" : "PHINE",
    "display" : "Phine"
  },
  {
    "code" : "PHONGSALY",
    "display" : "Phongsaly"
  },
  {
    "code" : "PHONHONG",
    "display" : "Phonhong"
  },
  {
    "code" : "PHONTHONG",
    "display" : "Phonthong"
  },
  {
    "code" : "PHONXAY",
    "display" : "Phonxay"
  },
  {
    "code" : "PHOOKOOD",
    "display" : "Phookood"
  },
  {
    "code" : "PHOUKHOUNE",
    "display" : "Phoukhoune"
  },
  {
    "code" : "PHOUVONG",
    "display" : "Phouvong"
  },
  {
    "code" : "SAMAKKHIXAY",
    "display" : "Samakkhixay"
  },
  {
    "code" : "SAMPHANH",
    "display" : "Samphanh"
  },
  {
    "code" : "SAMUOI",
    "display" : "Samuoi"
  },
  {
    "code" : "SANAMXAY",
    "display" : "Sanamxay"
  },
  {
    "code" : "SANASOMBOON",
    "display" : "Sanasomboon"
  },
  {
    "code" : "SANGTHONG",
    "display" : "Sangthong"
  },
  {
    "code" : "SANXAY",
    "display" : "Sanxay"
  },
  {
    "code" : "SARAVANE",
    "display" : "Saravane"
  },
  {
    "code" : "SEPONE",
    "display" : "Sepone"
  },
  {
    "code" : "SIKHOTTABONG",
    "display" : "Sikhottabong"
  },
  {
    "code" : "SING",
    "display" : "Sing"
  },
  {
    "code" : "SISATTANAK",
    "display" : "Sisattanak"
  },
  {
    "code" : "SONGKHONE",
    "display" : "Songkhone"
  },
  {
    "code" : "SOPBAO",
    "display" : "Sopbao"
  },
  {
    "code" : "SUKHUMA",
    "display" : "Sukhuma"
  },
  {
    "code" : "TA_OI",
    "display" : "Ta Oi"
  },
  {
    "code" : "THAKHEK",
    "display" : "Thakhek"
  },
  {
    "code" : "THAPANGTHONG",
    "display" : "Thapangthong"
  },
  {
    "code" : "THAPHABATH",
    "display" : "Thaphabath"
  },
  {
    "code" : "THAPHALANXAY",
    "display" : "Thaphalanxay"
  },
  {
    "code" : "THATENG",
    "display" : "Thateng"
  },
  {
    "code" : "THATHOM",
    "display" : "Thathom"
  },
  {
    "code" : "THONGMYXAY",
    "display" : "Thongmyxay"
  },
  {
    "code" : "THOULAKHOM",
    "display" : "Thoulakhom"
  },
  {
    "code" : "TONPHEUNG",
    "display" : "Tonpheung"
  },
  {
    "code" : "TOOMLARN",
    "display" : "Toomlarn"
  },
  {
    "code" : "VANGVIENG",
    "display" : "Vangvieng"
  },
  {
    "code" : "VAPY",
    "display" : "Vapy"
  },
  {
    "code" : "VIENGKHAM",
    "display" : "Viengkham"
  },
  {
    "code" : "VIENGPHOUKHA",
    "display" : "Viengphoukha"
  },
  {
    "code" : "VIENGTHONG",
    "display" : "Viengthong"
  },
  {
    "code" : "VIENGXAY",
    "display" : "Viengxay"
  },
  {
    "code" : "VILABULY",
    "display" : "Vilabuly"
  },
  {
    "code" : "XAMNEUA",
    "display" : "Xamneua"
  },
  {
    "code" : "XAMTAY",
    "display" : "Xamtay"
  },
  {
    "code" : "XANAKHARM",
    "display" : "Xanakharm"
  },
  {
    "code" : "XAY",
    "display" : "Xay"
  },
  {
    "code" : "XAYABURY",
    "display" : "Xayabury"
  },
  {
    "code" : "XAYBUATHONG",
    "display" : "Xaybuathong"
  },
  {
    "code" : "XAYBULY",
    "display" : "Xaybuly"
  },
  {
    "code" : "XAYPHOOTHONG",
    "display" : "Xayphoothong"
  },
  {
    "code" : "XAYSETHA",
    "display" : "Xaysetha"
  },
  {
    "code" : "XAYSOMBOUN",
    "display" : "Xaysomboun"
  },
  {
    "code" : "XAYTHANY",
    "display" : "Xaythany"
  },
  {
    "code" : "XEBANGFAY",
    "display" : "Xebangfay"
  },
  {
    "code" : "XIENG_NGEUN",
    "display" : "Xieng Ngeun"
  },
  {
    "code" : "XIENGHONE",
    "display" : "Xienghone"
  },
  {
    "code" : "XIENGKHOR",
    "display" : "Xiengkhor"
  },
  {
    "code" : "XONBULY",
    "display" : "Xonbuly"
  }]
}