{
  "codeSystems" : [
    {
      "url" : "https://dhis2.org/fhir/CodeSystem/animal-class-cs",
      "version" : "0.1.0",
      "status" : "draft",
      "name" : "AnimalClassCS",
      "title" : "Animal Class Code System",
      "description" : "Code system for classifying types of animals.",
      "uses" : {
      },
      "ValueSet-animal-class-vs.html" : "Animal Class Value Set",
      "ValueSet-AnimalSurveillanceQuestionnaire_animal-class-vs.html" : "Animal Class Value Set"
    },
    {
      "url" : "https://dhis2.org/fhir/CodeSystem/animal-species-cs",
      "version" : "0.1.0",
      "status" : "draft",
      "name" : "AnimalSpeciesCS",
      "title" : "Animal Species Code System",
      "description" : "Code system representing various animal species.",
      "uses" : {
      },
      "ValueSet-AnimalSurveillanceQuestionnaire_animal-species-vs.html" : "Animal Species Value Set",
      "ValueSet-animal-species-vs.html" : "Animal Species Value Set"
    },
    {
      "url" : "https://dhis2.org/fhir/CodeSystem/animal-type-cs",
      "version" : "0.1.0",
      "status" : "draft",
      "name" : "AnimalTypeCS",
      "title" : "Animal Type Code System",
      "description" : "Code system for types of animals.",
      "uses" : {
      },
      "ValueSet-animal-type-vs.html" : "Animal Type Value Set",
      "ValueSet-AnimalSurveillanceQuestionnaire_animal-type-vs.html" : "Animal Type Value Set"
    },
    {
      "url" : "https://dhis2.org/fhir/CodeSystem/clade-cs",
      "version" : "0.1.0",
      "status" : "draft",
      "name" : "CladeCS",
      "title" : "Clade Code System",
      "description" : "Code system for clade.",
      "uses" : {
      },
      "ValueSet-AnimalSurveillanceQuestionnaire_clade-vs.html" : "Clade Value Set",
      "ValueSet-clade-vs.html" : "Clade Value Set"
    },
    {
      "url" : "https://dhis2.org/fhir/CodeSystem/clinical-signs-cs",
      "version" : "0.1.0",
      "status" : "draft",
      "name" : "ClinicalSignsCS",
      "title" : "Clinical Signs Code System",
      "description" : "code system for clinical signs.",
      "uses" : {
      },
      "ValueSet-AnimalSurveillanceQuestionnaire_clinical-signs-vs.html" : "Clinical Signs Value Set",
      "ValueSet-clinical-signs-vs.html" : "Clinical Signs Value Set"
    },
    {
      "url" : "https://dhis2.org/fhir/CodeSystem/control-measures-cs",
      "version" : "0.1.0",
      "status" : "draft",
      "name" : "ControlMeasuresCS",
      "title" : "Control Measures Code System",
      "description" : "Code system for control measures.",
      "uses" : {
      },
      "ValueSet-control-measures-vs.html" : "Control Measures Value Set"
    },
    {
      "url" : "https://dhis2.org/fhir/CodeSystem/diagnosis-basis-cs",
      "version" : "0.1.0",
      "status" : "draft",
      "name" : "DiagnosisBasisCS",
      "title" : "Diagnosis Basis Code System",
      "description" : "Code system for diagnosis basis.",
      "uses" : {
      },
      "ValueSet-diagnosis-basis-vs.html" : "Diagnosis Basis Value Set",
      "ValueSet-AnimalSurveillanceQuestionnaire_diagnosis-basis-vs.html" : "Diagnosis Basis Value Set"
    },
    {
      "url" : "https://dhis2.org/fhir/CodeSystem/diagnostic-source-cs",
      "version" : "0.1.0",
      "status" : "draft",
      "name" : "DiagnosticSourceCS",
      "title" : "Diagnostic Source Code System",
      "description" : "Code system for diagnostic source.",
      "uses" : {
      },
      "ValueSet-diagnostic-source-vs.html" : "Diagnostic Source Value Set",
      "ValueSet-AnimalSurveillanceQuestionnaire_diagnostic-source-vs.html" : "Diagnostic Source Value Set"
    },
    {
      "url" : "https://dhis2.org/fhir/CodeSystem/diagnostic-status-cs",
      "version" : "0.1.0",
      "status" : "draft",
      "name" : "DiagnosticStatusCS",
      "title" : "Diagnostic Status Code System",
      "description" : "Code system for diagnostic status",
      "uses" : {
      },
      "ValueSet-disease-status-vs.html" : "Disease Status Value Set",
      "ValueSet-AnimalSurveillanceQuestionnaire_disease-status-vs.html" : "Disease Status Value Set"
    },
    {
      "url" : "https://dhis2.org/fhir/CodeSystem/disease-subtype-cs",
      "version" : "0.1.0",
      "status" : "draft",
      "name" : "DiseaseSubtypeCS",
      "title" : "Disease Subtype Code System",
      "description" : "Code system for disease subtypes.",
      "uses" : {
      },
      "ValueSet-AnimalSurveillanceQuestionnaire_disease-subtype-vs.html" : "Disease Subtype Value Set",
      "ValueSet-disease-subtype-vs.html" : "Disease Subtype Value Set"
    },
    {
      "url" : "https://dhis2.org/fhir/CodeSystem/diseases-cs",
      "version" : "0.1.0",
      "status" : "draft",
      "name" : "DiseasesCS",
      "title" : "Diseases Code System",
      "description" : "Code system for diseases.",
      "uses" : {
      },
      "ValueSet-AnimalSurveillanceQuestionnaire_diseases-vs.html" : "Diseases Value Set",
      "ValueSet-lab-diseases-vs.html" : "Lab Diseases Value Set",
      "ValueSet-diseases-vs.html" : "Diseases Value Set"
    },
    {
      "url" : "https://dhis2.org/fhir/CodeSystem/districts-cs",
      "version" : "0.1.0",
      "status" : "draft",
      "name" : "DistrictsCS",
      "title" : "Districts Code System",
      "description" : "Code system for districts.",
      "uses" : {
      },
      "ValueSet-districts-vs.html" : "Districts Value Set"
    },
    {
      "url" : "https://dhis2.org/fhir/CodeSystem/empresi-countries-cs",
      "version" : "0.1.0",
      "status" : "draft",
      "name" : "EmpresiCountriesCS",
      "title" : "Empresi Countries Code System",
      "description" : "Generated from CSV",
      "uses" : {
      },
      "ValueSet-empresi-countries-vs.html" : "Empresi Countries Value Set"
    },
    {
      "url" : "https://dhis2.org/fhir/CodeSystem/infection-source-cs",
      "version" : "0.1.0",
      "status" : "draft",
      "name" : "InfectionSourceCS",
      "title" : "Infection Source Code System",
      "description" : "Code system for infection source.",
      "uses" : {
      },
      "ValueSet-infection-source-vs.html" : "Infection Source Value Set",
      "ValueSet-AnimalSurveillanceQuestionnaire_infection-source-vs.html" : "Infection Source Value Set"
    },
    {
      "url" : "https://dhis2.org/fhir/CodeSystem/laboratory-cs",
      "version" : "0.1.0",
      "status" : "draft",
      "name" : "LaboratoryCS",
      "title" : "Laboratory Code System",
      "description" : "Code system of laboratories.",
      "uses" : {
      },
      "ValueSet-laboratory-vs.html" : "Laboratory Value Set"
    },
    {
      "url" : "https://dhis2.org/fhir/CodeSystem/locality-quality-cs",
      "version" : "0.1.0",
      "status" : "draft",
      "name" : "LocalityQualityCS",
      "title" : "Locality Quality Code System",
      "description" : "Code system for the quality of locality data.",
      "uses" : {
      },
      "ValueSet-locality-quality-vs.html" : "Locality Quality Value Set"
    },
    {
      "url" : "https://dhis2.org/fhir/CodeSystem/locality-source-cs",
      "version" : "0.1.0",
      "status" : "draft",
      "name" : "LocalitySourceCS",
      "title" : "Locality Source Code System",
      "description" : "Code system for sources of locality information.",
      "uses" : {
      },
      "ValueSet-locality-source-vs.html" : "Locality Source Value Set"
    },
    {
      "url" : "https://dhis2.org/fhir/CodeSystem/necropsy-lesions-cs",
      "version" : "0.1.0",
      "status" : "draft",
      "name" : "NecropsyLesionsCS",
      "title" : "Necropsy Lesions Code System",
      "description" : "Code system for necropsy lesions.",
      "uses" : {
      },
      "ValueSet-AnimalSurveillanceQuestionnaire_necropsy-lesions-vs.html" : "Necropsy Lesions Value Set",
      "ValueSet-necropsy-lesions-vs.html" : "Necropsy Lesions Value Set"
    },
    {
      "url" : "https://dhis2.org/fhir/CodeSystem/production-system-one-cs",
      "version" : "0.1.0",
      "status" : "draft",
      "name" : "ProductionSystemOneCS",
      "title" : "Production System One Code System",
      "description" : "Code system for production system one.",
      "uses" : {
      },
      "ValueSet-production-system-one-vs.html" : "Production System One Value Set",
      "ValueSet-AnimalSurveillanceQuestionnaire_production-system-one-vs.html" : "Production System One Value Set"
    },
    {
      "url" : "https://dhis2.org/fhir/CodeSystem/production-system-two-cs",
      "version" : "0.1.0",
      "status" : "draft",
      "name" : "ProductionSystemTwoCS",
      "title" : "Production System Two Code System",
      "description" : "Code system for production system two.",
      "uses" : {
      },
      "ValueSet-production-system-two-vs.html" : "Production System Two Value Set",
      "ValueSet-AnimalSurveillanceQuestionnaire_production-system-two-vs.html" : "Production System Two Value Set"
    },
    {
      "url" : "https://dhis2.org/fhir/CodeSystem/regions-cs",
      "version" : "0.1.0",
      "status" : "draft",
      "name" : "RegionsCS",
      "title" : "Regions Code System",
      "description" : "Code system for regions.",
      "uses" : {
      },
      "ValueSet-regions-vs.html" : "Regions Value Set"
    },
    {
      "url" : "https://dhis2.org/fhir/CodeSystem/sample-type-cs",
      "version" : "0.1.0",
      "status" : "draft",
      "name" : "SampleTypeCS",
      "title" : "Sample Type Code System",
      "description" : "Code system for sample types.",
      "uses" : {
      },
      "ValueSet-sample-type-vs.html" : "Sample Type Value Set"
    },
    {
      "url" : "https://dhis2.org/fhir/CodeSystem/surveillance-type-cs",
      "version" : "0.1.0",
      "status" : "draft",
      "name" : "SurveillanceTypeCS",
      "title" : "Surveillance Type Code System",
      "description" : "Code system for surveillance types.",
      "uses" : {
      },
      "ValueSet-AnimalSurveillanceQuestionnaire_surveillance-type-vs.html" : "Surveillance Type Value Set",
      "ValueSet-surveillance-type-vs.html" : "Surveillance Type Value Set"
    },
    {
      "url" : "https://dhis2.org/fhir/CodeSystem/test-result-cs",
      "version" : "0.1.0",
      "status" : "draft",
      "name" : "TestResultCS",
      "title" : "Test Result Code System",
      "description" : "Code system for test results.",
      "uses" : {
      },
      "ValueSet-test-result-vs.html" : "Test Result Value Set"
    },
    {
      "url" : "https://dhis2.org/fhir/CodeSystem/test-type-cs",
      "version" : "0.1.0",
      "status" : "draft",
      "name" : "TestTypeCS",
      "title" : "Test Type Code System",
      "description" : "Code system for test types.",
      "uses" : {
      },
      "ValueSet-test-type-vs.html" : "Test Type Value Set"
    },
    {
      "url" : "https://dhis2.org/fhir/CodeSystem/treatments-cs",
      "version" : "0.1.0",
      "status" : "draft",
      "name" : "TreatmentsCS",
      "title" : "Treatments Code System",
      "description" : "Code system for possible treatments.",
      "uses" : {
      },
      "ValueSet-treatments-vs.html" : "Treatments Value Set"
    },
    {
      "url" : "https://dhis2.org/fhir/CodeSystem/yes-no-unknown-cs",
      "version" : "0.1.0",
      "status" : "draft",
      "name" : "YesNoUnknownCS",
      "title" : "Yes/No/Unknown Code System",
      "description" : "Code system for yes, no, and unknown responses.",
      "uses" : {
      },
      "ValueSet-yes-no-unknown-vs.html" : "Yes/No/Unknown Value Set",
      "ValueSet-AnimalSurveillanceQuestionnaire_yes-no-unknown-vs.html" : "Yes/No/Unknown Value Set"
    },
    {
      "url" : "urn:iso:std:iso:3166",
      "version" : "1.0.1",
      "status" : "active",
      "name" : "ISO3166Part1",
      "title" : "ISO 3166-1 Codes for the representation of names of countries and their subdivisions — Part 1: Country code",
      "description" : "ISO 3166-1 establishes codes that represent the current names of countries, dependencies, and other areas of particular geopolitical interest, on the basis of country names obtained from the United Nations.",
      "oids" : ["1.0.3166.1"],
      "uses" : {
      },
      "http://terminology.hl7.org/5.5.0/ValueSet-v3-Country.html" : "Country"
    }
  ]
}
