{
  "codeSystems" : [
    {
      "url" : "https://dhis2.org/fhir/CodeSystem/animal-class",
      "version" : "0.1.0",
      "status" : "draft",
      "name" : "AnimalClassCS",
      "title" : "Animal Class Code System",
      "description" : "Code system for classifying types of animals.",
      "uses" : {
      },
      "ValueSet-animal-class-vs.html" : "Animal Class Value Set"
    },
    {
      "url" : "https://dhis2.org/fhir/CodeSystem/animal-type",
      "version" : "0.1.0",
      "status" : "draft",
      "name" : "AnimalTypeCS",
      "title" : "Animal Type Code System",
      "description" : "Code system for types of animals.",
      "uses" : {
      },
      "ValueSet-animal-type-vs.html" : "Animal Type Value Set"
    },
    {
      "url" : "https://dhis2.org/fhir/CodeSystem/districts-cs",
      "version" : "0.1.0",
      "status" : "draft",
      "name" : "DistrictsCS",
      "title" : "Districts Code System",
      "description" : "Code system for districts.",
      "uses" : {
      },
      "ValueSet-districts-vs.html" : "Districts Value Set"
    },
    {
      "url" : "https://dhis2.org/fhir/CodeSystem/locality-quality-cs",
      "version" : "0.1.0",
      "status" : "draft",
      "name" : "LocalityQualityCS",
      "title" : "Locality Quality Code System",
      "description" : "Code system for the quality of locality data.",
      "uses" : {
      },
      "ValueSet-locality-quality-vs.html" : "Locality Quality Value Set"
    },
    {
      "url" : "https://dhis2.org/fhir/CodeSystem/locality-source-cs",
      "version" : "0.1.0",
      "status" : "draft",
      "name" : "LocalitySourceCS",
      "title" : "Locality Source Code System",
      "description" : "Code system for sources of locality information.",
      "uses" : {
      },
      "ValueSet-locality-source-vs.html" : "Locality Source Value Set"
    },
    {
      "url" : "https://dhis2.org/fhir/CodeSystem/regions-cs",
      "version" : "0.1.0",
      "status" : "draft",
      "name" : "RegionsCS",
      "title" : "Regions Code System",
      "description" : "Code system for regions.",
      "uses" : {
      },
      "ValueSet-regions-vs.html" : "Regions Value Set"
    },
    {
      "url" : "https://dhis2.org/fhir/CodeSystem/yes-no-unknown-cs",
      "version" : "0.1.0",
      "status" : "draft",
      "name" : "YesNoUnknownCS",
      "title" : "Yes/No/Unknown Code System",
      "description" : "Code system for yes, no, and unknown responses.",
      "uses" : {
      },
      "ValueSet-yes-no-unknown.html" : "Yes/No/Unknown Value Set"
    },
    {
      "url" : "urn:iso:std:iso:3166",
      "version" : "1.0.0",
      "status" : "active",
      "name" : "ISO3166Part1",
      "title" : "ISO 3166-1 Codes for the representation of names of countries and their subdivisions — Part 1: Country code",
      "description" : "ISO 3166-1 establishes codes that represent the current names of countries, dependencies, and other areas of particular geopolitical interest, on the basis of country names obtained from the United Nations.",
      "oids" : ["1.0.3166.1"],
      "uses" : {
      },
      "http://terminology.hl7.org/5.3.0/ValueSet-v3-Country.html" : "Country"
    }
  ]
}
