"Id","Path","Slice Name","Alias(s)","Label","Min","Max","Must Support?","Is Modifier?","Is Summary?","Type(s)","Short","Definition","Comments","Requirements","Default Value","Meaning When Missing","Fixed Value","Pattern","Example","Minimum Value","Maximum Value","Maximum Length","Binding Strength","Binding Description","Binding Value Set","Code","Slicing Discriminator","Slicing Description","Slicing Ordered","Slicing Rules","Base Path","Base Min","Base Max","Condition(s)","Constraint(s)","Mapping: RIM Mapping"
"ZoonosisSurveillance","ZoonosisSurveillance","","","",0,*,"","","","null {[]} {[]}
","Zoonosis Surveillance","Logical model describing the structure of Zoonosis surveillance.","","","","","","","","","",,,,,"",,,,"BackboneElement",0,*,"ele-1
","ele-1:All FHIR elements must have a @value or children {hasValue() or (children().count() > id.count())}
","n/a"
"ZoonosisSurveillance.id","ZoonosisSurveillance.id","","","",0,1,"","","","string {[]} {[]}
","Unique id for inter-element referencing","Unique id for the element within a resource (for internal references). This may be any string value that does not contain spaces.","","","","","","","","","",,,,,"",,,,"Element.id",0,1,"","","n/a"
"ZoonosisSurveillance.extension","ZoonosisSurveillance.extension","","extensions
user content","",0,*,"","","","Extension {[]} {[]}
","Additional content defined by implementations","May be used to represent additional information that is not part of the basic definition of the element. To make the use of extensions safe and manageable, there is a strict set of governance  applied to the definition and use of extensions. Though any implementer can define an extension, there is a set of requirements that SHALL be met as part of the definition of the extension.","There can be no stigma associated with the use of extensions by any application, project, or standard - regardless of the institution or jurisdiction that uses or defines the extensions.  The use of extensions is what allows the FHIR specification to retain a core level of simplicity for everyone.","","","","","","","","",,,,,"","value:url}
","Extensions are always sliced by (at least) url",,"open","Element.extension",0,*,"","ele-1:All FHIR elements must have a @value or children {hasValue() or (children().count() > id.count())}
ext-1:Must have either extensions or value[x], not both {extension.exists() != value.exists()}","n/a"
"ZoonosisSurveillance.modifierExtension","ZoonosisSurveillance.modifierExtension","","extensions
user contentmodifiers","",0,*,"","Y","Y","Extension {[]} {[]}
","Extensions that cannot be ignored even if unrecognized","May be used to represent additional information that is not part of the basic definition of the element and that modifies the understanding of the element in which it is contained and/or the understanding of the containing element's descendants. Usually modifier elements provide negation or qualification. To make the use of extensions safe and manageable, there is a strict set of governance applied to the definition and use of extensions. Though any implementer can define an extension, there is a set of requirements that SHALL be met as part of the definition of the extension. Applications processing a resource are required to check for modifier extensions.

Modifier extensions SHALL NOT change the meaning of any elements on Resource or DomainResource (including cannot change the meaning of modifierExtension itself).","There can be no stigma associated with the use of extensions by any application, project, or standard - regardless of the institution or jurisdiction that uses or defines the extensions.  The use of extensions is what allows the FHIR specification to retain a core level of simplicity for everyone.","Modifier extensions allow for extensions that *cannot* be safely ignored to be clearly distinguished from the vast majority of extensions which can be safely ignored.  This promotes interoperability by eliminating the need for implementers to prohibit the presence of extensions. For further information, see the [definition of modifier extensions](http://hl7.org/fhir/R4/extensibility.html#modifierExtension).","","","","","","","",,,,,"",,,,"BackboneElement.modifierExtension",0,*,"","ele-1:All FHIR elements must have a @value or children {hasValue() or (children().count() > id.count())}
ext-1:Must have either extensions or value[x], not both {extension.exists() != value.exists()}","N/A"
"ZoonosisSurveillance.generalInformation","ZoonosisSurveillance.generalInformation","","","",0,1,"","","","BackboneElement {[]} {[]}
","General Information","General Information","","","","","","","","","",,,,,"",,,,"ZoonosisSurveillance.generalInformation",0,1,"","ele-1:All FHIR elements must have a @value or children {hasValue() or (children().count() > id.count())}
"
"ZoonosisSurveillance.generalInformation.id","ZoonosisSurveillance.generalInformation.id","","","",0,1,"","","","string {[]} {[]}
","Unique id for inter-element referencing","Unique id for the element within a resource (for internal references). This may be any string value that does not contain spaces.","","","","","","","","","",,,,,"",,,,"Element.id",0,1,"","","n/a"
"ZoonosisSurveillance.generalInformation.extension","ZoonosisSurveillance.generalInformation.extension","","extensions
user content","",0,*,"","","","Extension {[]} {[]}
","Additional content defined by implementations","May be used to represent additional information that is not part of the basic definition of the element. To make the use of extensions safe and manageable, there is a strict set of governance  applied to the definition and use of extensions. Though any implementer can define an extension, there is a set of requirements that SHALL be met as part of the definition of the extension.","There can be no stigma associated with the use of extensions by any application, project, or standard - regardless of the institution or jurisdiction that uses or defines the extensions.  The use of extensions is what allows the FHIR specification to retain a core level of simplicity for everyone.","","","","","","","","",,,,,"","value:url}
","Extensions are always sliced by (at least) url",,"open","Element.extension",0,*,"","ele-1:All FHIR elements must have a @value or children {hasValue() or (children().count() > id.count())}
ext-1:Must have either extensions or value[x], not both {extension.exists() != value.exists()}","n/a"
"ZoonosisSurveillance.generalInformation.modifierExtension","ZoonosisSurveillance.generalInformation.modifierExtension","","extensions
user contentmodifiers","",0,*,"","Y","Y","Extension {[]} {[]}
","Extensions that cannot be ignored even if unrecognized","May be used to represent additional information that is not part of the basic definition of the element and that modifies the understanding of the element in which it is contained and/or the understanding of the containing element's descendants. Usually modifier elements provide negation or qualification. To make the use of extensions safe and manageable, there is a strict set of governance applied to the definition and use of extensions. Though any implementer can define an extension, there is a set of requirements that SHALL be met as part of the definition of the extension. Applications processing a resource are required to check for modifier extensions.

Modifier extensions SHALL NOT change the meaning of any elements on Resource or DomainResource (including cannot change the meaning of modifierExtension itself).","There can be no stigma associated with the use of extensions by any application, project, or standard - regardless of the institution or jurisdiction that uses or defines the extensions.  The use of extensions is what allows the FHIR specification to retain a core level of simplicity for everyone.","Modifier extensions allow for extensions that *cannot* be safely ignored to be clearly distinguished from the vast majority of extensions which can be safely ignored.  This promotes interoperability by eliminating the need for implementers to prohibit the presence of extensions. For further information, see the [definition of modifier extensions](http://hl7.org/fhir/R4/extensibility.html#modifierExtension).","","","","","","","",,,,,"",,,,"BackboneElement.modifierExtension",0,*,"","ele-1:All FHIR elements must have a @value or children {hasValue() or (children().count() > id.count())}
ext-1:Must have either extensions or value[x], not both {extension.exists() != value.exists()}","N/A"
"ZoonosisSurveillance.generalInformation.priorityStatus","ZoonosisSurveillance.generalInformation.priorityStatus","","","",0,1,"","","","string {[]} {[]}
","Priority Status","Priority Status","","","","","","","","","",,,,,"",,,,"ZoonosisSurveillance.generalInformation.priorityStatus",0,1,"",""
"ZoonosisSurveillance.generalInformation.identifier","ZoonosisSurveillance.generalInformation.identifier","","","",0,1,"","","","Extension {[CanonicalType[http://hl7.org/fhir/StructureDefinition/elementdefinition-identifier]]} {[]}
","Event ID","Event ID","","","","","","","","","",,,,,"",,,,"ZoonosisSurveillance.generalInformation.identifier",0,1,"",""
"ZoonosisSurveillance.generalInformation.observationDate","ZoonosisSurveillance.generalInformation.observationDate","","","",0,1,"","","","date {[]} {[]}
","Observation Date","Observation Date","","","","","","","","","",,,,,"",,,,"ZoonosisSurveillance.generalInformation.observationDate",0,1,"",""
"ZoonosisSurveillance.generalInformation.onsetDate","ZoonosisSurveillance.generalInformation.onsetDate","","","",0,1,"","","","date {[]} {[]}
","Onset Date","Onset Date","","","","","","","","","",,,,,"",,,,"ZoonosisSurveillance.generalInformation.onsetDate",0,1,"",""
"ZoonosisSurveillance.generalInformation.farmerName","ZoonosisSurveillance.generalInformation.farmerName","","","",0,1,"","","","string {[]} {[]}
","Name of Farmer","Name of Farmer","","","","","","","","","",,,,,"",,,,"ZoonosisSurveillance.generalInformation.farmerName",0,1,"",""
"ZoonosisSurveillance.generalInformation.contact","ZoonosisSurveillance.generalInformation.contact","","","",0,1,"","","","ContactPoint {[]} {[]}
","Contact","Contact","","","","","","","","","",,,,,"",,,,"ZoonosisSurveillance.generalInformation.contact",0,1,"",""
"ZoonosisSurveillance.generalInformation.url","ZoonosisSurveillance.generalInformation.url","","","",0,1,"","","","url {[]} {[]}
","Public URL","Public URL","","","","","","","","","",,,,,"",,,,"ZoonosisSurveillance.generalInformation.url",0,1,"",""
"ZoonosisSurveillance.generalInformation.comment","ZoonosisSurveillance.generalInformation.comment","","","",0,1,"","","","string {[]} {[]}
","General Comment","General Comment","","","","","","","","","",,,,,"",,,,"ZoonosisSurveillance.generalInformation.comment",0,1,"",""
"ZoonosisSurveillance.location","ZoonosisSurveillance.location","","","",0,1,"","","","BackboneElement {[]} {[]}
","Location Information","Location Information","","","","","","","","","",,,,,"",,,,"ZoonosisSurveillance.location",0,1,"","ele-1:All FHIR elements must have a @value or children {hasValue() or (children().count() > id.count())}
"
"ZoonosisSurveillance.location.id","ZoonosisSurveillance.location.id","","","",0,1,"","","","string {[]} {[]}
","Unique id for inter-element referencing","Unique id for the element within a resource (for internal references). This may be any string value that does not contain spaces.","","","","","","","","","",,,,,"",,,,"Element.id",0,1,"","","n/a"
"ZoonosisSurveillance.location.extension","ZoonosisSurveillance.location.extension","","extensions
user content","",0,*,"","","","Extension {[]} {[]}
","Additional content defined by implementations","May be used to represent additional information that is not part of the basic definition of the element. To make the use of extensions safe and manageable, there is a strict set of governance  applied to the definition and use of extensions. Though any implementer can define an extension, there is a set of requirements that SHALL be met as part of the definition of the extension.","There can be no stigma associated with the use of extensions by any application, project, or standard - regardless of the institution or jurisdiction that uses or defines the extensions.  The use of extensions is what allows the FHIR specification to retain a core level of simplicity for everyone.","","","","","","","","",,,,,"","value:url}
","Extensions are always sliced by (at least) url",,"open","Element.extension",0,*,"","ele-1:All FHIR elements must have a @value or children {hasValue() or (children().count() > id.count())}
ext-1:Must have either extensions or value[x], not both {extension.exists() != value.exists()}","n/a"
"ZoonosisSurveillance.location.modifierExtension","ZoonosisSurveillance.location.modifierExtension","","extensions
user contentmodifiers","",0,*,"","Y","Y","Extension {[]} {[]}
","Extensions that cannot be ignored even if unrecognized","May be used to represent additional information that is not part of the basic definition of the element and that modifies the understanding of the element in which it is contained and/or the understanding of the containing element's descendants. Usually modifier elements provide negation or qualification. To make the use of extensions safe and manageable, there is a strict set of governance applied to the definition and use of extensions. Though any implementer can define an extension, there is a set of requirements that SHALL be met as part of the definition of the extension. Applications processing a resource are required to check for modifier extensions.

Modifier extensions SHALL NOT change the meaning of any elements on Resource or DomainResource (including cannot change the meaning of modifierExtension itself).","There can be no stigma associated with the use of extensions by any application, project, or standard - regardless of the institution or jurisdiction that uses or defines the extensions.  The use of extensions is what allows the FHIR specification to retain a core level of simplicity for everyone.","Modifier extensions allow for extensions that *cannot* be safely ignored to be clearly distinguished from the vast majority of extensions which can be safely ignored.  This promotes interoperability by eliminating the need for implementers to prohibit the presence of extensions. For further information, see the [definition of modifier extensions](http://hl7.org/fhir/R4/extensibility.html#modifierExtension).","","","","","","","",,,,,"",,,,"BackboneElement.modifierExtension",0,*,"","ele-1:All FHIR elements must have a @value or children {hasValue() or (children().count() > id.count())}
ext-1:Must have either extensions or value[x], not both {extension.exists() != value.exists()}","N/A"
"ZoonosisSurveillance.location.country","ZoonosisSurveillance.location.country","","","",0,1,"","","","string {[]} {[]}
","Country","Country","","","","","","","","","",,,,,"",,,,"ZoonosisSurveillance.location.country",0,1,"",""
"ZoonosisSurveillance.location.locality","ZoonosisSurveillance.location.locality","","","",0,1,"","","","string {[]} {[]}
","Locality","Locality","","","","","","","","","",,,,,"",,,,"ZoonosisSurveillance.location.locality",0,1,"",""
"ZoonosisSurveillance.location.adminLevel1","ZoonosisSurveillance.location.adminLevel1","","","",0,1,"","","","string {[]} {[]}
","Admin Level 1","Admin Level 1","","","","","","","","","",,,,,"",,,,"ZoonosisSurveillance.location.adminLevel1",0,1,"",""
"ZoonosisSurveillance.location.adminLevel2","ZoonosisSurveillance.location.adminLevel2","","","",0,1,"","","","string {[]} {[]}
","Admin Level 2","Admin Level 2","","","","","","","","","",,,,,"",,,,"ZoonosisSurveillance.location.adminLevel2",0,1,"",""
"ZoonosisSurveillance.location.localitySource","ZoonosisSurveillance.location.localitySource","","","",0,1,"","","","string {[]} {[]}
","Locality Source","Locality Source","","","","","","","","","",,,,,"",,,,"ZoonosisSurveillance.location.localitySource",0,1,"",""
"ZoonosisSurveillance.location.localityQuality","ZoonosisSurveillance.location.localityQuality","","","",0,1,"","","","string {[]} {[]}
","Locality Quality","Locality Quality","","","","","","","","","",,,,,"",,,,"ZoonosisSurveillance.location.localityQuality",0,1,"",""
"ZoonosisSurveillance.location.eventCoordinates","ZoonosisSurveillance.location.eventCoordinates","","","",0,1,"","","","string {[]} {[]}
","Event Coordinates","Event Coordinates","","","","","","","","","",,,,,"",,,,"ZoonosisSurveillance.location.eventCoordinates",0,1,"",""
"ZoonosisSurveillance.animalSurveillance","ZoonosisSurveillance.animalSurveillance","","","",0,*,"","","","https://dhis2.org/fhir/StructureDefinition/AnimalSurveillanceLM {[]} {[]}
","Logical Model for Animal Surveillance","Logical Model for Animal Surveillance","","","","","","","","","",,,,,"",,,,"ZoonosisSurveillance.animalSurveillance",0,*,"",""
"ZoonosisSurveillance.laboratory","ZoonosisSurveillance.laboratory","","","",0,*,"","","","https://dhis2.org/fhir/StructureDefinition/LaboratoryLM {[]} {[]}
","Logical Model for Laboratory Information","Logical Model for Laboratory Information","","","","","","","","","",,,,,"",,,,"ZoonosisSurveillance.laboratory",0,*,"",""
