{
  "resourceType" : "ValueSet",
  "id" : "lab-diseases-vs",
  "text" : {
    "status" : "generated",
    "div" : "<div xmlns=\"http://www.w3.org/1999/xhtml\"><ul><li>Include all codes defined in <a href=\"CodeSystem-diseases-cs.html\"><code>https://dhis2.org/fhir/CodeSystem/diseases-cs</code></a></li></ul></div>"
  },
  "url" : "https://dhis2.org/fhir/ValueSet/lab-diseases-vs",
  "version" : "0.1.0",
  "name" : "LabDiseasesVS",
  "title" : "Lab Diseases Value Set",
  "status" : "draft",
  "date" : "2024-04-22T11:02:38+00:00",
  "publisher" : "DHIS2",
  "contact" : [{
    "name" : "DHIS2",
    "telecom" : [{
      "system" : "url",
      "value" : "https://dhis2.org"
    },
    {
      "system" : "email",
      "value" : "johan.hole@dhis2.org"
    }]
  }],
  "description" : "Value set for lab diseases.",
  "compose" : {
    "include" : [{
      "system" : "https://dhis2.org/fhir/CodeSystem/diseases-cs"
    }]
  }
}