{
  "resourceType" : "ValueSet",
  "id" : "animal-type",
  "text" : {
    "status" : "generated",
    "div" : "<div xmlns=\"http://www.w3.org/1999/xhtml\"><ul><li>Include all codes defined in <a href=\"CodeSystem-animal-type.html\"><code>https://dhis2.org/fhir/CodeSystem/animal-type</code></a></li></ul></div>"
  },
  "url" : "https://dhis2.org/fhir/ValueSet/animal-type",
  "version" : "0.1.0",
  "name" : "AnimalTypeVS",
  "title" : "Animal Type",
  "status" : "draft",
  "date" : "2024-04-10T12:38:22+00:00",
  "publisher" : "DHIS2",
  "contact" : [{
    "name" : "DHIS2",
    "telecom" : [{
      "system" : "url",
      "value" : "https://dhis2.org"
    },
    {
      "system" : "email",
      "value" : "johan.hole@dhis2.org"
    }]
  }],
  "description" : "Value set for types of animals.",
  "compose" : {
    "include" : [{
      "system" : "https://dhis2.org/fhir/CodeSystem/animal-type"
    }]
  }
}