{
  "codeSystems" : [
    {
      "url" : "http://terminology.hl7.org/ValueSet/v3-Country",
      "version" : "2.0.0",
      "status" : "active",
      "name" : "Country",
      "title" : "Country",
      "description" : "Countries of the world. ISO 3166, part 1, alpha-3 set.",
      "systems" : ["urn:iso:std:iso:3166"],
      "oids" : ["2.16.840.1.113883.1.11.171"],
      "sources" : ["2.16.840.1.113883.1.11.171"],
      "uses" : {
      },
      "StructureDefinition-ZoonosisSurveillance.html" : "Logical Model - Zoonosis Surveillance"
    },
    {
      "url" : "https://dhis2.org/fhir/ValueSet/animal-class-vs",
      "version" : "0.1.0",
      "status" : "draft",
      "name" : "AnimalClassVS",
      "title" : "Animal Class Value Set",
      "description" : "Value set for classifying types of animals.",
      "systems" : ["https://dhis2.org/fhir/CodeSystem/animal-class"],
      "uses" : {
      },
      "StructureDefinition-AnimalSurveillance.html" : "Logical Model - Animal Surveillance",
      "StructureDefinition-Laboratory.html" : "Logical Model - Laboratory"
    },
    {
      "url" : "https://dhis2.org/fhir/ValueSet/animal-type-vs",
      "version" : "0.1.0",
      "status" : "draft",
      "name" : "AnimalTypeVS",
      "title" : "Animal Type Value Set",
      "description" : "Value set for types of animals.",
      "systems" : ["https://dhis2.org/fhir/CodeSystem/animal-type"]
    },
    {
      "url" : "https://dhis2.org/fhir/ValueSet/districts-vs",
      "version" : "0.1.0",
      "status" : "draft",
      "name" : "DistrictsVS",
      "title" : "Districts Value Set",
      "description" : "Value set for districts.",
      "systems" : ["https://dhis2.org/fhir/CodeSystem/districts-cs"],
      "uses" : {
      },
      "StructureDefinition-ZoonosisSurveillance.html" : "Logical Model - Zoonosis Surveillance"
    },
    {
      "url" : "https://dhis2.org/fhir/ValueSet/locality-quality-vs",
      "version" : "0.1.0",
      "status" : "draft",
      "name" : "LocalityQualityVS",
      "title" : "Locality Quality Value Set",
      "description" : "Value set for the quality of locality data.",
      "systems" : ["https://dhis2.org/fhir/CodeSystem/locality-quality-cs"],
      "uses" : {
      },
      "StructureDefinition-ZoonosisSurveillance.html" : "Logical Model - Zoonosis Surveillance"
    },
    {
      "url" : "https://dhis2.org/fhir/ValueSet/locality-source-vs",
      "version" : "0.1.0",
      "status" : "draft",
      "name" : "LocalitySourceVS",
      "title" : "Locality Source Value Set",
      "description" : "Value set for sources of locality information.",
      "systems" : ["https://dhis2.org/fhir/CodeSystem/locality-source-cs"],
      "uses" : {
      },
      "StructureDefinition-ZoonosisSurveillance.html" : "Logical Model - Zoonosis Surveillance"
    },
    {
      "url" : "https://dhis2.org/fhir/ValueSet/regions-vs",
      "version" : "0.1.0",
      "status" : "draft",
      "name" : "RegionsVS",
      "title" : "Regions Value Set",
      "description" : "Value set for regions.",
      "systems" : ["https://dhis2.org/fhir/CodeSystem/regions-cs"],
      "uses" : {
      },
      "StructureDefinition-ZoonosisSurveillance.html" : "Logical Model - Zoonosis Surveillance"
    },
    {
      "url" : "https://dhis2.org/fhir/ValueSet/yes-no-unknown",
      "version" : "0.1.0",
      "status" : "draft",
      "name" : "YesNoUnknownVS",
      "title" : "Yes/No/Unknown Value Set",
      "description" : "Value set for yes, no, and unknown responses.",
      "systems" : ["https://dhis2.org/fhir/CodeSystem/yes-no-unknown-cs"]
    }
  ]
}
