URL,Version,Status,OIDs,Name,Title,Descriptino,Uses,Used,Sources
https://dhis2.org/fhir/ValueSet/animal-class,0.1.0,draft,,AnimalClassVS,Animal Class,"Value set for classifying types of animals.",,"Internal"
https://dhis2.org/fhir/ValueSet/animal-type,0.1.0,draft,,AnimalTypeVS,Animal Type,"Value set for types of animals.",,"Internal"
https://dhis2.org/fhir/ValueSet/districts-vs,0.1.0,draft,,DistrictsVS,Districts Value Set,"Value set for districts.",,"Internal"
https://dhis2.org/fhir/ValueSet/locality-quality-vs,0.1.0,draft,,LocalityQualityVS,Locality Quality Value Set,"Value set for the quality of locality data.",,"Internal"
https://dhis2.org/fhir/ValueSet/locality-source-vs,0.1.0,draft,,LocalitySourceVS,Locality Source Value Set,"Value set for sources of locality information.",,"Internal"
https://dhis2.org/fhir/ValueSet/regions-vs,0.1.0,draft,,RegionsVS,Regions Value Set,"Value set for regions.",,"Internal"
https://dhis2.org/fhir/ValueSet/yes-no-unknown,0.1.0,draft,,YesNoUnknownVS,Yes/No/Unknown Value Set,"Value set for yes, no, and unknown responses.",,"Internal"
