URL,Version,Status,OIDs,Name,Title,Descriptino,Uses,Used,Sources
https://dhis2.org/fhir/ValueSet/animal-class-vs,0.1.0,draft,,AnimalClassVS,Animal Class Value Set,"Value set for classifying types of animals.",,"Internal"
https://dhis2.org/fhir/ValueSet/animal-species-vs,0.1.0,draft,,AnimalSpeciesVS,Animal Species Value Set,"Value set for various animal species.",,"Internal"
https://dhis2.org/fhir/ValueSet/animal-type-vs,0.1.0,draft,,AnimalTypeVS,Animal Type Value Set,"Value set for types of animals.",,"Internal"
https://dhis2.org/fhir/ValueSet/clade-vs,0.1.0,draft,,CladeVS,Clade Value Set,"Value set for clade.",,"Internal"
https://dhis2.org/fhir/ValueSet/clinical-signs-vs,0.1.0,draft,,ClinicalSignsVS,Clinical Signs Value Set,"Value set for clinical signs.",,"Internal"
https://dhis2.org/fhir/ValueSet/control-measures-vs,0.1.0,draft,,ControlMeasuresVS,Control Measures Value Set,"Value set for control measures.",,"Internal"
https://dhis2.org/fhir/ValueSet/diagnosis-basis-vs,0.1.0,draft,,DiagnosisBasisVS,Diagnosis Basis Value Set,"value set for diagnosis basis.",,"Internal"
https://dhis2.org/fhir/ValueSet/diagnostic-source-vs,0.1.0,draft,,DiagnosticSourceVS,Diagnostic Source Value Set,"Value set for diagnostic source.",,"Internal"
https://dhis2.org/fhir/ValueSet/disease-status-vs,0.1.0,draft,,DiseaseStatusVS,Disease Status Value Set,"Value set for diagnostic status.",,"Internal"
https://dhis2.org/fhir/ValueSet/disease-subtype-vs,0.1.0,draft,,DiseaseSubtypeVS,Disease Subtype Value Set,"Value set for disease subtypes.",,"Internal"
https://dhis2.org/fhir/ValueSet/diseases-vs,0.1.0,draft,,DiseasesVS,Diseases Value Set,"Value set for diseases.",,"Internal"
https://dhis2.org/fhir/ValueSet/districts-vs,0.1.0,draft,,DistrictsVS,Districts Value Set,"Value set for districts.",,"Internal"
https://dhis2.org/fhir/ValueSet/locality-quality-vs,0.1.0,draft,,LocalityQualityVS,Locality Quality Value Set,"Value set for the quality of locality data.",,"Internal"
https://dhis2.org/fhir/ValueSet/locality-source-vs,0.1.0,draft,,LocalitySourceVS,Locality Source Value Set,"Value set for sources of locality information.",,"Internal"
https://dhis2.org/fhir/ValueSet/necropsy-lesions-vs,0.1.0,draft,,NecropsyLesionsVS,Necropsy Lesions Value Set,"Value set for necropsy lesions.",,"Internal"
https://dhis2.org/fhir/ValueSet/production-system-one-vs,0.1.0,draft,,ProductionSystemOneVS,Production System One Value Set,"Value set for production system one.",,"Internal"
https://dhis2.org/fhir/ValueSet/production-system-two-vs,0.1.0,draft,,ProductionSystemTwoVS,Production System Two Value Set,"Value set for production system two.",,"Internal"
https://dhis2.org/fhir/ValueSet/regions-vs,0.1.0,draft,,RegionsVS,Regions Value Set,"Value set for regions.",,"Internal"
https://dhis2.org/fhir/ValueSet/surveillance-type-vs,0.1.0,draft,,SurveillanceTypeVS,Surveillance Type Value Set,"Value set for surveillance types.",,"Internal"
https://dhis2.org/fhir/ValueSet/treatments-vs,0.1.0,draft,,TreatmentsVS,Treatments Value Set,"Value set for treatments.",,"Internal"
https://dhis2.org/fhir/ValueSet/yes-no-unknown,0.1.0,draft,,YesNoUnknownVS,Yes/No/Unknown Value Set,"Value set for yes, no, and unknown responses.",,"Internal"
