<?xml version="1.0" encoding="UTF-8"?>

<ValueSet xmlns="http://hl7.org/fhir">
  <id value="empresi-countries-vs"/>
  <text>
    <status value="generated"/><div xmlns="http://www.w3.org/1999/xhtml"><ul><li>Include all codes defined in <a href="CodeSystem-empresi-countries-cs.html"><code>https://dhis2.org/fhir/CodeSystem/empresi-countries-cs</code></a></li></ul></div>
  </text>
  <url value="https://dhis2.org/fhir/ValueSet/empresi-countries-vs"/>
  <version value="0.1.0"/>
  <name value="EmpresiCountriesVS"/>
  <title value="Empresi Countries Value Set"/>
  <status value="draft"/>
  <date value="2024-04-17T10:25:03+00:00"/>
  <publisher value="DHIS2"/>
  <contact>
    <name value="DHIS2"/>
    <telecom>
      <system value="url"/>
      <value value="https://dhis2.org"/>
    </telecom>
    <telecom>
      <system value="email"/>
      <value value="johan.hole@dhis2.org"/>
    </telecom>
  </contact>
  <description value="Value set for Empresi countries."/>
  <compose>
    <include>
      <system value="https://dhis2.org/fhir/CodeSystem/empresi-countries-cs"/>
    </include>
  </compose>
</ValueSet>