{
  "codeSystems" : [
    {
      "url" : "https://example.org/fhir/ValueSet/animal-class-vs",
      "version" : "0.1.0",
      "status" : "draft",
      "name" : "AnimalClassVS",
      "title" : "Animal Class Value Set",
      "description" : "Value set for classifying types of animals.",
      "systems" : ["https://example.org/fhir/CodeSystem/animal-class-cs"]
    },
    {
      "url" : "https://example.org/fhir/ValueSet/animal-species-vs",
      "version" : "0.1.0",
      "status" : "draft",
      "name" : "AnimalSpeciesVS",
      "title" : "Animal Species Value Set",
      "description" : "Value set for various animal species.",
      "systems" : ["https://example.org/fhir/CodeSystem/animal-species-cs"]
    },
    {
      "url" : "https://example.org/fhir/ValueSet/animal-type-vs",
      "version" : "0.1.0",
      "status" : "draft",
      "name" : "AnimalTypeVS",
      "title" : "Animal Type Value Set",
      "description" : "Value set for types of animals.",
      "systems" : ["https://example.org/fhir/CodeSystem/animal-type-cs"]
    },
    {
      "url" : "https://example.org/fhir/ValueSet/clade-vs",
      "version" : "0.1.0",
      "status" : "draft",
      "name" : "CladeVS",
      "title" : "Clade Value Set",
      "description" : "Value set for clade.",
      "systems" : ["https://example.org/fhir/CodeSystem/clade-cs"]
    },
    {
      "url" : "https://example.org/fhir/ValueSet/clinical-signs-vs",
      "version" : "0.1.0",
      "status" : "draft",
      "name" : "ClinicalSignsVS",
      "title" : "Clinical Signs Value Set",
      "description" : "Value set for clinical signs.",
      "systems" : ["https://example.org/fhir/CodeSystem/clinical-signs-cs"]
    },
    {
      "url" : "https://example.org/fhir/ValueSet/control-measures-vs",
      "version" : "0.1.0",
      "status" : "draft",
      "name" : "ControlMeasuresVS",
      "title" : "Control Measures Value Set",
      "description" : "Value set for control measures.",
      "systems" : ["https://example.org/fhir/CodeSystem/control-measures-cs"]
    },
    {
      "url" : "https://example.org/fhir/ValueSet/diagnosis-basis-vs",
      "version" : "0.1.0",
      "status" : "draft",
      "name" : "DiagnosisBasisVS",
      "title" : "Diagnosis Basis Value Set",
      "description" : "value set for diagnosis basis.",
      "systems" : ["https://example.org/fhir/CodeSystem/diagnosis-basis-cs"]
    },
    {
      "url" : "https://example.org/fhir/ValueSet/diagnostic-source-vs",
      "version" : "0.1.0",
      "status" : "draft",
      "name" : "DiagnosticSourceVS",
      "title" : "Diagnostic Source Value Set",
      "description" : "Value set for diagnostic source.",
      "systems" : ["https://example.org/fhir/CodeSystem/diagnostic-source-cs"]
    },
    {
      "url" : "https://example.org/fhir/ValueSet/disease-status-vs",
      "version" : "0.1.0",
      "status" : "draft",
      "name" : "DiseaseStatusVS",
      "title" : "Disease Status Value Set",
      "description" : "Value set for diagnostic status.",
      "systems" : ["https://example.org/fhir/CodeSystem/diagnostic-status-cs"]
    },
    {
      "url" : "https://example.org/fhir/ValueSet/disease-subtype-vs",
      "version" : "0.1.0",
      "status" : "draft",
      "name" : "DiseaseSubtypeVS",
      "title" : "Disease Subtype Value Set",
      "description" : "Value set for disease subtypes.",
      "systems" : ["https://example.org/fhir/CodeSystem/disease-subtype-cs"]
    },
    {
      "url" : "https://example.org/fhir/ValueSet/diseases-vs",
      "version" : "0.1.0",
      "status" : "draft",
      "name" : "DiseasesVS",
      "title" : "Diseases Value Set",
      "description" : "Value set for diseases.",
      "systems" : ["https://example.org/fhir/CodeSystem/diseases-cs"]
    },
    {
      "url" : "https://example.org/fhir/ValueSet/districts-vs",
      "version" : "0.1.0",
      "status" : "draft",
      "name" : "DistrictsVS",
      "title" : "Districts Value Set",
      "description" : "Value set for districts.",
      "systems" : ["https://example.org/fhir/CodeSystem/districts-cs"]
    },
    {
      "url" : "https://example.org/fhir/ValueSet/empresi-countries-vs",
      "version" : "0.1.0",
      "status" : "draft",
      "name" : "EmpresiCountriesVS",
      "title" : "Empresi Countries Value Set",
      "description" : "Value set for Empresi countries.",
      "systems" : ["https://example.org/fhir/CodeSystem/empresi-countries-cs"]
    },
    {
      "url" : "https://example.org/fhir/ValueSet/infection-source-vs",
      "version" : "0.1.0",
      "status" : "draft",
      "name" : "InfectionSourceVS",
      "title" : "Infection Source Value Set",
      "description" : "Value set for infection source.",
      "systems" : ["https://example.org/fhir/CodeSystem/infection-source-cs"]
    },
    {
      "url" : "https://example.org/fhir/ValueSet/lab-diseases-vs",
      "version" : "0.1.0",
      "status" : "draft",
      "name" : "LabDiseasesVS",
      "title" : "Lab Diseases Value Set",
      "description" : "Value set for lab diseases.",
      "systems" : ["https://example.org/fhir/CodeSystem/diseases-cs"]
    },
    {
      "url" : "https://example.org/fhir/ValueSet/laboratory-vs",
      "version" : "0.1.0",
      "status" : "draft",
      "name" : "LaboratoryVS",
      "title" : "Laboratory Value Set",
      "description" : "Value set of laboratories.",
      "systems" : ["https://example.org/fhir/CodeSystem/laboratory-cs"]
    },
    {
      "url" : "https://example.org/fhir/ValueSet/locality-quality-vs",
      "version" : "0.1.0",
      "status" : "draft",
      "name" : "LocalityQualityVS",
      "title" : "Locality Quality Value Set",
      "description" : "Value set for the quality of locality data.",
      "systems" : ["https://example.org/fhir/CodeSystem/locality-quality-cs"]
    },
    {
      "url" : "https://example.org/fhir/ValueSet/locality-source-vs",
      "version" : "0.1.0",
      "status" : "draft",
      "name" : "LocalitySourceVS",
      "title" : "Locality Source Value Set",
      "description" : "Value set for sources of locality information.",
      "systems" : ["https://example.org/fhir/CodeSystem/locality-source-cs"]
    },
    {
      "url" : "https://example.org/fhir/ValueSet/necropsy-lesions-vs",
      "version" : "0.1.0",
      "status" : "draft",
      "name" : "NecropsyLesionsVS",
      "title" : "Necropsy Lesions Value Set",
      "description" : "Value set for necropsy lesions.",
      "systems" : ["https://example.org/fhir/CodeSystem/necropsy-lesions-cs"]
    },
    {
      "url" : "https://example.org/fhir/ValueSet/production-system-one-vs",
      "version" : "0.1.0",
      "status" : "draft",
      "name" : "ProductionSystemOneVS",
      "title" : "Production System One Value Set",
      "description" : "Value set for production system one.",
      "systems" : [
        "https://example.org/fhir/CodeSystem/production-system-one-cs"
      ]
    },
    {
      "url" : "https://example.org/fhir/ValueSet/production-system-two-vs",
      "version" : "0.1.0",
      "status" : "draft",
      "name" : "ProductionSystemTwoVS",
      "title" : "Production System Two Value Set",
      "description" : "Value set for production system two.",
      "systems" : [
        "https://example.org/fhir/CodeSystem/production-system-two-cs"
      ]
    },
    {
      "url" : "https://example.org/fhir/ValueSet/regions-vs",
      "version" : "0.1.0",
      "status" : "draft",
      "name" : "RegionsVS",
      "title" : "Regions Value Set",
      "description" : "Value set for regions.",
      "systems" : ["https://example.org/fhir/CodeSystem/regions-cs"]
    },
    {
      "url" : "https://example.org/fhir/ValueSet/sample-type-vs",
      "version" : "0.1.0",
      "status" : "draft",
      "name" : "SampleTypeVS",
      "title" : "Sample Type Value Set",
      "description" : "Value set for sample types.",
      "systems" : ["https://example.org/fhir/CodeSystem/sample-type-cs"]
    },
    {
      "url" : "https://example.org/fhir/ValueSet/surveillance-type-vs",
      "version" : "0.1.0",
      "status" : "draft",
      "name" : "SurveillanceTypeVS",
      "title" : "Surveillance Type Value Set",
      "description" : "Value set for surveillance types.",
      "systems" : ["https://example.org/fhir/CodeSystem/surveillance-type-cs"]
    },
    {
      "url" : "https://example.org/fhir/ValueSet/test-result-vs",
      "version" : "0.1.0",
      "status" : "draft",
      "name" : "TestResultVS",
      "title" : "Test Result Value Set",
      "description" : "Value set for test results.",
      "systems" : ["https://example.org/fhir/CodeSystem/test-result-cs"]
    },
    {
      "url" : "https://example.org/fhir/ValueSet/test-type-vs",
      "version" : "0.1.0",
      "status" : "draft",
      "name" : "TestTypeVS",
      "title" : "Test Type Value Set",
      "description" : "Value set for test types.",
      "systems" : ["https://example.org/fhir/CodeSystem/test-type-cs"]
    },
    {
      "url" : "https://example.org/fhir/ValueSet/treatments-vs",
      "version" : "0.1.0",
      "status" : "draft",
      "name" : "TreatmentsVS",
      "title" : "Treatments Value Set",
      "description" : "Value set for treatments.",
      "systems" : ["https://example.org/fhir/CodeSystem/treatments-cs"]
    },
    {
      "url" : "https://example.org/fhir/ValueSet/yes-no-unknown-vs",
      "version" : "0.1.0",
      "status" : "draft",
      "name" : "YesNoUnknownVS",
      "title" : "Yes/No/Unknown Value Set",
      "description" : "Value set for yes, no, and unknown responses.",
      "systems" : ["https://example.org/fhir/CodeSystem/yes-no-unknown-cs"]
    }
  ]
}
