{
  "resourceType" : "ValueSet",
  "id" : "diagnostic-source-vs",
  "text" : {
    "status" : "generated",
    "div" : "<div xmlns=\"http://www.w3.org/1999/xhtml\"><ul><li>Include all codes defined in <a href=\"CodeSystem-diagnostic-source-cs.html\"><code>https://example.org/fhir/CodeSystem/diagnostic-source-cs</code></a></li></ul></div>"
  },
  "url" : "https://example.org/fhir/ValueSet/diagnostic-source-vs",
  "version" : "0.1.0",
  "name" : "DiagnosticSourceVS",
  "title" : "Diagnostic Source Value Set",
  "status" : "draft",
  "date" : "2024-04-17T11:58:12+00:00",
  "publisher" : "DHIS2",
  "contact" : [{
    "name" : "DHIS2",
    "telecom" : [{
      "system" : "url",
      "value" : "https://dhis2.org"
    },
    {
      "system" : "email",
      "value" : "johan.hole@dhis2.org"
    }]
  }],
  "description" : "Value set for diagnostic source.",
  "compose" : {
    "include" : [{
      "system" : "https://example.org/fhir/CodeSystem/diagnostic-source-cs"
    }]
  }
}