{"resourceType":"CodeSystem","id":"infection-source-cs","text":{"status":"generated","div":"<div xmlns=\"http://www.w3.org/1999/xhtml\"><p>This  code system <code>https://dhis2.org/fhir/CodeSystem/infection-source-cs</code> defines the following codes:</p><table class=\"codes\"><tr><td style=\"white-space:nowrap\"><b>Code</b></td><td><b>Display</b></td></tr><tr><td style=\"white-space:nowrap\">AETHINA_TUMIDA_PRESENTE_BORDERING_STATES_OF_USA<a name=\"infection-source-cs-AETHINA_TUMIDA_PRESENTE_BORDERING_STATES_OF_USA\"> </a></td><td>Aethina tumida is present in some bordering states of the United States of America.</td></tr><tr><td style=\"white-space:nowrap\">AFTER_EATING_UNDERCOOKED_INFECTED_PORK_BLOOD_PASTE<a name=\"infection-source-cs-AFTER_EATING_UNDERCOOKED_INFECTED_PORK_BLOOD_PASTE\"> </a></td><td>After eating undercooked infected pork, blood paste</td></tr><tr><td style=\"white-space:nowrap\">AFTER_HANDLING_THE_CARCASS_OF_A_SICK_COW<a name=\"infection-source-cs-AFTER_HANDLING_THE_CARCASS_OF_A_SICK_COW\"> </a></td><td>After handling the carcass of a sick cow</td></tr><tr><td style=\"white-space:nowrap\">AIRBORNE_SPREAD<a name=\"infection-source-cs-AIRBORNE_SPREAD\"> </a></td><td>Airborne spread</td></tr><tr><td style=\"white-space:nowrap\">ANIMAL/DOG_BITE<a name=\"infection-source-cs-ANIMAL.47DOG_BITE\"> </a></td><td>Animal/dog bite</td></tr><tr><td style=\"white-space:nowrap\">ANIMALS_IN_AN_AREA_OF_ANTHRAXINFECTED_FIELDS<a name=\"infection-source-cs-ANIMALS_IN_AN_AREA_OF_ANTHRAXINFECTED_FIELDS\"> </a></td><td>Animals in an area of anthrax-infected fields</td></tr><tr><td style=\"white-space:nowrap\">ANIMALS_INFECTED_AT_QUARANTINE<a name=\"infection-source-cs-ANIMALS_INFECTED_AT_QUARANTINE\"> </a></td><td>Animals infected at quarantine</td></tr><tr><td style=\"white-space:nowrap\">ANIMALS_IN_TRANSIT<a name=\"infection-source-cs-ANIMALS_IN_TRANSIT\"> </a></td><td>Animals in transit</td></tr><tr><td style=\"white-space:nowrap\">CIRCULATION_OF_THE_VIRUS_IN_THE_WILD_ANIMAL<a name=\"infection-source-cs-CIRCULATION_OF_THE_VIRUS_IN_THE_WILD_ANIMAL\"> </a></td><td>Circulation of the virus in the Wild animal</td></tr><tr><td style=\"white-space:nowrap\">CONTACT_AFTER_EATING_INFECTED_CARCASSES<a name=\"infection-source-cs-CONTACT_AFTER_EATING_INFECTED_CARCASSES\"> </a></td><td>Contact after eating infected carcasses</td></tr><tr><td style=\"white-space:nowrap\">CONTACT_WITH_AFFECTED_ANIMALS<a name=\"infection-source-cs-CONTACT_WITH_AFFECTED_ANIMALS\"> </a></td><td>Contact with affected animals</td></tr><tr><td style=\"white-space:nowrap\">CONTACT_WITH_ANIMALS_AND_PIGS<a name=\"infection-source-cs-CONTACT_WITH_ANIMALS_AND_PIGS\"> </a></td><td>Contact with animals and pigs</td></tr><tr><td style=\"white-space:nowrap\">CONTACT_WITH_ANIMALS_AT_MARKET/SLAUGHTERHOUSES<a name=\"infection-source-cs-CONTACT_WITH_ANIMALS_AT_MARKET.47SLAUGHTERHOUSES\"> </a></td><td>Contact with animals at market/slaughterhouses</td></tr><tr><td style=\"white-space:nowrap\">CONTACT_WITH_ASYMPTOMATIC_ANIMALS<a name=\"infection-source-cs-CONTACT_WITH_ASYMPTOMATIC_ANIMALS\"> </a></td><td>Contact with asymptomatic animals</td></tr><tr><td style=\"white-space:nowrap\">CONTACT_WITH_BACKYARD_POULTRY<a name=\"infection-source-cs-CONTACT_WITH_BACKYARD_POULTRY\"> </a></td><td>Contact with backyard poultry</td></tr><tr><td style=\"white-space:nowrap\">CONTACT_WITH_CHICKEN_EGGS<a name=\"infection-source-cs-CONTACT_WITH_CHICKEN_EGGS\"> </a></td><td>Contact with chicken eggs</td></tr><tr><td style=\"white-space:nowrap\">CONTACT_CONT_FARMING_EQUIP_VEHICLES_CLOTHING_FEED<a name=\"infection-source-cs-CONTACT_CONT_FARMING_EQUIP_VEHICLES_CLOTHING_FEED\"> </a></td><td>Contact with contaminated farming equipment, vehicles, clothing, or feed</td></tr><tr><td style=\"white-space:nowrap\">CONTACT_WITH_DEAD_BACKYARD_POULTRY<a name=\"infection-source-cs-CONTACT_WITH_DEAD_BACKYARD_POULTRY\"> </a></td><td>Contact with dead backyard poultry</td></tr><tr><td style=\"white-space:nowrap\">CONTACT_WITH_DEAD_POULTRY<a name=\"infection-source-cs-CONTACT_WITH_DEAD_POULTRY\"> </a></td><td>Contact with dead poultry</td></tr><tr><td style=\"white-space:nowrap\">CONTACT_WITH_HUMANS<a name=\"infection-source-cs-CONTACT_WITH_HUMANS\"> </a></td><td>Contact with humans</td></tr><tr><td style=\"white-space:nowrap\">CONTACT_WITH_INFECTED_ANIMAL_AT_GRAZING/WATERING<a name=\"infection-source-cs-CONTACT_WITH_INFECTED_ANIMAL_AT_GRAZING.47WATERING\"> </a></td><td>Contact with infected animal at grazing/watering</td></tr><tr><td style=\"white-space:nowrap\">CONTACT_WITH_INFECTED_ANIMALS<a name=\"infection-source-cs-CONTACT_WITH_INFECTED_ANIMALS\"> </a></td><td>Contact with infected animals</td></tr><tr><td style=\"white-space:nowrap\">CONTACT_WITH_INFECTED_AREA<a name=\"infection-source-cs-CONTACT_WITH_INFECTED_AREA\"> </a></td><td>Contact with infected area</td></tr><tr><td style=\"white-space:nowrap\">CONTACT_WITH_INFECTED_NEIGHBOURING_ESTABLISHMENT<a name=\"infection-source-cs-CONTACT_WITH_INFECTED_NEIGHBOURING_ESTABLISHMENT\"> </a></td><td>Contact with infected neighbouring establishment</td></tr><tr><td style=\"white-space:nowrap\">CONTACT_WITH_LIVE_POULTRY_IN_A_MARKET<a name=\"infection-source-cs-CONTACT_WITH_LIVE_POULTRY_IN_A_MARKET\"> </a></td><td>Contact with live poultry in a market</td></tr><tr><td style=\"white-space:nowrap\">CONTACT_WITH_POULTRY<a name=\"infection-source-cs-CONTACT_WITH_POULTRY\"> </a></td><td>Contact with poultry</td></tr><tr><td style=\"white-space:nowrap\">CONTACT_WITH_POULTRY_PRODUCTION<a name=\"infection-source-cs-CONTACT_WITH_POULTRY_PRODUCTION\"> </a></td><td>Contact with poultry production</td></tr><tr><td style=\"white-space:nowrap\">CONTACT_WITH_POULTRY_RAISED_IN_THE_NEIGHBOURHOOD<a name=\"infection-source-cs-CONTACT_WITH_POULTRY_RAISED_IN_THE_NEIGHBOURHOOD\"> </a></td><td>Contact with poultry raised in the neighbourhood.</td></tr><tr><td style=\"white-space:nowrap\">CONTACT_WITH_QUAILS'_EGGS<a name=\"infection-source-cs-CONTACT_WITH_QUAILS.39_EGGS\"> </a></td><td>Contact with quails' eggs</td></tr><tr><td style=\"white-space:nowrap\">CONTACT_WITH_SICK_AND_DEAD_POULTRY<a name=\"infection-source-cs-CONTACT_WITH_SICK_AND_DEAD_POULTRY\"> </a></td><td>Contact with sick and dead poultry</td></tr><tr><td style=\"white-space:nowrap\">CONTACT_WITH_SICK_AND/OR_DEAD_POULTRY<a name=\"infection-source-cs-CONTACT_WITH_SICK_AND.47OR_DEAD_POULTRY\"> </a></td><td>Contact with sick and/or dead poultry</td></tr><tr><td style=\"white-space:nowrap\">CONTACT_WITH_SICK_ANIMALS<a name=\"infection-source-cs-CONTACT_WITH_SICK_ANIMALS\"> </a></td><td>Contact with sick animals</td></tr><tr><td style=\"white-space:nowrap\">CONTACT_WITH_SICK_OR_DEAD_ANIMALS<a name=\"infection-source-cs-CONTACT_WITH_SICK_OR_DEAD_ANIMALS\"> </a></td><td>Contact with sick or dead animals</td></tr><tr><td style=\"white-space:nowrap\">CONTACT_WITH_SICK_POULTRY<a name=\"infection-source-cs-CONTACT_WITH_SICK_POULTRY\"> </a></td><td>Contact with sick poultry</td></tr><tr><td style=\"white-space:nowrap\">CONTACT_WITH_SICK_OR_DEAD_POULTRY<a name=\"infection-source-cs-CONTACT_WITH_SICK_OR_DEAD_POULTRY\"> </a></td><td>Contact with sick\u00a0or dead poultry</td></tr><tr><td style=\"white-space:nowrap\">CONTACT_WITH_SPORES_IN_THE_SOIL<a name=\"infection-source-cs-CONTACT_WITH_SPORES_IN_THE_SOIL\"> </a></td><td>Contact with spores in the soil</td></tr><tr><td style=\"white-space:nowrap\">CONTACT_WITH_WILD_BIRDS<a name=\"infection-source-cs-CONTACT_WITH_WILD_BIRDS\"> </a></td><td>Contact with wild birds</td></tr><tr><td style=\"white-space:nowrap\">CONTACT_WITH_WILDLIFE<a name=\"infection-source-cs-CONTACT_WITH_WILDLIFE\"> </a></td><td>Contact with wildlife</td></tr><tr><td style=\"white-space:nowrap\">CONTACT_WITH_WILD_SPECIES<a name=\"infection-source-cs-CONTACT_WITH_WILD_SPECIES\"> </a></td><td>Contact with wild species</td></tr><tr><td style=\"white-space:nowrap\">CONTAMINATED_ANIMAL_PRODUCTS<a name=\"infection-source-cs-CONTAMINATED_ANIMAL_PRODUCTS\"> </a></td><td>Contaminated animal products</td></tr><tr><td style=\"white-space:nowrap\">CONTAMINATED_MANURE<a name=\"infection-source-cs-CONTAMINATED_MANURE\"> </a></td><td>Contaminated manure</td></tr><tr><td style=\"white-space:nowrap\">DIRECT_CONTACT_SECRETIONS_DISEASED_PIGS<a name=\"infection-source-cs-DIRECT_CONTACT_SECRETIONS_DISEASED_PIGS\"> </a></td><td>Direct contact with secretions from diseased pigs via open wounds or respiratory tracts</td></tr><tr><td style=\"white-space:nowrap\">DIRECT_OR_INDIRECT_EXPOSURE_TO_SWINE<a name=\"infection-source-cs-DIRECT_OR_INDIRECT_EXPOSURE_TO_SWINE\"> </a></td><td>Direct or indirect exposure to swine</td></tr><tr><td style=\"white-space:nowrap\">DROPPING_FOR_FIENTE<a name=\"infection-source-cs-DROPPING_FOR_FIENTE\"> </a></td><td>Dropping for fiente</td></tr><tr><td style=\"white-space:nowrap\">ENVIRONMENTAL_CONTAMINATION<a name=\"infection-source-cs-ENVIRONMENTAL_CONTAMINATION\"> </a></td><td>Environmental contamination</td></tr><tr><td style=\"white-space:nowrap\">EXPOSED_TO_SWINE_ON_THE_JOB<a name=\"infection-source-cs-EXPOSED_TO_SWINE_ON_THE_JOB\"> </a></td><td>Exposed to swine on the job</td></tr><tr><td style=\"white-space:nowrap\">EXPOSURE_TO_A_POTENTIALLY_CONTAMINATED_ENVIRONMENT<a name=\"infection-source-cs-EXPOSURE_TO_A_POTENTIALLY_CONTAMINATED_ENVIRONMENT\"> </a></td><td>Exposure  to a potentially contaminated environment</td></tr><tr><td style=\"white-space:nowrap\">FALSE_VERTICAL_SPREAD_CONTAMINATED_EGGS_GAMETES<a name=\"infection-source-cs-FALSE_VERTICAL_SPREAD_CONTAMINATED_EGGS_GAMETES\"> </a></td><td>False vertical spread (though contaminated eggs or gametes)</td></tr><tr><td style=\"white-space:nowrap\">FEEDING_RAW_AQUATIC_ANIMAL_PRODUCT<a name=\"infection-source-cs-FEEDING_RAW_AQUATIC_ANIMAL_PRODUCT\"> </a></td><td>Feeding raw aquatic animal product</td></tr><tr><td style=\"white-space:nowrap\">FLOODING_ASSOCIATED_WITH_MOSQUITO_MULTIPLICATION<a name=\"infection-source-cs-FLOODING_ASSOCIATED_WITH_MOSQUITO_MULTIPLICATION\"> </a></td><td>Flooding associated with mosquito multiplication</td></tr><tr><td style=\"white-space:nowrap\">FOMITES_HUMANS_VEHICLES_FEED_ETC<a name=\"infection-source-cs-FOMITES_HUMANS_VEHICLES_FEED_ETC\"> </a></td><td>Fomites (humans, vehicles, feed, etc.)</td></tr><tr><td style=\"white-space:nowrap\">FOOD_LEFTOVERS<a name=\"infection-source-cs-FOOD_LEFTOVERS\"> </a></td><td>Food leftovers</td></tr><tr><td style=\"white-space:nowrap\">HEMATOPHAGOUS_BATS<a name=\"infection-source-cs-HEMATOPHAGOUS_BATS\"> </a></td><td>Hematophagous bats</td></tr><tr><td style=\"white-space:nowrap\">HORIZONTAL_SPREAD_THROUGH_WATER<a name=\"infection-source-cs-HORIZONTAL_SPREAD_THROUGH_WATER\"> </a></td><td>Horizontal spread through water</td></tr><tr><td style=\"white-space:nowrap\">ILLEGAL_MOVEMENT_OF_ANIMALS<a name=\"infection-source-cs-ILLEGAL_MOVEMENT_OF_ANIMALS\"> </a></td><td>Illegal movement of animals</td></tr><tr><td style=\"white-space:nowrap\">IMPORTED_STALLION<a name=\"infection-source-cs-IMPORTED_STALLION\"> </a></td><td>Imported stallion</td></tr><tr><td style=\"white-space:nowrap\">IMPORT_OF_LIVE_ANIMALS<a name=\"infection-source-cs-IMPORT_OF_LIVE_ANIMALS\"> </a></td><td>Import of live animals</td></tr><tr><td style=\"white-space:nowrap\">IMPORT_SEMEN_INF_PORCINE_REPR_RESP_SYNDROME_VIRUS<a name=\"infection-source-cs-IMPORT_SEMEN_INF_PORCINE_REPR_RESP_SYNDROME_VIRUS\"> </a></td><td>Import of semen infected with Porcine reproductive and respiratory syndrome virus</td></tr><tr><td style=\"white-space:nowrap\">INFORMAL_MOVEMENT_OF_ANIMALS<a name=\"infection-source-cs-INFORMAL_MOVEMENT_OF_ANIMALS\"> </a></td><td>Informal movement of animals</td></tr><tr><td style=\"white-space:nowrap\">INTRODUCTION_OF_NEW_LIVE_ANIMALS<a name=\"infection-source-cs-INTRODUCTION_OF_NEW_LIVE_ANIMALS\"> </a></td><td>Introduction of new live animals</td></tr><tr><td style=\"white-space:nowrap\">INTRODUCTION_OF_NEW_NONVIABLE_ANIMAL_PRODUCTS<a name=\"infection-source-cs-INTRODUCTION_OF_NEW_NONVIABLE_ANIMAL_PRODUCTS\"> </a></td><td>Introduction of new non-viable animal products</td></tr><tr><td style=\"white-space:nowrap\">INVOLVED_SLAUGHTER_CONSUMPTION_OF_SICK_POULTRY<a name=\"infection-source-cs-INVOLVED_SLAUGHTER_CONSUMPTION_OF_SICK_POULTRY\"> </a></td><td>Involved in the slaughter and consumption of sick poultry.</td></tr><tr><td style=\"white-space:nowrap\">INVOLVED_WITH_SLAUGHTERING_AND_PROCESSING_THE_MEAT<a name=\"infection-source-cs-INVOLVED_WITH_SLAUGHTERING_AND_PROCESSING_THE_MEAT\"> </a></td><td>Involved with slaughtering and processing the meat</td></tr><tr><td style=\"white-space:nowrap\">LABORATORY_ESCAPE<a name=\"infection-source-cs-LABORATORY_ESCAPE\"> </a></td><td>Laboratory escape</td></tr><tr><td style=\"white-space:nowrap\">LEGAL_MOVEMENT_OF_ANIMALS<a name=\"infection-source-cs-LEGAL_MOVEMENT_OF_ANIMALS\"> </a></td><td>Legal movement of animals</td></tr><tr><td style=\"white-space:nowrap\">LIVESTOCK_MARKET<a name=\"infection-source-cs-LIVESTOCK_MARKET\"> </a></td><td>Livestock  Market</td></tr><tr><td style=\"white-space:nowrap\">MANAGEMENT_PRACTICES<a name=\"infection-source-cs-MANAGEMENT_PRACTICES\"> </a></td><td>Management practices</td></tr><tr><td style=\"white-space:nowrap\">MAY_BE_DUE_TO_MIGRATORY_BIRDS'_DROPPINGS<a name=\"infection-source-cs-MAY_BE_DUE_TO_MIGRATORY_BIRDS.39_DROPPINGS\"> </a></td><td>May be due to migratory birds' droppings.</td></tr><tr><td style=\"white-space:nowrap\">MIGRATION_OF_WILD_BIRDS<a name=\"infection-source-cs-MIGRATION_OF_WILD_BIRDS\"> </a></td><td>Migration of wild birds</td></tr><tr><td style=\"white-space:nowrap\">MOST_LIKELY_CONTACT_WITH_PEOPLE<a name=\"infection-source-cs-MOST_LIKELY_CONTACT_WITH_PEOPLE\"> </a></td><td>Most likely, contact with people</td></tr><tr><td style=\"white-space:nowrap\">OTHER<a name=\"infection-source-cs-OTHER\"> </a></td><td>Other</td></tr><tr><td style=\"white-space:nowrap\">POSSIBLE_CONTACT_WITH_WILD_BIRDS<a name=\"infection-source-cs-POSSIBLE_CONTACT_WITH_WILD_BIRDS\"> </a></td><td>Possible contact with wild birds</td></tr><tr><td style=\"white-space:nowrap\">POTENTIAL_CONTACT_WITH_WILDLIFE<a name=\"infection-source-cs-POTENTIAL_CONTACT_WITH_WILDLIFE\"> </a></td><td>Potential contact with wildlife</td></tr><tr><td style=\"white-space:nowrap\">PRESUMED_TO_BE_THE_PASTURE<a name=\"infection-source-cs-PRESUMED_TO_BE_THE_PASTURE\"> </a></td><td>Presumed to be the pasture</td></tr><tr><td style=\"white-space:nowrap\">PROBABLY_FORMER_BURIAL_OF_ANIMALS<a name=\"infection-source-cs-PROBABLY_FORMER_BURIAL_OF_ANIMALS\"> </a></td><td>Probably former burial of animals</td></tr><tr><td style=\"white-space:nowrap\">PROBABLY_HUNTED_WILD_DUCKS_AND_GEESE<a name=\"infection-source-cs-PROBABLY_HUNTED_WILD_DUCKS_AND_GEESE\"> </a></td><td>Probably, hunted wild ducks and geese</td></tr><tr><td style=\"white-space:nowrap\">PROCESSING_SLAUGHTERING<a name=\"infection-source-cs-PROCESSING_SLAUGHTERING\"> </a></td><td>Processing slaughtering</td></tr><tr><td style=\"white-space:nowrap\">RABIES_RELATED_TO_HEMATOPHAGOUS_BATS<a name=\"infection-source-cs-RABIES_RELATED_TO_HEMATOPHAGOUS_BATS\"> </a></td><td>Rabies related to hematophagous bats</td></tr><tr><td style=\"white-space:nowrap\">RANDOM_MUTATION<a name=\"infection-source-cs-RANDOM_MUTATION\"> </a></td><td>Random mutation</td></tr><tr><td style=\"white-space:nowrap\">REFUGEES<a name=\"infection-source-cs-REFUGEES\"> </a></td><td>Refugees</td></tr><tr><td style=\"white-space:nowrap\">SEASONAL_MIGRATION_OF_WILD_BIRDS_SWANS<a name=\"infection-source-cs-SEASONAL_MIGRATION_OF_WILD_BIRDS_SWANS\"> </a></td><td>Seasonal migration of wild birds - swans</td></tr><tr><td style=\"white-space:nowrap\">SELLING_INFECTED_BEEF_IN_THE_CAPITAL<a name=\"infection-source-cs-SELLING_INFECTED_BEEF_IN_THE_CAPITAL\"> </a></td><td>Selling infected beef in the largest market in the capital.</td></tr><tr><td style=\"white-space:nowrap\">SEMEN<a name=\"infection-source-cs-SEMEN\"> </a></td><td>Semen</td></tr><tr><td style=\"white-space:nowrap\">SLAUGHTER_AND_EAT_CHICKENS<a name=\"infection-source-cs-SLAUGHTER_AND_EAT_CHICKENS\"> </a></td><td>Slaughter and eat chickens</td></tr><tr><td style=\"white-space:nowrap\">SLAUGHTERING<a name=\"infection-source-cs-SLAUGHTERING\"> </a></td><td>Slaughtering</td></tr><tr><td style=\"white-space:nowrap\">SOILBORNE_INFECTION<a name=\"infection-source-cs-SOILBORNE_INFECTION\"> </a></td><td>Soil-borne infection</td></tr><tr><td style=\"white-space:nowrap\">SPONTANEOUS_MUTATION<a name=\"infection-source-cs-SPONTANEOUS_MUTATION\"> </a></td><td>Spontaneous mutation</td></tr><tr><td style=\"white-space:nowrap\">SPREAD_INFECTED_ANIMALS_THROUGH_AEROSOLS_CONTACT<a name=\"infection-source-cs-SPREAD_INFECTED_ANIMALS_THROUGH_AEROSOLS_CONTACT\"> </a></td><td>Spread by infected animals through aerosols, contact with contaminated farming equipment</td></tr><tr><td style=\"white-space:nowrap\">SWILL_FEEDING<a name=\"infection-source-cs-SWILL_FEEDING\"> </a></td><td>Swill feeding</td></tr><tr><td style=\"white-space:nowrap\">TEST_INFECTION_SOURCE<a name=\"infection-source-cs-TEST_INFECTION_SOURCE\"> </a></td><td>Test infection source</td></tr><tr><td style=\"white-space:nowrap\">THE_BITES_OF_THE_CULEX_FEMALE_MOSQUITOES<a name=\"infection-source-cs-THE_BITES_OF_THE_CULEX_FEMALE_MOSQUITOES\"> </a></td><td>The bites of the culex female mosquitoes</td></tr><tr><td style=\"white-space:nowrap\">SUDDEN_POULTRY_DIEOFFS_IN_HIS_NEIGHBOURHOOD<a name=\"infection-source-cs-SUDDEN_POULTRY_DIEOFFS_IN_HIS_NEIGHBOURHOOD\"> </a></td><td>There were sudden poultry die-offs in his neighbourhood</td></tr><tr><td style=\"white-space:nowrap\">STRAW_COLLECTED_DEAD_WILD_BOAR<a name=\"infection-source-cs-STRAW_COLLECTED_DEAD_WILD_BOAR\"> </a></td><td>The straw collected on a field were a dead wild boar has been previously found.</td></tr><tr><td style=\"white-space:nowrap\">VIRUS_CIRCULATION_WILD_BIRDS_POPULATION_SUSPECTED<a name=\"infection-source-cs-VIRUS_CIRCULATION_WILD_BIRDS_POPULATION_SUSPECTED\"> </a></td><td>The virus circulation into the wild birds population is suspected.</td></tr><tr><td style=\"white-space:nowrap\">TO_HAVE_TAKEN_PART_IN_KILLING_A_SICK_COW<a name=\"infection-source-cs-TO_HAVE_TAKEN_PART_IN_KILLING_A_SICK_COW\"> </a></td><td>To have taken part in killing a sick cow.</td></tr><tr><td style=\"white-space:nowrap\">TRANSBOUNDARY_MIGRATION_OF_WILD_BOARS<a name=\"infection-source-cs-TRANSBOUNDARY_MIGRATION_OF_WILD_BOARS\"> </a></td><td>Transboundary migration of wild boars</td></tr><tr><td style=\"white-space:nowrap\">TRANSBOUNDARY_SPREAD<a name=\"infection-source-cs-TRANSBOUNDARY_SPREAD\"> </a></td><td>Transboundary spread</td></tr><tr><td style=\"white-space:nowrap\">TRANSHUMANT_ANIMAL<a name=\"infection-source-cs-TRANSHUMANT_ANIMAL\"> </a></td><td>Transhumant animal</td></tr><tr><td style=\"white-space:nowrap\">TRANSMISSION_FROM_HUMANS<a name=\"infection-source-cs-TRANSMISSION_FROM_HUMANS\"> </a></td><td>Transmission from humans</td></tr><tr><td style=\"white-space:nowrap\">VERTICAL_SPREAD_THROUGH_INFECTED_EGGS_OR_GAMETES<a name=\"infection-source-cs-VERTICAL_SPREAD_THROUGH_INFECTED_EGGS_OR_GAMETES\"> </a></td><td>True vertical spread (through infected eggs or gametes)</td></tr><tr><td style=\"white-space:nowrap\">UNDER_INVESTIGATION<a name=\"infection-source-cs-UNDER_INVESTIGATION\"> </a></td><td>Under investigation</td></tr><tr><td style=\"white-space:nowrap\">UNKNOWN_OR_INCONCLUSIVE<a name=\"infection-source-cs-UNKNOWN_OR_INCONCLUSIVE\"> </a></td><td>Unknown or inconclusive</td></tr><tr><td style=\"white-space:nowrap\">VAMPIRE_BATS<a name=\"infection-source-cs-VAMPIRE_BATS\"> </a></td><td>Vampire bats</td></tr><tr><td style=\"white-space:nowrap\">VECTORS<a name=\"infection-source-cs-VECTORS\"> </a></td><td>Vectors</td></tr><tr><td style=\"white-space:nowrap\">WILD_STRAINS_OF_BRUCELLA_MELITENSIS<a name=\"infection-source-cs-WILD_STRAINS_OF_BRUCELLA_MELITENSIS\"> </a></td><td>Wild strains of Brucella Melitensis</td></tr></table></div>"},"url":"https://dhis2.org/fhir/CodeSystem/infection-source-cs","version":"0.1.0","name":"InfectionSourceCS","title":"Infection Source Code System","status":"draft","date":"2024-04-22T11:02:38+00:00","publisher":"DHIS2","contact":[{"name":"DHIS2","telecom":[{"system":"url","value":"https://dhis2.org"},{"system":"email","value":"johan.hole@dhis2.org"}]}],"description":"Code system for infection source.","content":"complete","count":105,"concept":[{"code":"AETHINA_TUMIDA_PRESENTE_BORDERING_STATES_OF_USA","display":"Aethina tumida is present in some bordering states of the United States of America."},{"code":"AFTER_EATING_UNDERCOOKED_INFECTED_PORK_BLOOD_PASTE","display":"After eating undercooked infected pork, blood paste"},{"code":"AFTER_HANDLING_THE_CARCASS_OF_A_SICK_COW","display":"After handling the carcass of a sick cow"},{"code":"AIRBORNE_SPREAD","display":"Airborne spread"},{"code":"ANIMAL/DOG_BITE","display":"Animal/dog bite"},{"code":"ANIMALS_IN_AN_AREA_OF_ANTHRAXINFECTED_FIELDS","display":"Animals in an area of anthrax-infected fields"},{"code":"ANIMALS_INFECTED_AT_QUARANTINE","display":"Animals infected at quarantine"},{"code":"ANIMALS_IN_TRANSIT","display":"Animals in transit"},{"code":"CIRCULATION_OF_THE_VIRUS_IN_THE_WILD_ANIMAL","display":"Circulation of the virus in the Wild animal"},{"code":"CONTACT_AFTER_EATING_INFECTED_CARCASSES","display":"Contact after eating infected carcasses"},{"code":"CONTACT_WITH_AFFECTED_ANIMALS","display":"Contact with affected animals"},{"code":"CONTACT_WITH_ANIMALS_AND_PIGS","display":"Contact with animals and pigs"},{"code":"CONTACT_WITH_ANIMALS_AT_MARKET/SLAUGHTERHOUSES","display":"Contact with animals at market/slaughterhouses"},{"code":"CONTACT_WITH_ASYMPTOMATIC_ANIMALS","display":"Contact with asymptomatic animals"},{"code":"CONTACT_WITH_BACKYARD_POULTRY","display":"Contact with backyard poultry"},{"code":"CONTACT_WITH_CHICKEN_EGGS","display":"Contact with chicken eggs"},{"code":"CONTACT_CONT_FARMING_EQUIP_VEHICLES_CLOTHING_FEED","display":"Contact with contaminated farming equipment, vehicles, clothing, or feed"},{"code":"CONTACT_WITH_DEAD_BACKYARD_POULTRY","display":"Contact with dead backyard poultry"},{"code":"CONTACT_WITH_DEAD_POULTRY","display":"Contact with dead poultry"},{"code":"CONTACT_WITH_HUMANS","display":"Contact with humans"},{"code":"CONTACT_WITH_INFECTED_ANIMAL_AT_GRAZING/WATERING","display":"Contact with infected animal at grazing/watering"},{"code":"CONTACT_WITH_INFECTED_ANIMALS","display":"Contact with infected animals"},{"code":"CONTACT_WITH_INFECTED_AREA","display":"Contact with infected area"},{"code":"CONTACT_WITH_INFECTED_NEIGHBOURING_ESTABLISHMENT","display":"Contact with infected neighbouring establishment"},{"code":"CONTACT_WITH_LIVE_POULTRY_IN_A_MARKET","display":"Contact with live poultry in a market"},{"code":"CONTACT_WITH_POULTRY","display":"Contact with poultry"},{"code":"CONTACT_WITH_POULTRY_PRODUCTION","display":"Contact with poultry production"},{"code":"CONTACT_WITH_POULTRY_RAISED_IN_THE_NEIGHBOURHOOD","display":"Contact with poultry raised in the neighbourhood."},{"code":"CONTACT_WITH_QUAILS'_EGGS","display":"Contact with quails' eggs"},{"code":"CONTACT_WITH_SICK_AND_DEAD_POULTRY","display":"Contact with sick and dead poultry"},{"code":"CONTACT_WITH_SICK_AND/OR_DEAD_POULTRY","display":"Contact with sick and/or dead poultry"},{"code":"CONTACT_WITH_SICK_ANIMALS","display":"Contact with sick animals"},{"code":"CONTACT_WITH_SICK_OR_DEAD_ANIMALS","display":"Contact with sick or dead animals"},{"code":"CONTACT_WITH_SICK_POULTRY","display":"Contact with sick poultry"},{"code":"CONTACT_WITH_SICK_OR_DEAD_POULTRY","display":"Contact with sick\u00a0or dead poultry"},{"code":"CONTACT_WITH_SPORES_IN_THE_SOIL","display":"Contact with spores in the soil"},{"code":"CONTACT_WITH_WILD_BIRDS","display":"Contact with wild birds"},{"code":"CONTACT_WITH_WILDLIFE","display":"Contact with wildlife"},{"code":"CONTACT_WITH_WILD_SPECIES","display":"Contact with wild species"},{"code":"CONTAMINATED_ANIMAL_PRODUCTS","display":"Contaminated animal products"},{"code":"CONTAMINATED_MANURE","display":"Contaminated manure"},{"code":"DIRECT_CONTACT_SECRETIONS_DISEASED_PIGS","display":"Direct contact with secretions from diseased pigs via open wounds or respiratory tracts"},{"code":"DIRECT_OR_INDIRECT_EXPOSURE_TO_SWINE","display":"Direct or indirect exposure to swine"},{"code":"DROPPING_FOR_FIENTE","display":"Dropping for fiente"},{"code":"ENVIRONMENTAL_CONTAMINATION","display":"Environmental contamination"},{"code":"EXPOSED_TO_SWINE_ON_THE_JOB","display":"Exposed to swine on the job"},{"code":"EXPOSURE_TO_A_POTENTIALLY_CONTAMINATED_ENVIRONMENT","display":"Exposure  to a potentially contaminated environment"},{"code":"FALSE_VERTICAL_SPREAD_CONTAMINATED_EGGS_GAMETES","display":"False vertical spread (though contaminated eggs or gametes)"},{"code":"FEEDING_RAW_AQUATIC_ANIMAL_PRODUCT","display":"Feeding raw aquatic animal product"},{"code":"FLOODING_ASSOCIATED_WITH_MOSQUITO_MULTIPLICATION","display":"Flooding associated with mosquito multiplication"},{"code":"FOMITES_HUMANS_VEHICLES_FEED_ETC","display":"Fomites (humans, vehicles, feed, etc.)"},{"code":"FOOD_LEFTOVERS","display":"Food leftovers"},{"code":"HEMATOPHAGOUS_BATS","display":"Hematophagous bats"},{"code":"HORIZONTAL_SPREAD_THROUGH_WATER","display":"Horizontal spread through water"},{"code":"ILLEGAL_MOVEMENT_OF_ANIMALS","display":"Illegal movement of animals"},{"code":"IMPORTED_STALLION","display":"Imported stallion"},{"code":"IMPORT_OF_LIVE_ANIMALS","display":"Import of live animals"},{"code":"IMPORT_SEMEN_INF_PORCINE_REPR_RESP_SYNDROME_VIRUS","display":"Import of semen infected with Porcine reproductive and respiratory syndrome virus"},{"code":"INFORMAL_MOVEMENT_OF_ANIMALS","display":"Informal movement of animals"},{"code":"INTRODUCTION_OF_NEW_LIVE_ANIMALS","display":"Introduction of new live animals"},{"code":"INTRODUCTION_OF_NEW_NONVIABLE_ANIMAL_PRODUCTS","display":"Introduction of new non-viable animal products"},{"code":"INVOLVED_SLAUGHTER_CONSUMPTION_OF_SICK_POULTRY","display":"Involved in the slaughter and consumption of sick poultry."},{"code":"INVOLVED_WITH_SLAUGHTERING_AND_PROCESSING_THE_MEAT","display":"Involved with slaughtering and processing the meat"},{"code":"LABORATORY_ESCAPE","display":"Laboratory escape"},{"code":"LEGAL_MOVEMENT_OF_ANIMALS","display":"Legal movement of animals"},{"code":"LIVESTOCK_MARKET","display":"Livestock  Market"},{"code":"MANAGEMENT_PRACTICES","display":"Management practices"},{"code":"MAY_BE_DUE_TO_MIGRATORY_BIRDS'_DROPPINGS","display":"May be due to migratory birds' droppings."},{"code":"MIGRATION_OF_WILD_BIRDS","display":"Migration of wild birds"},{"code":"MOST_LIKELY_CONTACT_WITH_PEOPLE","display":"Most likely, contact with people"},{"code":"OTHER","display":"Other"},{"code":"POSSIBLE_CONTACT_WITH_WILD_BIRDS","display":"Possible contact with wild birds"},{"code":"POTENTIAL_CONTACT_WITH_WILDLIFE","display":"Potential contact with wildlife"},{"code":"PRESUMED_TO_BE_THE_PASTURE","display":"Presumed to be the pasture"},{"code":"PROBABLY_FORMER_BURIAL_OF_ANIMALS","display":"Probably former burial of animals"},{"code":"PROBABLY_HUNTED_WILD_DUCKS_AND_GEESE","display":"Probably, hunted wild ducks and geese"},{"code":"PROCESSING_SLAUGHTERING","display":"Processing slaughtering"},{"code":"RABIES_RELATED_TO_HEMATOPHAGOUS_BATS","display":"Rabies related to hematophagous bats"},{"code":"RANDOM_MUTATION","display":"Random mutation"},{"code":"REFUGEES","display":"Refugees"},{"code":"SEASONAL_MIGRATION_OF_WILD_BIRDS_SWANS","display":"Seasonal migration of wild birds - swans"},{"code":"SELLING_INFECTED_BEEF_IN_THE_CAPITAL","display":"Selling infected beef in the largest market in the capital."},{"code":"SEMEN","display":"Semen"},{"code":"SLAUGHTER_AND_EAT_CHICKENS","display":"Slaughter and eat chickens"},{"code":"SLAUGHTERING","display":"Slaughtering"},{"code":"SOILBORNE_INFECTION","display":"Soil-borne infection"},{"code":"SPONTANEOUS_MUTATION","display":"Spontaneous mutation"},{"code":"SPREAD_INFECTED_ANIMALS_THROUGH_AEROSOLS_CONTACT","display":"Spread by infected animals through aerosols, contact with contaminated farming equipment"},{"code":"SWILL_FEEDING","display":"Swill feeding"},{"code":"TEST_INFECTION_SOURCE","display":"Test infection source"},{"code":"THE_BITES_OF_THE_CULEX_FEMALE_MOSQUITOES","display":"The bites of the culex female mosquitoes"},{"code":"SUDDEN_POULTRY_DIEOFFS_IN_HIS_NEIGHBOURHOOD","display":"There were sudden poultry die-offs in his neighbourhood"},{"code":"STRAW_COLLECTED_DEAD_WILD_BOAR","display":"The straw collected on a field were a dead wild boar has been previously found."},{"code":"VIRUS_CIRCULATION_WILD_BIRDS_POPULATION_SUSPECTED","display":"The virus circulation into the wild birds population is suspected."},{"code":"TO_HAVE_TAKEN_PART_IN_KILLING_A_SICK_COW","display":"To have taken part in killing a sick cow."},{"code":"TRANSBOUNDARY_MIGRATION_OF_WILD_BOARS","display":"Transboundary migration of wild boars"},{"code":"TRANSBOUNDARY_SPREAD","display":"Transboundary spread"},{"code":"TRANSHUMANT_ANIMAL","display":"Transhumant animal"},{"code":"TRANSMISSION_FROM_HUMANS","display":"Transmission from humans"},{"code":"VERTICAL_SPREAD_THROUGH_INFECTED_EGGS_OR_GAMETES","display":"True vertical spread (through infected eggs or gametes)"},{"code":"UNDER_INVESTIGATION","display":"Under investigation"},{"code":"UNKNOWN_OR_INCONCLUSIVE","display":"Unknown or inconclusive"},{"code":"VAMPIRE_BATS","display":"Vampire bats"},{"code":"VECTORS","display":"Vectors"},{"code":"WILD_STRAINS_OF_BRUCELLA_MELITENSIS","display":"Wild strains of Brucella Melitensis"}]}