{"resourceType":"CodeSystem","id":"disease-subtype-cs","text":{"status":"generated","div":"<div xmlns=\"http://www.w3.org/1999/xhtml\"><p>This  code system <code>https://dhis2.org/fhir/CodeSystem/disease-subtype-cs</code> defines the following codes:</p><table class=\"codes\"><tr><td style=\"white-space:nowrap\"><b>Code</b></td><td><b>Display</b></td></tr><tr><td style=\"white-space:nowrap\">SUBTYPE_1<a name=\"disease-subtype-cs-SUBTYPE_1\"> </a></td><td>1</td></tr><tr><td style=\"white-space:nowrap\">SUBTYPE_2<a name=\"disease-subtype-cs-SUBTYPE_2\"> </a></td><td>2</td></tr><tr><td style=\"white-space:nowrap\">SUBTYPE_3<a name=\"disease-subtype-cs-SUBTYPE_3\"> </a></td><td>3</td></tr><tr><td style=\"white-space:nowrap\">SUBTYPE_4<a name=\"disease-subtype-cs-SUBTYPE_4\"> </a></td><td>4</td></tr><tr><td style=\"white-space:nowrap\">SUBTYPE_5<a name=\"disease-subtype-cs-SUBTYPE_5\"> </a></td><td>5</td></tr><tr><td style=\"white-space:nowrap\">SUBTYPE_6<a name=\"disease-subtype-cs-SUBTYPE_6\"> </a></td><td>6</td></tr><tr><td style=\"white-space:nowrap\">SUBTYPE_7<a name=\"disease-subtype-cs-SUBTYPE_7\"> </a></td><td>7</td></tr><tr><td style=\"white-space:nowrap\">SUBTYPE_8<a name=\"disease-subtype-cs-SUBTYPE_8\"> </a></td><td>8</td></tr><tr><td style=\"white-space:nowrap\">SUBTYPE_9<a name=\"disease-subtype-cs-SUBTYPE_9\"> </a></td><td>9</td></tr><tr><td style=\"white-space:nowrap\">SUBTYPE_10<a name=\"disease-subtype-cs-SUBTYPE_10\"> </a></td><td>10</td></tr><tr><td style=\"white-space:nowrap\">SUBTYPE_11<a name=\"disease-subtype-cs-SUBTYPE_11\"> </a></td><td>11</td></tr><tr><td style=\"white-space:nowrap\">SUBTYPE_12<a name=\"disease-subtype-cs-SUBTYPE_12\"> </a></td><td>12</td></tr><tr><td style=\"white-space:nowrap\">SUBTYPE_13<a name=\"disease-subtype-cs-SUBTYPE_13\"> </a></td><td>13</td></tr><tr><td style=\"white-space:nowrap\">SUBTYPE_14<a name=\"disease-subtype-cs-SUBTYPE_14\"> </a></td><td>14</td></tr><tr><td style=\"white-space:nowrap\">SUBTYPE_15<a name=\"disease-subtype-cs-SUBTYPE_15\"> </a></td><td>15</td></tr><tr><td style=\"white-space:nowrap\">SUBTYPE_16<a name=\"disease-subtype-cs-SUBTYPE_16\"> </a></td><td>16</td></tr><tr><td style=\"white-space:nowrap\">SUBTYPE_17<a name=\"disease-subtype-cs-SUBTYPE_17\"> </a></td><td>17</td></tr><tr><td style=\"white-space:nowrap\">SUBTYPE_18<a name=\"disease-subtype-cs-SUBTYPE_18\"> </a></td><td>18</td></tr><tr><td style=\"white-space:nowrap\">SUBTYPE_19<a name=\"disease-subtype-cs-SUBTYPE_19\"> </a></td><td>19</td></tr><tr><td style=\"white-space:nowrap\">SUBTYPE_20<a name=\"disease-subtype-cs-SUBTYPE_20\"> </a></td><td>20</td></tr><tr><td style=\"white-space:nowrap\">SUBTYPE_21<a name=\"disease-subtype-cs-SUBTYPE_21\"> </a></td><td>21</td></tr><tr><td style=\"white-space:nowrap\">SUBTYPE_22<a name=\"disease-subtype-cs-SUBTYPE_22\"> </a></td><td>22</td></tr><tr><td style=\"white-space:nowrap\">SUBTYPE_23<a name=\"disease-subtype-cs-SUBTYPE_23\"> </a></td><td>23</td></tr><tr><td style=\"white-space:nowrap\">SUBTYPE_24<a name=\"disease-subtype-cs-SUBTYPE_24\"> </a></td><td>24</td></tr><tr><td style=\"white-space:nowrap\">SUBTYPE_A<a name=\"disease-subtype-cs-SUBTYPE_A\"> </a></td><td>A</td></tr><tr><td style=\"white-space:nowrap\">SUBTYPE_APMV_I<a name=\"disease-subtype-cs-SUBTYPE_APMV_I\"> </a></td><td>APMV-I</td></tr><tr><td style=\"white-space:nowrap\">SUBTYPE_ASIA_1<a name=\"disease-subtype-cs-SUBTYPE_ASIA_1\"> </a></td><td>Asia 1</td></tr><tr><td style=\"white-space:nowrap\">SUBTYPE_C<a name=\"disease-subtype-cs-SUBTYPE_C\"> </a></td><td>C</td></tr><tr><td style=\"white-space:nowrap\">SUBTYPE_H10N3_LPAI<a name=\"disease-subtype-cs-SUBTYPE_H10N3_LPAI\"> </a></td><td>H10N3 LPAI</td></tr><tr><td style=\"white-space:nowrap\">SUBTYPE_H10N7_LPAI<a name=\"disease-subtype-cs-SUBTYPE_H10N7_LPAI\"> </a></td><td>H10N7 LPAI</td></tr><tr><td style=\"white-space:nowrap\">SUBTYPE_H10N8_LPAI<a name=\"disease-subtype-cs-SUBTYPE_H10N8_LPAI\"> </a></td><td>H10N8 LPAI</td></tr><tr><td style=\"white-space:nowrap\">SUBTYPE_H1N1<a name=\"disease-subtype-cs-SUBTYPE_H1N1\"> </a></td><td>H1N1</td></tr><tr><td style=\"white-space:nowrap\">SUBTYPE_H1N2<a name=\"disease-subtype-cs-SUBTYPE_H1N2\"> </a></td><td>H1N2</td></tr><tr><td style=\"white-space:nowrap\">SUBTYPE_H2N2_LPAI<a name=\"disease-subtype-cs-SUBTYPE_H2N2_LPAI\"> </a></td><td>H2N2 LPAI</td></tr><tr><td style=\"white-space:nowrap\">SUBTYPE_H3_LPAI<a name=\"disease-subtype-cs-SUBTYPE_H3_LPAI\"> </a></td><td>H3 LPAI</td></tr><tr><td style=\"white-space:nowrap\">SUBTYPE_H3N1<a name=\"disease-subtype-cs-SUBTYPE_H3N1\"> </a></td><td>H3N1</td></tr><tr><td style=\"white-space:nowrap\">SUBTYPE_H3N1_LPAI<a name=\"disease-subtype-cs-SUBTYPE_H3N1_LPAI\"> </a></td><td>H3N1 LPAI</td></tr><tr><td style=\"white-space:nowrap\">SUBTYPE_H3N2<a name=\"disease-subtype-cs-SUBTYPE_H3N2\"> </a></td><td>H3N2</td></tr><tr><td style=\"white-space:nowrap\">SUBTYPE_H3N8<a name=\"disease-subtype-cs-SUBTYPE_H3N8\"> </a></td><td>H3N8</td></tr><tr><td style=\"white-space:nowrap\">SUBTYPE_H3N8_HPAI<a name=\"disease-subtype-cs-SUBTYPE_H3N8_HPAI\"> </a></td><td>H3N8 HPAI</td></tr><tr><td style=\"white-space:nowrap\">SUBTYPE_H3N8_LPAI<a name=\"disease-subtype-cs-SUBTYPE_H3N8_LPAI\"> </a></td><td>H3N8 LPAI</td></tr><tr><td style=\"white-space:nowrap\">SUBTYPE_H5_HPAI<a name=\"disease-subtype-cs-SUBTYPE_H5_HPAI\"> </a></td><td>H5 HPAI</td></tr><tr><td style=\"white-space:nowrap\">SUBTYPE_H5_LPAI<a name=\"disease-subtype-cs-SUBTYPE_H5_LPAI\"> </a></td><td>H5 LPAI</td></tr><tr><td style=\"white-space:nowrap\">SUBTYPE_H5N1_HPAI<a name=\"disease-subtype-cs-SUBTYPE_H5N1_HPAI\"> </a></td><td>H5N1 HPAI</td></tr><tr><td style=\"white-space:nowrap\">SUBTYPE_H5N1_LPAI<a name=\"disease-subtype-cs-SUBTYPE_H5N1_LPAI\"> </a></td><td>H5N1 LPAI</td></tr><tr><td style=\"white-space:nowrap\">SUBTYPE_H5N2_HPAI<a name=\"disease-subtype-cs-SUBTYPE_H5N2_HPAI\"> </a></td><td>H5N2 HPAI</td></tr><tr><td style=\"white-space:nowrap\">SUBTYPE_H5N2_LPAI<a name=\"disease-subtype-cs-SUBTYPE_H5N2_LPAI\"> </a></td><td>H5N2 LPAI</td></tr><tr><td style=\"white-space:nowrap\">SUBTYPE_H5N3_HPAI<a name=\"disease-subtype-cs-SUBTYPE_H5N3_HPAI\"> </a></td><td>H5N3 HPAI</td></tr><tr><td style=\"white-space:nowrap\">SUBTYPE_H5N3_LPAI<a name=\"disease-subtype-cs-SUBTYPE_H5N3_LPAI\"> </a></td><td>H5N3 LPAI</td></tr><tr><td style=\"white-space:nowrap\">SUBTYPE_H5N4_HPAI<a name=\"disease-subtype-cs-SUBTYPE_H5N4_HPAI\"> </a></td><td>H5N4 HPAI</td></tr><tr><td style=\"white-space:nowrap\">SUBTYPE_H5N5_HPAI<a name=\"disease-subtype-cs-SUBTYPE_H5N5_HPAI\"> </a></td><td>H5N5 HPAI</td></tr><tr><td style=\"white-space:nowrap\">SUBTYPE_H5N5_LPAI<a name=\"disease-subtype-cs-SUBTYPE_H5N5_LPAI\"> </a></td><td>H5N5 LPAI</td></tr><tr><td style=\"white-space:nowrap\">SUBTYPE_H5N6_HPAI<a name=\"disease-subtype-cs-SUBTYPE_H5N6_HPAI\"> </a></td><td>H5N6 HPAI</td></tr><tr><td style=\"white-space:nowrap\">SUBTYPE_H5N6_LPAI<a name=\"disease-subtype-cs-SUBTYPE_H5N6_LPAI\"> </a></td><td>H5N6 LPAI</td></tr><tr><td style=\"white-space:nowrap\">SUBTYPE_H5N8_HPAI<a name=\"disease-subtype-cs-SUBTYPE_H5N8_HPAI\"> </a></td><td>H5N8 HPAI</td></tr><tr><td style=\"white-space:nowrap\">SUBTYPE_H5N8_LPAI<a name=\"disease-subtype-cs-SUBTYPE_H5N8_LPAI\"> </a></td><td>H5N8 LPAI</td></tr><tr><td style=\"white-space:nowrap\">SUBTYPE_H5N9_HPAI<a name=\"disease-subtype-cs-SUBTYPE_H5N9_HPAI\"> </a></td><td>H5N9 HPAI</td></tr><tr><td style=\"white-space:nowrap\">SUBTYPE_H5N9_LPAI<a name=\"disease-subtype-cs-SUBTYPE_H5N9_LPAI\"> </a></td><td>H5N9 LPAI</td></tr><tr><td style=\"white-space:nowrap\">SUBTYPE_H6N2_LPAI<a name=\"disease-subtype-cs-SUBTYPE_H6N2_LPAI\"> </a></td><td>H6N2 LPAI</td></tr><tr><td style=\"white-space:nowrap\">SUBTYPE_H7_HPAI<a name=\"disease-subtype-cs-SUBTYPE_H7_HPAI\"> </a></td><td>H7 HPAI</td></tr><tr><td style=\"white-space:nowrap\">SUBTYPE_H7_LPAI<a name=\"disease-subtype-cs-SUBTYPE_H7_LPAI\"> </a></td><td>H7 LPAI</td></tr><tr><td style=\"white-space:nowrap\">SUBTYPE_H7N1_HPAI<a name=\"disease-subtype-cs-SUBTYPE_H7N1_HPAI\"> </a></td><td>H7N1 HPAI</td></tr><tr><td style=\"white-space:nowrap\">SUBTYPE_H7N1_LPAI<a name=\"disease-subtype-cs-SUBTYPE_H7N1_LPAI\"> </a></td><td>H7N1 LPAI</td></tr><tr><td style=\"white-space:nowrap\">SUBTYPE_H7N2_HPAI<a name=\"disease-subtype-cs-SUBTYPE_H7N2_HPAI\"> </a></td><td>H7N2 HPAI</td></tr><tr><td style=\"white-space:nowrap\">SUBTYPE_H7N2_LPAI<a name=\"disease-subtype-cs-SUBTYPE_H7N2_LPAI\"> </a></td><td>H7N2 LPAI</td></tr><tr><td style=\"white-space:nowrap\">SUBTYPE_H7N3_HPAI<a name=\"disease-subtype-cs-SUBTYPE_H7N3_HPAI\"> </a></td><td>H7N3 HPAI</td></tr><tr><td style=\"white-space:nowrap\">SUBTYPE_H7N3_LPAI<a name=\"disease-subtype-cs-SUBTYPE_H7N3_LPAI\"> </a></td><td>H7N3 LPAI</td></tr><tr><td style=\"white-space:nowrap\">SUBTYPE_H7N4_LPAI<a name=\"disease-subtype-cs-SUBTYPE_H7N4_LPAI\"> </a></td><td>H7N4 LPAI</td></tr><tr><td style=\"white-space:nowrap\">SUBTYPE_H7N6_LPAI<a name=\"disease-subtype-cs-SUBTYPE_H7N6_LPAI\"> </a></td><td>H7N6 LPAI</td></tr><tr><td style=\"white-space:nowrap\">SUBTYPE_H7N7<a name=\"disease-subtype-cs-SUBTYPE_H7N7\"> </a></td><td>H7N7</td></tr><tr><td style=\"white-space:nowrap\">SUBTYPE_H7N7_HPAI<a name=\"disease-subtype-cs-SUBTYPE_H7N7_HPAI\"> </a></td><td>H7N7 HPAI</td></tr><tr><td style=\"white-space:nowrap\">SUBTYPE_H7N7_LPAI<a name=\"disease-subtype-cs-SUBTYPE_H7N7_LPAI\"> </a></td><td>H7N7 LPAI</td></tr><tr><td style=\"white-space:nowrap\">SUBTYPE_H7N8_LPAI<a name=\"disease-subtype-cs-SUBTYPE_H7N8_LPAI\"> </a></td><td>H7N8 LPAI</td></tr><tr><td style=\"white-space:nowrap\">SUBTYPE_H7N9_HPAI<a name=\"disease-subtype-cs-SUBTYPE_H7N9_HPAI\"> </a></td><td>H7N9 HPAI</td></tr><tr><td style=\"white-space:nowrap\">SUBTYPE_H7N9_LPAI<a name=\"disease-subtype-cs-SUBTYPE_H7N9_LPAI\"> </a></td><td>H7N9 LPAI</td></tr><tr><td style=\"white-space:nowrap\">SUBTYPE_H9_LPAI<a name=\"disease-subtype-cs-SUBTYPE_H9_LPAI\"> </a></td><td>H9 LPAI</td></tr><tr><td style=\"white-space:nowrap\">SUBTYPE_H9N1_LPAI<a name=\"disease-subtype-cs-SUBTYPE_H9N1_LPAI\"> </a></td><td>H9N1 LPAI</td></tr><tr><td style=\"white-space:nowrap\">SUBTYPE_H9N2_HPAI<a name=\"disease-subtype-cs-SUBTYPE_H9N2_HPAI\"> </a></td><td>H9N2 HPAI</td></tr><tr><td style=\"white-space:nowrap\">SUBTYPE_H9N2_LPAI<a name=\"disease-subtype-cs-SUBTYPE_H9N2_LPAI\"> </a></td><td>H9N2 LPAI</td></tr><tr><td style=\"white-space:nowrap\">SUBTYPE_HPAI<a name=\"disease-subtype-cs-SUBTYPE_HPAI\"> </a></td><td>HPAI</td></tr><tr><td style=\"white-space:nowrap\">SUBTYPE_INDIANA<a name=\"disease-subtype-cs-SUBTYPE_INDIANA\"> </a></td><td>Indiana</td></tr><tr><td style=\"white-space:nowrap\">SUBTYPE_JAGAR_01<a name=\"disease-subtype-cs-SUBTYPE_JAGAR_01\"> </a></td><td>JaGAr-01</td></tr><tr><td style=\"white-space:nowrap\">SUBTYPE_LPAI<a name=\"disease-subtype-cs-SUBTYPE_LPAI\"> </a></td><td>LPAI</td></tr><tr><td style=\"white-space:nowrap\">SUBTYPE_NAKAYAMA<a name=\"disease-subtype-cs-SUBTYPE_NAKAYAMA\"> </a></td><td>Nakayama</td></tr><tr><td style=\"white-space:nowrap\">SUBTYPE_NEW_JERSEY<a name=\"disease-subtype-cs-SUBTYPE_NEW_JERSEY\"> </a></td><td>New Jersey</td></tr><tr><td style=\"white-space:nowrap\">SUBTYPE_NOT_SPECIFIED<a name=\"disease-subtype-cs-SUBTYPE_NOT_SPECIFIED\"> </a></td><td>Not specified</td></tr><tr><td style=\"white-space:nowrap\">SUBTYPE_O<a name=\"disease-subtype-cs-SUBTYPE_O\"> </a></td><td>O</td></tr><tr><td style=\"white-space:nowrap\">SUBTYPE_RABV<a name=\"disease-subtype-cs-SUBTYPE_RABV\"> </a></td><td>RABV</td></tr><tr><td style=\"white-space:nowrap\">SUBTYPE_RHDV1<a name=\"disease-subtype-cs-SUBTYPE_RHDV1\"> </a></td><td>RHDV1</td></tr><tr><td style=\"white-space:nowrap\">SUBTYPE_RHDV2<a name=\"disease-subtype-cs-SUBTYPE_RHDV2\"> </a></td><td>RHDV2</td></tr><tr><td style=\"white-space:nowrap\">SUBTYPE_SAT1<a name=\"disease-subtype-cs-SUBTYPE_SAT1\"> </a></td><td>SAT1</td></tr><tr><td style=\"white-space:nowrap\">SUBTYPE_SAT2<a name=\"disease-subtype-cs-SUBTYPE_SAT2\"> </a></td><td>SAT2</td></tr><tr><td style=\"white-space:nowrap\">SUBTYPE_SAT3<a name=\"disease-subtype-cs-SUBTYPE_SAT3\"> </a></td><td>SAT3</td></tr><tr><td style=\"white-space:nowrap\">SUBTYPE_H7N6_HPAI<a name=\"disease-subtype-cs-SUBTYPE_H7N6_HPAI\"> </a></td><td>H7N6 HPAI</td></tr></table></div>"},"url":"https://dhis2.org/fhir/CodeSystem/disease-subtype-cs","version":"0.1.0","name":"DiseaseSubtypeCS","title":"Disease Subtype Code System","status":"draft","date":"2024-04-12T09:40:09+00:00","publisher":"DHIS2","contact":[{"name":"DHIS2","telecom":[{"system":"url","value":"https://dhis2.org"},{"system":"email","value":"johan.hole@dhis2.org"}]}],"description":"Code system for disease subtypes.","content":"complete","count":94,"concept":[{"code":"SUBTYPE_1","display":"1"},{"code":"SUBTYPE_2","display":"2"},{"code":"SUBTYPE_3","display":"3"},{"code":"SUBTYPE_4","display":"4"},{"code":"SUBTYPE_5","display":"5"},{"code":"SUBTYPE_6","display":"6"},{"code":"SUBTYPE_7","display":"7"},{"code":"SUBTYPE_8","display":"8"},{"code":"SUBTYPE_9","display":"9"},{"code":"SUBTYPE_10","display":"10"},{"code":"SUBTYPE_11","display":"11"},{"code":"SUBTYPE_12","display":"12"},{"code":"SUBTYPE_13","display":"13"},{"code":"SUBTYPE_14","display":"14"},{"code":"SUBTYPE_15","display":"15"},{"code":"SUBTYPE_16","display":"16"},{"code":"SUBTYPE_17","display":"17"},{"code":"SUBTYPE_18","display":"18"},{"code":"SUBTYPE_19","display":"19"},{"code":"SUBTYPE_20","display":"20"},{"code":"SUBTYPE_21","display":"21"},{"code":"SUBTYPE_22","display":"22"},{"code":"SUBTYPE_23","display":"23"},{"code":"SUBTYPE_24","display":"24"},{"code":"SUBTYPE_A","display":"A"},{"code":"SUBTYPE_APMV_I","display":"APMV-I"},{"code":"SUBTYPE_ASIA_1","display":"Asia 1"},{"code":"SUBTYPE_C","display":"C"},{"code":"SUBTYPE_H10N3_LPAI","display":"H10N3 LPAI"},{"code":"SUBTYPE_H10N7_LPAI","display":"H10N7 LPAI"},{"code":"SUBTYPE_H10N8_LPAI","display":"H10N8 LPAI"},{"code":"SUBTYPE_H1N1","display":"H1N1"},{"code":"SUBTYPE_H1N2","display":"H1N2"},{"code":"SUBTYPE_H2N2_LPAI","display":"H2N2 LPAI"},{"code":"SUBTYPE_H3_LPAI","display":"H3 LPAI"},{"code":"SUBTYPE_H3N1","display":"H3N1"},{"code":"SUBTYPE_H3N1_LPAI","display":"H3N1 LPAI"},{"code":"SUBTYPE_H3N2","display":"H3N2"},{"code":"SUBTYPE_H3N8","display":"H3N8"},{"code":"SUBTYPE_H3N8_HPAI","display":"H3N8 HPAI"},{"code":"SUBTYPE_H3N8_LPAI","display":"H3N8 LPAI"},{"code":"SUBTYPE_H5_HPAI","display":"H5 HPAI"},{"code":"SUBTYPE_H5_LPAI","display":"H5 LPAI"},{"code":"SUBTYPE_H5N1_HPAI","display":"H5N1 HPAI"},{"code":"SUBTYPE_H5N1_LPAI","display":"H5N1 LPAI"},{"code":"SUBTYPE_H5N2_HPAI","display":"H5N2 HPAI"},{"code":"SUBTYPE_H5N2_LPAI","display":"H5N2 LPAI"},{"code":"SUBTYPE_H5N3_HPAI","display":"H5N3 HPAI"},{"code":"SUBTYPE_H5N3_LPAI","display":"H5N3 LPAI"},{"code":"SUBTYPE_H5N4_HPAI","display":"H5N4 HPAI"},{"code":"SUBTYPE_H5N5_HPAI","display":"H5N5 HPAI"},{"code":"SUBTYPE_H5N5_LPAI","display":"H5N5 LPAI"},{"code":"SUBTYPE_H5N6_HPAI","display":"H5N6 HPAI"},{"code":"SUBTYPE_H5N6_LPAI","display":"H5N6 LPAI"},{"code":"SUBTYPE_H5N8_HPAI","display":"H5N8 HPAI"},{"code":"SUBTYPE_H5N8_LPAI","display":"H5N8 LPAI"},{"code":"SUBTYPE_H5N9_HPAI","display":"H5N9 HPAI"},{"code":"SUBTYPE_H5N9_LPAI","display":"H5N9 LPAI"},{"code":"SUBTYPE_H6N2_LPAI","display":"H6N2 LPAI"},{"code":"SUBTYPE_H7_HPAI","display":"H7 HPAI"},{"code":"SUBTYPE_H7_LPAI","display":"H7 LPAI"},{"code":"SUBTYPE_H7N1_HPAI","display":"H7N1 HPAI"},{"code":"SUBTYPE_H7N1_LPAI","display":"H7N1 LPAI"},{"code":"SUBTYPE_H7N2_HPAI","display":"H7N2 HPAI"},{"code":"SUBTYPE_H7N2_LPAI","display":"H7N2 LPAI"},{"code":"SUBTYPE_H7N3_HPAI","display":"H7N3 HPAI"},{"code":"SUBTYPE_H7N3_LPAI","display":"H7N3 LPAI"},{"code":"SUBTYPE_H7N4_LPAI","display":"H7N4 LPAI"},{"code":"SUBTYPE_H7N6_LPAI","display":"H7N6 LPAI"},{"code":"SUBTYPE_H7N7","display":"H7N7"},{"code":"SUBTYPE_H7N7_HPAI","display":"H7N7 HPAI"},{"code":"SUBTYPE_H7N7_LPAI","display":"H7N7 LPAI"},{"code":"SUBTYPE_H7N8_LPAI","display":"H7N8 LPAI"},{"code":"SUBTYPE_H7N9_HPAI","display":"H7N9 HPAI"},{"code":"SUBTYPE_H7N9_LPAI","display":"H7N9 LPAI"},{"code":"SUBTYPE_H9_LPAI","display":"H9 LPAI"},{"code":"SUBTYPE_H9N1_LPAI","display":"H9N1 LPAI"},{"code":"SUBTYPE_H9N2_HPAI","display":"H9N2 HPAI"},{"code":"SUBTYPE_H9N2_LPAI","display":"H9N2 LPAI"},{"code":"SUBTYPE_HPAI","display":"HPAI"},{"code":"SUBTYPE_INDIANA","display":"Indiana"},{"code":"SUBTYPE_JAGAR_01","display":"JaGAr-01"},{"code":"SUBTYPE_LPAI","display":"LPAI"},{"code":"SUBTYPE_NAKAYAMA","display":"Nakayama"},{"code":"SUBTYPE_NEW_JERSEY","display":"New Jersey"},{"code":"SUBTYPE_NOT_SPECIFIED","display":"Not specified"},{"code":"SUBTYPE_O","display":"O"},{"code":"SUBTYPE_RABV","display":"RABV"},{"code":"SUBTYPE_RHDV1","display":"RHDV1"},{"code":"SUBTYPE_RHDV2","display":"RHDV2"},{"code":"SUBTYPE_SAT1","display":"SAT1"},{"code":"SUBTYPE_SAT2","display":"SAT2"},{"code":"SUBTYPE_SAT3","display":"SAT3"},{"code":"SUBTYPE_H7N6_HPAI","display":"H7N6 HPAI"}]}