{"resourceType":"CodeSystem","id":"yes-no-unknown-cs","text":{"status":"generated","div":"<div xmlns=\"http://www.w3.org/1999/xhtml\"><p>This  code system <code>https://dhis2.org/fhir/CodeSystem/yes-no-unknown-cs</code> defines the following codes:</p><table class=\"codes\"><tr><td style=\"white-space:nowrap\"><b>Code</b></td><td><b>Display</b></td></tr><tr><td style=\"white-space:nowrap\">YES<a name=\"yes-no-unknown-cs-YES\"> </a></td><td>Yes</td></tr><tr><td style=\"white-space:nowrap\">NO<a name=\"yes-no-unknown-cs-NO\"> </a></td><td>No</td></tr><tr><td style=\"white-space:nowrap\">UNKNOWN<a name=\"yes-no-unknown-cs-UNKNOWN\"> </a></td><td>Unknown</td></tr></table></div>"},"url":"https://dhis2.org/fhir/CodeSystem/yes-no-unknown-cs","version":"0.1.0","name":"YesNoUnknownCS","title":"Yes/No/Unknown Code System","status":"draft","date":"2024-04-17T10:25:03+00:00","publisher":"DHIS2","contact":[{"name":"DHIS2","telecom":[{"system":"url","value":"https://dhis2.org"},{"system":"email","value":"johan.hole@dhis2.org"}]}],"description":"Code system for yes, no, and unknown responses.","content":"complete","count":3,"concept":[{"code":"YES","display":"Yes"},{"code":"NO","display":"No"},{"code":"UNKNOWN","display":"Unknown"}]}