{"resourceType":"CodeSystem","id":"animal-class-cs","text":{"status":"generated","div":"<div xmlns=\"http://www.w3.org/1999/xhtml\"><p>This  code system <code>https://dhis2.org/fhir/CodeSystem/animal-class-cs</code> defines the following codes:</p><table class=\"codes\"><tr><td style=\"white-space:nowrap\"><b>Code</b></td><td><b>Display</b></td></tr><tr><td style=\"white-space:nowrap\">BIRDS<a name=\"animal-class-cs-BIRDS\"> </a></td><td>Birds</td></tr><tr><td style=\"white-space:nowrap\">MAMMAL<a name=\"animal-class-cs-MAMMAL\"> </a></td><td>Mammal</td></tr><tr><td style=\"white-space:nowrap\">ARTHROPOD<a name=\"animal-class-cs-ARTHROPOD\"> </a></td><td>Arthropod</td></tr><tr><td style=\"white-space:nowrap\">FISH<a name=\"animal-class-cs-FISH\"> </a></td><td>Fish</td></tr><tr><td style=\"white-space:nowrap\">CRUSTACEANS<a name=\"animal-class-cs-CRUSTACEANS\"> </a></td><td>Crustaceans</td></tr><tr><td style=\"white-space:nowrap\">UNKNOWN<a name=\"animal-class-cs-UNKNOWN\"> </a></td><td>Unknown</td></tr><tr><td style=\"white-space:nowrap\">ENVIRONMENTAL_SAMPLE<a name=\"animal-class-cs-ENVIRONMENTAL_SAMPLE\"> </a></td><td>Environmental sample</td></tr><tr><td style=\"white-space:nowrap\">MOLLUSKS<a name=\"animal-class-cs-MOLLUSKS\"> </a></td><td>Mollusks</td></tr><tr><td style=\"white-space:nowrap\">AMPHIBIANS<a name=\"animal-class-cs-AMPHIBIANS\"> </a></td><td>Amphibians</td></tr><tr><td style=\"white-space:nowrap\">REPTILES<a name=\"animal-class-cs-REPTILES\"> </a></td><td>Reptiles</td></tr></table></div>"},"url":"https://dhis2.org/fhir/CodeSystem/animal-class-cs","version":"0.1.0","name":"AnimalClassCS","title":"Animal Class Code System","status":"draft","date":"2024-04-16T08:28:58+00:00","publisher":"DHIS2","contact":[{"name":"DHIS2","telecom":[{"system":"url","value":"https://dhis2.org"},{"system":"email","value":"johan.hole@dhis2.org"}]}],"description":"Code system for classifying types of animals.","content":"complete","count":10,"concept":[{"code":"BIRDS","display":"Birds"},{"code":"MAMMAL","display":"Mammal"},{"code":"ARTHROPOD","display":"Arthropod"},{"code":"FISH","display":"Fish"},{"code":"CRUSTACEANS","display":"Crustaceans"},{"code":"UNKNOWN","display":"Unknown"},{"code":"ENVIRONMENTAL_SAMPLE","display":"Environmental sample"},{"code":"MOLLUSKS","display":"Mollusks"},{"code":"AMPHIBIANS","display":"Amphibians"},{"code":"REPTILES","display":"Reptiles"}]}