{"resourceType":"CodeSystem","id":"diagnostic-source-cs","text":{"status":"generated","div":"<div xmlns=\"http://www.w3.org/1999/xhtml\"><p>This  code system <code>https://dhis2.org/fhir/CodeSystem/diagnostic-source-cs</code> defines the following codes:</p><table class=\"codes\"><tr><td style=\"white-space:nowrap\"><b>Code</b></td><td><b>Display</b></td></tr><tr><td style=\"white-space:nowrap\">ADT1<a name=\"diagnostic-source-cs-ADT1\"> </a></td><td>ADT1</td></tr><tr><td style=\"white-space:nowrap\">ADT2<a name=\"diagnostic-source-cs-ADT2\"> </a></td><td>ADT2</td></tr><tr><td style=\"white-space:nowrap\">ADT3<a name=\"diagnostic-source-cs-ADT3\"> </a></td><td>ADT3</td></tr><tr><td style=\"white-space:nowrap\">AHDG_KRG<a name=\"diagnostic-source-cs-AHDG_KRG\"> </a></td><td>Animal Health Department-Veterinary Directorate by Governorate (AHDG-KRG)</td></tr><tr><td style=\"white-space:nowrap\">ANIMAL_HEALTH_DIRECTORATE_AHD_KRG<a name=\"diagnostic-source-cs-ANIMAL_HEALTH_DIRECTORATE_AHD_KRG\"> </a></td><td>Animal Health Directorate (AHD) (KRG)</td></tr><tr><td style=\"white-space:nowrap\">ANIMAL_HEALTH_INSPECTOR_AHI<a name=\"diagnostic-source-cs-ANIMAL_HEALTH_INSPECTOR_AHI\"> </a></td><td>Animal Health Inspector (AHI)</td></tr><tr><td style=\"white-space:nowrap\">ATO<a name=\"diagnostic-source-cs-ATO\"> </a></td><td>ATO</td></tr><tr><td style=\"white-space:nowrap\">CENTRAL_TVLA_TVLA<a name=\"diagnostic-source-cs-CENTRAL_TVLA_TVLA\"> </a></td><td>Central TVLA (TVLA)</td></tr><tr><td style=\"white-space:nowrap\">CENTRAL_VETERINARY_LABORATORY_HEAD_OFFICE_CVL<a name=\"diagnostic-source-cs-CENTRAL_VETERINARY_LABORATORY_HEAD_OFFICE_CVL\"> </a></td><td>Central Veterinary Laboratory-Head Office (CVL)</td></tr><tr><td style=\"white-space:nowrap\">CENTRAL_VETRINARY_LABORATORY_BAGHDAD_CVLB<a name=\"diagnostic-source-cs-CENTRAL_VETRINARY_LABORATORY_BAGHDAD_CVLB\"> </a></td><td>Central Vetrinary Laboratory-Baghdad (CVLB)</td></tr><tr><td style=\"white-space:nowrap\">CENTRAL_VETRINARY_LABORATORY_ERBIL_CVLE<a name=\"diagnostic-source-cs-CENTRAL_VETRINARY_LABORATORY_ERBIL_CVLE\"> </a></td><td>Central Vetrinary Laboratory-Erbil (CVLE)</td></tr><tr><td style=\"white-space:nowrap\">CHIEF_ANIMAL_HEALTH_INSPECTOR_CAHI<a name=\"diagnostic-source-cs-CHIEF_ANIMAL_HEALTH_INSPECTOR_CAHI\"> </a></td><td>Chief Animal health Inspector (CAHI)</td></tr><tr><td style=\"white-space:nowrap\">CNASA<a name=\"diagnostic-source-cs-CNASA\"> </a></td><td>CNASA</td></tr><tr><td style=\"white-space:nowrap\">COMMUNITY_ANIMAL_HEALTH_WORKER_CAHW<a name=\"diagnostic-source-cs-COMMUNITY_ANIMAL_HEALTH_WORKER_CAHW\"> </a></td><td>Community Animal Health Worker (CAHW)</td></tr><tr><td style=\"white-space:nowrap\">DAP<a name=\"diagnostic-source-cs-DAP\"> </a></td><td>DAP</td></tr><tr><td style=\"white-space:nowrap\">DD/DR<a name=\"diagnostic-source-cs-DD.47DR\"> </a></td><td>DD/DR</td></tr><tr><td style=\"white-space:nowrap\">DIRECTOR_OF_FORESTRY<a name=\"diagnostic-source-cs-DIRECTOR_OF_FORESTRY\"> </a></td><td>Director of Forestry</td></tr><tr><td style=\"white-space:nowrap\">DIRECTOR_OF_LIVESTOCK_AND_VETERINARY_SERVICES<a name=\"diagnostic-source-cs-DIRECTOR_OF_LIVESTOCK_AND_VETERINARY_SERVICES\"> </a></td><td>Director of Livestock and Veterinary Services</td></tr><tr><td style=\"white-space:nowrap\">DISTRICT_AGRICULTURE_OFFICER_DAO<a name=\"diagnostic-source-cs-DISTRICT_AGRICULTURE_OFFICER_DAO\"> </a></td><td>District Agriculture Officer (DAO)</td></tr><tr><td style=\"white-space:nowrap\">DLO1<a name=\"diagnostic-source-cs-DLO1\"> </a></td><td>DLO1</td></tr><tr><td style=\"white-space:nowrap\">DLO2<a name=\"diagnostic-source-cs-DLO2\"> </a></td><td>DLO2</td></tr><tr><td style=\"white-space:nowrap\">DNSV<a name=\"diagnostic-source-cs-DNSV\"> </a></td><td>DNSV</td></tr><tr><td style=\"white-space:nowrap\">DPASV<a name=\"diagnostic-source-cs-DPASV\"> </a></td><td>DPASV</td></tr><tr><td style=\"white-space:nowrap\">DVL<a name=\"diagnostic-source-cs-DVL\"> </a></td><td>DVL</td></tr><tr><td style=\"white-space:nowrap\">DVO1<a name=\"diagnostic-source-cs-DVO1\"> </a></td><td>DVO1</td></tr><tr><td style=\"white-space:nowrap\">DVO2<a name=\"diagnostic-source-cs-DVO2\"> </a></td><td>DVO2</td></tr><tr><td style=\"white-space:nowrap\">DVO3<a name=\"diagnostic-source-cs-DVO3\"> </a></td><td>DVO3</td></tr><tr><td style=\"white-space:nowrap\">DVS<a name=\"diagnostic-source-cs-DVS\"> </a></td><td>DVS</td></tr><tr><td style=\"white-space:nowrap\">EC<a name=\"diagnostic-source-cs-EC\"> </a></td><td>EC</td></tr><tr><td style=\"white-space:nowrap\">EIOS<a name=\"diagnostic-source-cs-EIOS\"> </a></td><td>EIOS</td></tr><tr><td style=\"white-space:nowrap\">EPIDEMIOLOGY_DEPARTMENT_ED_FEDERAL<a name=\"diagnostic-source-cs-EPIDEMIOLOGY_DEPARTMENT_ED_FEDERAL\"> </a></td><td>Epidemiology Department (ED-Federal)</td></tr><tr><td style=\"white-space:nowrap\">EPIDEMIOLOGY_UNIT_VETERINAY_HOSPITAL_EUVH<a name=\"diagnostic-source-cs-EPIDEMIOLOGY_UNIT_VETERINAY_HOSPITAL_EUVH\"> </a></td><td>Epidemiology Unit-Veterinay Hospital (EUVH)</td></tr><tr><td style=\"white-space:nowrap\">EPI_UNIT_DVS<a name=\"diagnostic-source-cs-EPI_UNIT_DVS\"> </a></td><td>Epi Unit (DVS)</td></tr><tr><td style=\"white-space:nowrap\">FAO_ECTAD_RAF<a name=\"diagnostic-source-cs-FAO_ECTAD_RAF\"> </a></td><td>FAO ECTAD RAF</td></tr><tr><td style=\"white-space:nowrap\">FAO_FIELD_OFFICER<a name=\"diagnostic-source-cs-FAO_FIELD_OFFICER\"> </a></td><td>FAO Field Officer</td></tr><tr><td style=\"white-space:nowrap\">FAO_OFFICER<a name=\"diagnostic-source-cs-FAO_OFFICER\"> </a></td><td>FAO Officer</td></tr><tr><td style=\"white-space:nowrap\">FAO_REPORT<a name=\"diagnostic-source-cs-FAO_REPORT\"> </a></td><td>FAO-Report</td></tr><tr><td style=\"white-space:nowrap\">FVO<a name=\"diagnostic-source-cs-FVO\"> </a></td><td>Field Veterinary Officer from Veterinary Dispensay (FVO)</td></tr><tr><td style=\"white-space:nowrap\">GHANA_HEALTH_SERVICE<a name=\"diagnostic-source-cs-GHANA_HEALTH_SERVICE\"> </a></td><td>Ghana Health Service</td></tr><tr><td style=\"white-space:nowrap\">GLEWS_OFFICER<a name=\"diagnostic-source-cs-GLEWS_OFFICER\"> </a></td><td>GLEWS officer</td></tr><tr><td style=\"white-space:nowrap\">GOVERNORATE_VETERINARY_LABORATOYGVL<a name=\"diagnostic-source-cs-GOVERNORATE_VETERINARY_LABORATOYGVL\"> </a></td><td>Governorate Veterinary Laboratoy(GVL)</td></tr><tr><td style=\"white-space:nowrap\">GPHIN<a name=\"diagnostic-source-cs-GPHIN\"> </a></td><td>GPHIN</td></tr><tr><td style=\"white-space:nowrap\">HEALTH_MAP<a name=\"diagnostic-source-cs-HEALTH_MAP\"> </a></td><td>Health Map</td></tr><tr><td style=\"white-space:nowrap\">INTERNATIONAL_REFERENCE_LABOARATORY_IRL<a name=\"diagnostic-source-cs-INTERNATIONAL_REFERENCE_LABOARATORY_IRL\"> </a></td><td>International Reference Laboaratory (IRL)</td></tr><tr><td style=\"white-space:nowrap\">INTERNATIONAL_REFERENCE_LABORATORY<a name=\"diagnostic-source-cs-INTERNATIONAL_REFERENCE_LABORATORY\"> </a></td><td>International reference laboratory</td></tr><tr><td style=\"white-space:nowrap\">LANADA<a name=\"diagnostic-source-cs-LANADA\"> </a></td><td>LANADA</td></tr><tr><td style=\"white-space:nowrap\">LCV<a name=\"diagnostic-source-cs-LCV\"> </a></td><td>LCV</td></tr><tr><td style=\"white-space:nowrap\">LIVESTOCK_ASSISTANT<a name=\"diagnostic-source-cs-LIVESTOCK_ASSISTANT\"> </a></td><td>Livestock Assistant</td></tr><tr><td style=\"white-space:nowrap\">LIVESTOCK_INSPECTOR<a name=\"diagnostic-source-cs-LIVESTOCK_INSPECTOR\"> </a></td><td>Livestock Inspector</td></tr><tr><td style=\"white-space:nowrap\">LIVESTOCK_OFFICER<a name=\"diagnostic-source-cs-LIVESTOCK_OFFICER\"> </a></td><td>Livestock officer</td></tr><tr><td style=\"white-space:nowrap\">MANAGEMENT_INFORMATION_SYSTEMS_MIS<a name=\"diagnostic-source-cs-MANAGEMENT_INFORMATION_SYSTEMS_MIS\"> </a></td><td>Management Information Systems (MIS)</td></tr><tr><td style=\"white-space:nowrap\">MEDIA<a name=\"diagnostic-source-cs-MEDIA\"> </a></td><td>Media</td></tr><tr><td style=\"white-space:nowrap\">MOZAMBIQUE_HEALTH_SERVICE<a name=\"diagnostic-source-cs-MOZAMBIQUE_HEALTH_SERVICE\"> </a></td><td>Mozambique Health service</td></tr><tr><td style=\"white-space:nowrap\">NADDEC<a name=\"diagnostic-source-cs-NADDEC\"> </a></td><td>NADDEC</td></tr><tr><td style=\"white-space:nowrap\">NATIONAL_AUTHORITIES<a name=\"diagnostic-source-cs-NATIONAL_AUTHORITIES\"> </a></td><td>National authorities</td></tr><tr><td style=\"white-space:nowrap\">NATIONAL_INSTITUTE_FOR_COMMUNICABLE_DISEASES,_NICD<a name=\"diagnostic-source-cs-NATIONAL_INSTITUTE_FOR_COMMUNICABLE_DISEASES.44_NICD\"> </a></td><td>National Institute for Communicable Diseases, NICD</td></tr><tr><td style=\"white-space:nowrap\">OIE<a name=\"diagnostic-source-cs-OIE\"> </a></td><td>OIE</td></tr><tr><td style=\"white-space:nowrap\">OTHER<a name=\"diagnostic-source-cs-OTHER\"> </a></td><td>Other</td></tr><tr><td style=\"white-space:nowrap\">PREVENT_TRANSPORT_POULTRY_PRODUCT_OUT_REGION<a name=\"diagnostic-source-cs-PREVENT_TRANSPORT_POULTRY_PRODUCT_OUT_REGION\"> </a></td><td>Prevent transport and poultry product out of the region</td></tr><tr><td style=\"white-space:nowrap\">PROVINCIAL_VETERINARY_OFFICER_PVO<a name=\"diagnostic-source-cs-PROVINCIAL_VETERINARY_OFFICER_PVO\"> </a></td><td>Provincial Veterinary Officer (PVO)</td></tr><tr><td style=\"white-space:nowrap\">PUBLICATIONS<a name=\"diagnostic-source-cs-PUBLICATIONS\"> </a></td><td>Publications</td></tr><tr><td style=\"white-space:nowrap\">QUARANTINE_OFFICER<a name=\"diagnostic-source-cs-QUARANTINE_OFFICER\"> </a></td><td>Quarantine Officer</td></tr><tr><td style=\"white-space:nowrap\">RVO<a name=\"diagnostic-source-cs-RVO\"> </a></td><td>RVO</td></tr><tr><td style=\"white-space:nowrap\">SEQUENCE_ONLY<a name=\"diagnostic-source-cs-SEQUENCE_ONLY\"> </a></td><td>Sequence only</td></tr><tr><td style=\"white-space:nowrap\">SURVEILLANCE_OFFICER<a name=\"diagnostic-source-cs-SURVEILLANCE_OFFICER\"> </a></td><td>Surveillance Officer</td></tr><tr><td style=\"white-space:nowrap\">UEMOA<a name=\"diagnostic-source-cs-UEMOA\"> </a></td><td>UEMOA</td></tr><tr><td style=\"white-space:nowrap\">UN_FIELD_OFFICER<a name=\"diagnostic-source-cs-UN_FIELD_OFFICER\"> </a></td><td>UN Field Officer</td></tr><tr><td style=\"white-space:nowrap\">US_NAVAL_MEDICAL_RESEARCH_UNIT_NO_3<a name=\"diagnostic-source-cs-US_NAVAL_MEDICAL_RESEARCH_UNIT_NO_3\"> </a></td><td>U.S. Naval Medical Research Unit No. 3</td></tr><tr><td style=\"white-space:nowrap\">VETERINARIAN_FROM_PRIVATE_VETERINARY_CLINIC_VPVC<a name=\"diagnostic-source-cs-VETERINARIAN_FROM_PRIVATE_VETERINARY_CLINIC_VPVC\"> </a></td><td>Veterinarian from Private Veterinary Clinic (VPVC)</td></tr><tr><td style=\"white-space:nowrap\">VETERINARY_EXTENSION_WORKER_VEW<a name=\"diagnostic-source-cs-VETERINARY_EXTENSION_WORKER_VEW\"> </a></td><td>Veterinary Extension Worker (VEW)</td></tr><tr><td style=\"white-space:nowrap\">WHO<a name=\"diagnostic-source-cs-WHO\"> </a></td><td>WHO</td></tr><tr><td style=\"white-space:nowrap\">WOAH<a name=\"diagnostic-source-cs-WOAH\"> </a></td><td>WOAH</td></tr><tr><td style=\"white-space:nowrap\">ZTVLA_TVLA<a name=\"diagnostic-source-cs-ZTVLA_TVLA\"> </a></td><td>ZTVLA (TVLA)</td></tr><tr><td style=\"white-space:nowrap\">ZVC_DVS<a name=\"diagnostic-source-cs-ZVC_DVS\"> </a></td><td>ZVC (DVS)</td></tr></table></div>"},"url":"https://dhis2.org/fhir/CodeSystem/diagnostic-source-cs","version":"0.1.0","name":"DiagnosticSourceCS","title":"Diagnostic Source Code System","status":"draft","date":"2024-04-17T10:25:03+00:00","publisher":"DHIS2","contact":[{"name":"DHIS2","telecom":[{"system":"url","value":"https://dhis2.org"},{"system":"email","value":"johan.hole@dhis2.org"}]}],"description":"Code system for diagnostic source.","content":"complete","count":74,"concept":[{"code":"ADT1","display":"ADT1"},{"code":"ADT2","display":"ADT2"},{"code":"ADT3","display":"ADT3"},{"code":"AHDG_KRG","display":"Animal Health Department-Veterinary Directorate by Governorate (AHDG-KRG)"},{"code":"ANIMAL_HEALTH_DIRECTORATE_AHD_KRG","display":"Animal Health Directorate (AHD) (KRG)"},{"code":"ANIMAL_HEALTH_INSPECTOR_AHI","display":"Animal Health Inspector (AHI)"},{"code":"ATO","display":"ATO"},{"code":"CENTRAL_TVLA_TVLA","display":"Central TVLA (TVLA)"},{"code":"CENTRAL_VETERINARY_LABORATORY_HEAD_OFFICE_CVL","display":"Central Veterinary Laboratory-Head Office (CVL)"},{"code":"CENTRAL_VETRINARY_LABORATORY_BAGHDAD_CVLB","display":"Central Vetrinary Laboratory-Baghdad (CVLB)"},{"code":"CENTRAL_VETRINARY_LABORATORY_ERBIL_CVLE","display":"Central Vetrinary Laboratory-Erbil (CVLE)"},{"code":"CHIEF_ANIMAL_HEALTH_INSPECTOR_CAHI","display":"Chief Animal health Inspector (CAHI)"},{"code":"CNASA","display":"CNASA"},{"code":"COMMUNITY_ANIMAL_HEALTH_WORKER_CAHW","display":"Community Animal Health Worker (CAHW)"},{"code":"DAP","display":"DAP"},{"code":"DD/DR","display":"DD/DR"},{"code":"DIRECTOR_OF_FORESTRY","display":"Director of Forestry"},{"code":"DIRECTOR_OF_LIVESTOCK_AND_VETERINARY_SERVICES","display":"Director of Livestock and Veterinary Services"},{"code":"DISTRICT_AGRICULTURE_OFFICER_DAO","display":"District Agriculture Officer (DAO)"},{"code":"DLO1","display":"DLO1"},{"code":"DLO2","display":"DLO2"},{"code":"DNSV","display":"DNSV"},{"code":"DPASV","display":"DPASV"},{"code":"DVL","display":"DVL"},{"code":"DVO1","display":"DVO1"},{"code":"DVO2","display":"DVO2"},{"code":"DVO3","display":"DVO3"},{"code":"DVS","display":"DVS"},{"code":"EC","display":"EC"},{"code":"EIOS","display":"EIOS"},{"code":"EPIDEMIOLOGY_DEPARTMENT_ED_FEDERAL","display":"Epidemiology Department (ED-Federal)"},{"code":"EPIDEMIOLOGY_UNIT_VETERINAY_HOSPITAL_EUVH","display":"Epidemiology Unit-Veterinay Hospital (EUVH)"},{"code":"EPI_UNIT_DVS","display":"Epi Unit (DVS)"},{"code":"FAO_ECTAD_RAF","display":"FAO ECTAD RAF"},{"code":"FAO_FIELD_OFFICER","display":"FAO Field Officer"},{"code":"FAO_OFFICER","display":"FAO Officer"},{"code":"FAO_REPORT","display":"FAO-Report"},{"code":"FVO","display":"Field Veterinary Officer from Veterinary Dispensay (FVO)"},{"code":"GHANA_HEALTH_SERVICE","display":"Ghana Health Service"},{"code":"GLEWS_OFFICER","display":"GLEWS officer"},{"code":"GOVERNORATE_VETERINARY_LABORATOYGVL","display":"Governorate Veterinary Laboratoy(GVL)"},{"code":"GPHIN","display":"GPHIN"},{"code":"HEALTH_MAP","display":"Health Map"},{"code":"INTERNATIONAL_REFERENCE_LABOARATORY_IRL","display":"International Reference Laboaratory (IRL)"},{"code":"INTERNATIONAL_REFERENCE_LABORATORY","display":"International reference laboratory"},{"code":"LANADA","display":"LANADA"},{"code":"LCV","display":"LCV"},{"code":"LIVESTOCK_ASSISTANT","display":"Livestock Assistant"},{"code":"LIVESTOCK_INSPECTOR","display":"Livestock Inspector"},{"code":"LIVESTOCK_OFFICER","display":"Livestock officer"},{"code":"MANAGEMENT_INFORMATION_SYSTEMS_MIS","display":"Management Information Systems (MIS)"},{"code":"MEDIA","display":"Media"},{"code":"MOZAMBIQUE_HEALTH_SERVICE","display":"Mozambique Health service"},{"code":"NADDEC","display":"NADDEC"},{"code":"NATIONAL_AUTHORITIES","display":"National authorities"},{"code":"NATIONAL_INSTITUTE_FOR_COMMUNICABLE_DISEASES,_NICD","display":"National Institute for Communicable Diseases, NICD"},{"code":"OIE","display":"OIE"},{"code":"OTHER","display":"Other"},{"code":"PREVENT_TRANSPORT_POULTRY_PRODUCT_OUT_REGION","display":"Prevent transport and poultry product out of the region"},{"code":"PROVINCIAL_VETERINARY_OFFICER_PVO","display":"Provincial Veterinary Officer (PVO)"},{"code":"PUBLICATIONS","display":"Publications"},{"code":"QUARANTINE_OFFICER","display":"Quarantine Officer"},{"code":"RVO","display":"RVO"},{"code":"SEQUENCE_ONLY","display":"Sequence only"},{"code":"SURVEILLANCE_OFFICER","display":"Surveillance Officer"},{"code":"UEMOA","display":"UEMOA"},{"code":"UN_FIELD_OFFICER","display":"UN Field Officer"},{"code":"US_NAVAL_MEDICAL_RESEARCH_UNIT_NO_3","display":"U.S. Naval Medical Research Unit No. 3"},{"code":"VETERINARIAN_FROM_PRIVATE_VETERINARY_CLINIC_VPVC","display":"Veterinarian from Private Veterinary Clinic (VPVC)"},{"code":"VETERINARY_EXTENSION_WORKER_VEW","display":"Veterinary Extension Worker (VEW)"},{"code":"WHO","display":"WHO"},{"code":"WOAH","display":"WOAH"},{"code":"ZTVLA_TVLA","display":"ZTVLA (TVLA)"},{"code":"ZVC_DVS","display":"ZVC (DVS)"}]}