{"resourceType":"CodeSystem","id":"surveillance-type-cs","text":{"status":"generated","div":"<div xmlns=\"http://www.w3.org/1999/xhtml\"><p>This  code system <code>https://dhis2.org/fhir/CodeSystem/surveillance-type-cs</code> defines the following codes:</p><table class=\"codes\"><tr><td style=\"white-space:nowrap\"><b>Code</b></td><td><b>Display</b></td></tr><tr><td style=\"white-space:nowrap\">PASSIVE<a name=\"surveillance-type-cs-PASSIVE\"> </a></td><td>Passive</td></tr><tr><td style=\"white-space:nowrap\">ROUTINE<a name=\"surveillance-type-cs-ROUTINE\"> </a></td><td>Routine</td></tr><tr><td style=\"white-space:nowrap\">ACTIVE<a name=\"surveillance-type-cs-ACTIVE\"> </a></td><td>Active</td></tr><tr><td style=\"white-space:nowrap\">PDS<a name=\"surveillance-type-cs-PDS\"> </a></td><td>PDS</td></tr><tr><td style=\"white-space:nowrap\">CAHO<a name=\"surveillance-type-cs-CAHO\"> </a></td><td>CAHO</td></tr><tr><td style=\"white-space:nowrap\">GDS<a name=\"surveillance-type-cs-GDS\"> </a></td><td>GDS</td></tr><tr><td style=\"white-space:nowrap\">SENTINEL<a name=\"surveillance-type-cs-SENTINEL\"> </a></td><td>Sentinel</td></tr></table></div>"},"url":"https://dhis2.org/fhir/CodeSystem/surveillance-type-cs","version":"0.1.0","name":"SurveillanceTypeCS","title":"Surveillance Type Code System","status":"draft","date":"2024-04-12T11:15:39+00:00","publisher":"DHIS2","contact":[{"name":"DHIS2","telecom":[{"system":"url","value":"https://dhis2.org"},{"system":"email","value":"johan.hole@dhis2.org"}]}],"description":"Code system for surveillance types.","content":"complete","count":7,"concept":[{"code":"PASSIVE","display":"Passive"},{"code":"ROUTINE","display":"Routine"},{"code":"ACTIVE","display":"Active"},{"code":"PDS","display":"PDS"},{"code":"CAHO","display":"CAHO"},{"code":"GDS","display":"GDS"},{"code":"SENTINEL","display":"Sentinel"}]}