{"resourceType":"ValueSet","id":"control-measures-vs","text":{"status":"generated","div":"<div xmlns=\"http://www.w3.org/1999/xhtml\"><ul><li>Include all codes defined in <a href=\"CodeSystem-control-measures-cs.html\"><code>https://example.org/fhir/CodeSystem/control-measures-cs</code></a></li></ul></div>"},"url":"https://example.org/fhir/ValueSet/control-measures-vs","version":"0.1.0","name":"ControlMeasuresVS","title":"Control Measures Value Set","status":"draft","date":"2024-04-17T11:58:12+00:00","publisher":"DHIS2","contact":[{"name":"DHIS2","telecom":[{"system":"url","value":"https://dhis2.org"},{"system":"email","value":"johan.hole@dhis2.org"}]}],"description":"Value set for control measures.","compose":{"include":[{"system":"https://example.org/fhir/CodeSystem/control-measures-cs"}]}}