{"resourceType":"ValueSet","id":"empresi-countries-vs","text":{"status":"generated","div":"<div xmlns=\"http://www.w3.org/1999/xhtml\"><ul><li>Include all codes defined in <a href=\"CodeSystem-empresi-countries-cs.html\"><code>https://dhis2.org/fhir/CodeSystem/empresi-countries-cs</code></a></li></ul></div>"},"url":"https://dhis2.org/fhir/ValueSet/empresi-countries-vs","version":"0.1.0","name":"EmpresiCountriesVS","title":"Empresi Countries Value Set","status":"draft","date":"2024-04-22T10:30:53+00:00","publisher":"DHIS2","contact":[{"name":"DHIS2","telecom":[{"system":"url","value":"https://dhis2.org"},{"system":"email","value":"johan.hole@dhis2.org"}]}],"description":"Value set for Empresi countries.","compose":{"include":[{"system":"https://dhis2.org/fhir/CodeSystem/empresi-countries-cs"}]}}