{"resourceType":"ValueSet","id":"regions-vs","text":{"status":"generated","div":"<div xmlns=\"http://www.w3.org/1999/xhtml\"><ul><li>Include all codes defined in <a href=\"CodeSystem-regions-cs.html\"><code>https://dhis2.org/fhir/CodeSystem/regions-cs</code></a></li></ul></div>"},"url":"https://dhis2.org/fhir/ValueSet/regions-vs","version":"0.1.0","name":"RegionsVS","title":"Regions Value Set","status":"draft","date":"2024-04-16T18:12:52+00:00","publisher":"DHIS2","contact":[{"name":"DHIS2","telecom":[{"system":"url","value":"https://dhis2.org"},{"system":"email","value":"johan.hole@dhis2.org"}]}],"description":"Value set for regions.","compose":{"include":[{"system":"https://dhis2.org/fhir/CodeSystem/regions-cs"}]}}