{"resourceType":"ValueSet","id":"disease-status-vs","text":{"status":"generated","div":"<div xmlns=\"http://www.w3.org/1999/xhtml\"><ul><li>Include all codes defined in <a href=\"CodeSystem-diagnostic-status-cs.html\"><code>https://dhis2.org/fhir/CodeSystem/diagnostic-status-cs</code></a></li></ul></div>"},"url":"https://dhis2.org/fhir/ValueSet/disease-status-vs","version":"0.1.0","name":"DiseaseStatusVS","title":"Disease Status Value Set","status":"draft","date":"2024-04-16T08:17:53+00:00","publisher":"DHIS2","contact":[{"name":"DHIS2","telecom":[{"system":"url","value":"https://dhis2.org"},{"system":"email","value":"johan.hole@dhis2.org"}]}],"description":"Value set for diagnostic status.","compose":{"include":[{"system":"https://dhis2.org/fhir/CodeSystem/diagnostic-status-cs"}]}}