{"resourceType":"ValueSet","id":"necropsy-lesions-vs","text":{"status":"generated","div":"<div xmlns=\"http://www.w3.org/1999/xhtml\"><ul><li>Include all codes defined in <a href=\"CodeSystem-necropsy-lesions-cs.html\"><code>https://dhis2.org/fhir/CodeSystem/necropsy-lesions-cs</code></a></li></ul></div>"},"url":"https://dhis2.org/fhir/ValueSet/necropsy-lesions-vs","version":"0.1.0","name":"NecropsyLesionsVS","title":"Necropsy Lesions Value Set","status":"draft","date":"2024-04-16T18:12:52+00:00","publisher":"DHIS2","contact":[{"name":"DHIS2","telecom":[{"system":"url","value":"https://dhis2.org"},{"system":"email","value":"johan.hole@dhis2.org"}]}],"description":"Value set for necropsy lesions.","compose":{"include":[{"system":"https://dhis2.org/fhir/CodeSystem/necropsy-lesions-cs"}]}}