{"resourceType":"ValueSet","id":"production-system-one-vs","text":{"status":"generated","div":"<div xmlns=\"http://www.w3.org/1999/xhtml\"><ul><li>Include all codes defined in <a href=\"CodeSystem-production-system-one-cs.html\"><code>https://dhis2.org/fhir/CodeSystem/production-system-one-cs</code></a></li></ul></div>"},"url":"https://dhis2.org/fhir/ValueSet/production-system-one-vs","version":"0.1.0","name":"ProductionSystemOneVS","title":"Production System One Value Set","status":"draft","date":"2024-04-22T11:02:38+00:00","publisher":"DHIS2","contact":[{"name":"DHIS2","telecom":[{"system":"url","value":"https://dhis2.org"},{"system":"email","value":"johan.hole@dhis2.org"}]}],"description":"Value set for production system one.","compose":{"include":[{"system":"https://dhis2.org/fhir/CodeSystem/production-system-one-cs"}]}}