{"resourceType":"ValueSet","id":"locality-source-vs","text":{"status":"generated","div":"<div xmlns=\"http://www.w3.org/1999/xhtml\"><ul><li>Include all codes defined in <a href=\"CodeSystem-locality-source-cs.html\"><code>https://dhis2.org/fhir/CodeSystem/locality-source-cs</code></a></li></ul></div>"},"url":"https://dhis2.org/fhir/ValueSet/locality-source-vs","version":"0.1.0","name":"LocalitySourceVS","title":"Locality Source Value Set","status":"draft","date":"2024-04-12T09:40:09+00:00","publisher":"DHIS2","contact":[{"name":"DHIS2","telecom":[{"system":"url","value":"https://dhis2.org"},{"system":"email","value":"johan.hole@dhis2.org"}]}],"description":"Value set for sources of locality information.","compose":{"include":[{"system":"https://dhis2.org/fhir/CodeSystem/locality-source-cs"}]}}