{"resourceType":"ValueSet","id":"clade-vs","text":{"status":"generated","div":"<div xmlns=\"http://www.w3.org/1999/xhtml\"><ul><li>Include all codes defined in <a href=\"CodeSystem-clade-cs.html\"><code>https://dhis2.org/fhir/CodeSystem/clade-cs</code></a></li></ul></div>"},"url":"https://dhis2.org/fhir/ValueSet/clade-vs","version":"0.1.0","name":"CladeVS","title":"Clade Value Set","status":"draft","date":"2024-04-22T11:02:38+00:00","publisher":"DHIS2","contact":[{"name":"DHIS2","telecom":[{"system":"url","value":"https://dhis2.org"},{"system":"email","value":"johan.hole@dhis2.org"}]}],"description":"Value set for clade.","compose":{"include":[{"system":"https://dhis2.org/fhir/CodeSystem/clade-cs"}]}}