{"resourceType":"ValueSet","id":"diagnosis-basis-vs","text":{"status":"generated","div":"<div xmlns=\"http://www.w3.org/1999/xhtml\"><ul><li>Include all codes defined in <a href=\"CodeSystem-diagnosis-basis-cs.html\"><code>https://dhis2.org/fhir/CodeSystem/diagnosis-basis-cs</code></a></li></ul></div>"},"url":"https://dhis2.org/fhir/ValueSet/diagnosis-basis-vs","version":"0.1.0","name":"DiagnosisBasisVS","title":"Diagnosis Basis Value Set","status":"draft","date":"2024-04-12T11:15:39+00:00","publisher":"DHIS2","contact":[{"name":"DHIS2","telecom":[{"system":"url","value":"https://dhis2.org"},{"system":"email","value":"johan.hole@dhis2.org"}]}],"description":"value set for diagnosis basis.","compose":{"include":[{"system":"https://dhis2.org/fhir/CodeSystem/diagnosis-basis-cs"}]}}