{"resourceType":"ValueSet","id":"districts-vs","text":{"status":"generated","div":"<div xmlns=\"http://www.w3.org/1999/xhtml\"><ul><li>Include all codes defined in <a href=\"CodeSystem-districts-cs.html\"><code>https://dhis2.org/fhir/CodeSystem/districts-cs</code></a></li></ul></div>"},"url":"https://dhis2.org/fhir/ValueSet/districts-vs","version":"0.1.0","name":"DistrictsVS","title":"Districts Value Set","status":"draft","date":"2024-04-10T14:10:05+00:00","publisher":"DHIS2","contact":[{"name":"DHIS2","telecom":[{"system":"url","value":"https://dhis2.org"},{"system":"email","value":"johan.hole@dhis2.org"}]}],"description":"Value set for districts.","compose":{"include":[{"system":"https://dhis2.org/fhir/CodeSystem/districts-cs"}]}}