{"resourceType":"ValueSet","id":"clinical-signs-vs","text":{"status":"generated","div":"<div xmlns=\"http://www.w3.org/1999/xhtml\"><ul><li>Include all codes defined in <a href=\"CodeSystem-clinical-signs-cs.html\"><code>https://example.org/fhir/CodeSystem/clinical-signs-cs</code></a></li></ul></div>"},"url":"https://example.org/fhir/ValueSet/clinical-signs-vs","version":"0.1.0","name":"ClinicalSignsVS","title":"Clinical Signs Value Set","status":"draft","date":"2024-04-17T13:28:15+00:00","publisher":"DHIS2","contact":[{"name":"DHIS2","telecom":[{"system":"url","value":"https://dhis2.org"},{"system":"email","value":"johan.hole@dhis2.org"}]}],"description":"Value set for clinical signs.","compose":{"include":[{"system":"https://example.org/fhir/CodeSystem/clinical-signs-cs"}]}}