{
  "resourceType" : "CodeSystem",
  "id" : "production-system-two-cs",
  "text" : {
    "status" : "generated",
    "div" : "<div xmlns=\"http://www.w3.org/1999/xhtml\"><p>This  code system <code>https://dhis2.org/fhir/CodeSystem/production-system-two-cs</code> defines the following codes:</p><table class=\"codes\"><tr><td style=\"white-space:nowrap\"><b>Code</b></td><td><b>Display</b></td></tr><tr><td style=\"white-space:nowrap\">MEAT<a name=\"production-system-two-cs-MEAT\"> </a></td><td>Meat</td></tr><tr><td style=\"white-space:nowrap\">BREEDING<a name=\"production-system-two-cs-BREEDING\"> </a></td><td>Breeding</td></tr><tr><td style=\"white-space:nowrap\">BROILER<a name=\"production-system-two-cs-BROILER\"> </a></td><td>Broiler</td></tr><tr><td style=\"white-space:nowrap\">LAYER<a name=\"production-system-two-cs-LAYER\"> </a></td><td>Layer</td></tr><tr><td style=\"white-space:nowrap\">PARENT_STOCK<a name=\"production-system-two-cs-PARENT_STOCK\"> </a></td><td>Parent stock</td></tr><tr><td style=\"white-space:nowrap\">HATCHERY<a name=\"production-system-two-cs-HATCHERY\"> </a></td><td>Hatchery</td></tr><tr><td style=\"white-space:nowrap\">FREE_RANGE<a name=\"production-system-two-cs-FREE_RANGE\"> </a></td><td>Free range</td></tr><tr><td style=\"white-space:nowrap\">BIRD_SHOP<a name=\"production-system-two-cs-BIRD_SHOP\"> </a></td><td>Bird shop</td></tr><tr><td style=\"white-space:nowrap\">LIVE_MARKET<a name=\"production-system-two-cs-LIVE_MARKET\"> </a></td><td>Live market</td></tr><tr><td style=\"white-space:nowrap\">GAME_FARM<a name=\"production-system-two-cs-GAME_FARM\"> </a></td><td>Game farm</td></tr><tr><td style=\"white-space:nowrap\">HOUSEHOLD<a name=\"production-system-two-cs-HOUSEHOLD\"> </a></td><td>Household</td></tr><tr><td style=\"white-space:nowrap\">VILLAGE<a name=\"production-system-two-cs-VILLAGE\"> </a></td><td>Village</td></tr><tr><td style=\"white-space:nowrap\">DAIRY<a name=\"production-system-two-cs-DAIRY\"> </a></td><td>Dairy</td></tr><tr><td style=\"white-space:nowrap\">DUAL_PURPOSE<a name=\"production-system-two-cs-DUAL_PURPOSE\"> </a></td><td>Dual purpose</td></tr><tr><td style=\"white-space:nowrap\">WOOL_/_HAIR<a name=\"production-system-two-cs-WOOL_.47_HAIR\"> </a></td><td>Wool / Hair</td></tr><tr><td style=\"white-space:nowrap\">FATTENING<a name=\"production-system-two-cs-FATTENING\"> </a></td><td>Fattening</td></tr><tr><td style=\"white-space:nowrap\">POULTRY_SHOP<a name=\"production-system-two-cs-POULTRY_SHOP\"> </a></td><td>Poultry shop</td></tr></table></div>"
  },
  "url" : "https://dhis2.org/fhir/CodeSystem/production-system-two-cs",
  "version" : "0.1.0",
  "name" : "ProductionSystemTwoCS",
  "title" : "Production System Two Code System",
  "status" : "draft",
  "date" : "2024-04-16T18:12:52+00:00",
  "publisher" : "DHIS2",
  "contact" : [{
    "name" : "DHIS2",
    "telecom" : [{
      "system" : "url",
      "value" : "https://dhis2.org"
    },
    {
      "system" : "email",
      "value" : "johan.hole@dhis2.org"
    }]
  }],
  "description" : "Code system for production system two.",
  "content" : "complete",
  "count" : 17,
  "concept" : [{
    "code" : "MEAT",
    "display" : "Meat"
  },
  {
    "code" : "BREEDING",
    "display" : "Breeding"
  },
  {
    "code" : "BROILER",
    "display" : "Broiler"
  },
  {
    "code" : "LAYER",
    "display" : "Layer"
  },
  {
    "code" : "PARENT_STOCK",
    "display" : "Parent stock"
  },
  {
    "code" : "HATCHERY",
    "display" : "Hatchery"
  },
  {
    "code" : "FREE_RANGE",
    "display" : "Free range"
  },
  {
    "code" : "BIRD_SHOP",
    "display" : "Bird shop"
  },
  {
    "code" : "LIVE_MARKET",
    "display" : "Live market"
  },
  {
    "code" : "GAME_FARM",
    "display" : "Game farm"
  },
  {
    "code" : "HOUSEHOLD",
    "display" : "Household"
  },
  {
    "code" : "VILLAGE",
    "display" : "Village"
  },
  {
    "code" : "DAIRY",
    "display" : "Dairy"
  },
  {
    "code" : "DUAL_PURPOSE",
    "display" : "Dual purpose"
  },
  {
    "code" : "WOOL_/_HAIR",
    "display" : "Wool / Hair"
  },
  {
    "code" : "FATTENING",
    "display" : "Fattening"
  },
  {
    "code" : "POULTRY_SHOP",
    "display" : "Poultry shop"
  }]
}