{
  "resourceType" : "CodeSystem",
  "id" : "clade-cs",
  "text" : {
    "status" : "generated",
    "div" : "<div xmlns=\"http://www.w3.org/1999/xhtml\"><p>This  code system <code>https://dhis2.org/fhir/CodeSystem/clade-cs</code> defines the following codes:</p><table class=\"codes\"><tr><td style=\"white-space:nowrap\"><b>Code</b></td><td><b>Display</b></td></tr><tr><td style=\"white-space:nowrap\">1<a name=\"clade-cs-1\"> </a></td><td>1</td></tr><tr><td style=\"white-space:nowrap\">112<a name=\"clade-cs-112\"> </a></td><td>1. 1. 2</td></tr><tr><td style=\"white-space:nowrap\">213<a name=\"clade-cs-213\"> </a></td><td>2. 1. 3</td></tr><tr><td style=\"white-space:nowrap\">212<a name=\"clade-cs-212\"> </a></td><td>2. 1. 2</td></tr><tr><td style=\"white-space:nowrap\">2132<a name=\"clade-cs-2132\"> </a></td><td>2. 1. 3. 2</td></tr><tr><td style=\"white-space:nowrap\">2132A<a name=\"clade-cs-2132A\"> </a></td><td>2. 1. 3. 2a</td></tr><tr><td style=\"white-space:nowrap\">11<a name=\"clade-cs-11\"> </a></td><td>1. 1</td></tr><tr><td style=\"white-space:nowrap\">211<a name=\"clade-cs-211\"> </a></td><td>2. 1. 1</td></tr><tr><td style=\"white-space:nowrap\">111<a name=\"clade-cs-111\"> </a></td><td>1. 1. 1</td></tr><tr><td style=\"white-space:nowrap\">2133<a name=\"clade-cs-2133\"> </a></td><td>2. 1. 3. 3</td></tr><tr><td style=\"white-space:nowrap\">22<a name=\"clade-cs-22\"> </a></td><td>2. 2</td></tr><tr><td style=\"white-space:nowrap\">2211A<a name=\"clade-cs-2211A\"> </a></td><td>2. 2. 1. 1a</td></tr><tr><td style=\"white-space:nowrap\">221<a name=\"clade-cs-221\"> </a></td><td>2. 2. 1</td></tr><tr><td style=\"white-space:nowrap\">2131<a name=\"clade-cs-2131\"> </a></td><td>2. 1. 3. 1</td></tr><tr><td style=\"white-space:nowrap\">2211<a name=\"clade-cs-2211\"> </a></td><td>2. 2. 1. 1</td></tr><tr><td style=\"white-space:nowrap\">222<a name=\"clade-cs-222\"> </a></td><td>2. 2. 2</td></tr><tr><td style=\"white-space:nowrap\">2221<a name=\"clade-cs-2221\"> </a></td><td>2. 2. 2. 1</td></tr><tr><td style=\"white-space:nowrap\">231<a name=\"clade-cs-231\"> </a></td><td>2. 3. 1</td></tr><tr><td style=\"white-space:nowrap\">232<a name=\"clade-cs-232\"> </a></td><td>2. 3. 2</td></tr><tr><td style=\"white-space:nowrap\">2321<a name=\"clade-cs-2321\"> </a></td><td>2. 3. 2. 1</td></tr><tr><td style=\"white-space:nowrap\">2321A<a name=\"clade-cs-2321A\"> </a></td><td>2. 3. 2. 1a</td></tr><tr><td style=\"white-space:nowrap\">2321B<a name=\"clade-cs-2321B\"> </a></td><td>2. 3. 2. 1b</td></tr><tr><td style=\"white-space:nowrap\">2321C<a name=\"clade-cs-2321C\"> </a></td><td>2. 3. 2. 1c</td></tr><tr><td style=\"white-space:nowrap\">233<a name=\"clade-cs-233\"> </a></td><td>2. 3. 3</td></tr><tr><td style=\"white-space:nowrap\">234<a name=\"clade-cs-234\"> </a></td><td>2. 3. 4</td></tr><tr><td style=\"white-space:nowrap\">2341<a name=\"clade-cs-2341\"> </a></td><td>2. 3. 4. 1</td></tr><tr><td style=\"white-space:nowrap\">2342<a name=\"clade-cs-2342\"> </a></td><td>2. 3. 4. 2</td></tr><tr><td style=\"white-space:nowrap\">2343<a name=\"clade-cs-2343\"> </a></td><td>2. 3. 4. 3</td></tr><tr><td style=\"white-space:nowrap\">24<a name=\"clade-cs-24\"> </a></td><td>2. 4</td></tr><tr><td style=\"white-space:nowrap\">4<a name=\"clade-cs-4\"> </a></td><td>4</td></tr><tr><td style=\"white-space:nowrap\">6<a name=\"clade-cs-6\"> </a></td><td>6</td></tr><tr><td style=\"white-space:nowrap\">7<a name=\"clade-cs-7\"> </a></td><td>7</td></tr><tr><td style=\"white-space:nowrap\">71<a name=\"clade-cs-71\"> </a></td><td>7. 1</td></tr><tr><td style=\"white-space:nowrap\">72<a name=\"clade-cs-72\"> </a></td><td>7. 2</td></tr><tr><td style=\"white-space:nowrap\">9<a name=\"clade-cs-9\"> </a></td><td>9</td></tr><tr><td style=\"white-space:nowrap\">5<a name=\"clade-cs-5\"> </a></td><td>5</td></tr><tr><td style=\"white-space:nowrap\">25<a name=\"clade-cs-25\"> </a></td><td>2. 5</td></tr><tr><td style=\"white-space:nowrap\">CLADE_1<a name=\"clade-cs-CLADE_1\"> </a></td><td>Clade 1</td></tr></table></div>"
  },
  "url" : "https://dhis2.org/fhir/CodeSystem/clade-cs",
  "version" : "0.1.0",
  "name" : "CladeCS",
  "title" : "Clade Code System",
  "status" : "draft",
  "date" : "2024-04-22T11:02:38+00:00",
  "publisher" : "DHIS2",
  "contact" : [{
    "name" : "DHIS2",
    "telecom" : [{
      "system" : "url",
      "value" : "https://dhis2.org"
    },
    {
      "system" : "email",
      "value" : "johan.hole@dhis2.org"
    }]
  }],
  "description" : "Code system for clade.",
  "content" : "complete",
  "count" : 38,
  "concept" : [{
    "code" : "1",
    "display" : "1"
  },
  {
    "code" : "112",
    "display" : "1. 1. 2"
  },
  {
    "code" : "213",
    "display" : "2. 1. 3"
  },
  {
    "code" : "212",
    "display" : "2. 1. 2"
  },
  {
    "code" : "2132",
    "display" : "2. 1. 3. 2"
  },
  {
    "code" : "2132A",
    "display" : "2. 1. 3. 2a"
  },
  {
    "code" : "11",
    "display" : "1. 1"
  },
  {
    "code" : "211",
    "display" : "2. 1. 1"
  },
  {
    "code" : "111",
    "display" : "1. 1. 1"
  },
  {
    "code" : "2133",
    "display" : "2. 1. 3. 3"
  },
  {
    "code" : "22",
    "display" : "2. 2"
  },
  {
    "code" : "2211A",
    "display" : "2. 2. 1. 1a"
  },
  {
    "code" : "221",
    "display" : "2. 2. 1"
  },
  {
    "code" : "2131",
    "display" : "2. 1. 3. 1"
  },
  {
    "code" : "2211",
    "display" : "2. 2. 1. 1"
  },
  {
    "code" : "222",
    "display" : "2. 2. 2"
  },
  {
    "code" : "2221",
    "display" : "2. 2. 2. 1"
  },
  {
    "code" : "231",
    "display" : "2. 3. 1"
  },
  {
    "code" : "232",
    "display" : "2. 3. 2"
  },
  {
    "code" : "2321",
    "display" : "2. 3. 2. 1"
  },
  {
    "code" : "2321A",
    "display" : "2. 3. 2. 1a"
  },
  {
    "code" : "2321B",
    "display" : "2. 3. 2. 1b"
  },
  {
    "code" : "2321C",
    "display" : "2. 3. 2. 1c"
  },
  {
    "code" : "233",
    "display" : "2. 3. 3"
  },
  {
    "code" : "234",
    "display" : "2. 3. 4"
  },
  {
    "code" : "2341",
    "display" : "2. 3. 4. 1"
  },
  {
    "code" : "2342",
    "display" : "2. 3. 4. 2"
  },
  {
    "code" : "2343",
    "display" : "2. 3. 4. 3"
  },
  {
    "code" : "24",
    "display" : "2. 4"
  },
  {
    "code" : "4",
    "display" : "4"
  },
  {
    "code" : "6",
    "display" : "6"
  },
  {
    "code" : "7",
    "display" : "7"
  },
  {
    "code" : "71",
    "display" : "7. 1"
  },
  {
    "code" : "72",
    "display" : "7. 2"
  },
  {
    "code" : "9",
    "display" : "9"
  },
  {
    "code" : "5",
    "display" : "5"
  },
  {
    "code" : "25",
    "display" : "2. 5"
  },
  {
    "code" : "CLADE_1",
    "display" : "Clade 1"
  }]
}