{
  "resourceType" : "CodeSystem",
  "id" : "regions-cs",
  "text" : {
    "status" : "generated",
    "div" : "<div xmlns=\"http://www.w3.org/1999/xhtml\"><p>This  code system <code>https://dhis2.org/fhir/CodeSystem/regions-cs</code> defines the following codes:</p><table class=\"codes\"><tr><td style=\"white-space:nowrap\"><b>Code</b></td><td><b>Display</b></td></tr><tr><td style=\"white-space:nowrap\">ATTAPU<a name=\"regions-cs-ATTAPU\"> </a></td><td>Attapu</td></tr><tr><td style=\"white-space:nowrap\">BOKEO<a name=\"regions-cs-BOKEO\"> </a></td><td>Bokeo</td></tr><tr><td style=\"white-space:nowrap\">BOLIKHAMXAI<a name=\"regions-cs-BOLIKHAMXAI\"> </a></td><td>Bolikhamxai</td></tr><tr><td style=\"white-space:nowrap\">CHAMPASAK<a name=\"regions-cs-CHAMPASAK\"> </a></td><td>Champasak</td></tr><tr><td style=\"white-space:nowrap\">HOUAPHAN<a name=\"regions-cs-HOUAPHAN\"> </a></td><td>Houaphan</td></tr><tr><td style=\"white-space:nowrap\">KHAMMOUAN<a name=\"regions-cs-KHAMMOUAN\"> </a></td><td>Khammouan</td></tr><tr><td style=\"white-space:nowrap\">LOUANGNAMTHA<a name=\"regions-cs-LOUANGNAMTHA\"> </a></td><td>Louang-Namtha</td></tr><tr><td style=\"white-space:nowrap\">LOUANGPHABANG<a name=\"regions-cs-LOUANGPHABANG\"> </a></td><td>Louangphabang</td></tr><tr><td style=\"white-space:nowrap\">OUDOMXAI<a name=\"regions-cs-OUDOMXAI\"> </a></td><td>Oudomxai</td></tr><tr><td style=\"white-space:nowrap\">PHONGSALI<a name=\"regions-cs-PHONGSALI\"> </a></td><td>Phongsali</td></tr><tr><td style=\"white-space:nowrap\">SALAVAN<a name=\"regions-cs-SALAVAN\"> </a></td><td>Salavan</td></tr><tr><td style=\"white-space:nowrap\">SAVANNAKHET<a name=\"regions-cs-SAVANNAKHET\"> </a></td><td>Savannakhet</td></tr><tr><td style=\"white-space:nowrap\">VIENTIANE<a name=\"regions-cs-VIENTIANE\"> </a></td><td>Vientiane</td></tr><tr><td style=\"white-space:nowrap\">VIENTIANE_CAPITAL<a name=\"regions-cs-VIENTIANE_CAPITAL\"> </a></td><td>Vientiane capital</td></tr><tr><td style=\"white-space:nowrap\">XAINYABOULI<a name=\"regions-cs-XAINYABOULI\"> </a></td><td>Xaignabouli</td></tr><tr><td style=\"white-space:nowrap\">XEKONG<a name=\"regions-cs-XEKONG\"> </a></td><td>Xekong</td></tr><tr><td style=\"white-space:nowrap\">XIANGKHOUANG<a name=\"regions-cs-XIANGKHOUANG\"> </a></td><td>Xiangkhouang</td></tr></table></div>"
  },
  "url" : "https://dhis2.org/fhir/CodeSystem/regions-cs",
  "version" : "0.1.0",
  "name" : "RegionsCS",
  "title" : "Regions Code System",
  "status" : "draft",
  "date" : "2024-04-16T08:17:53+00:00",
  "publisher" : "DHIS2",
  "contact" : [{
    "name" : "DHIS2",
    "telecom" : [{
      "system" : "url",
      "value" : "https://dhis2.org"
    },
    {
      "system" : "email",
      "value" : "johan.hole@dhis2.org"
    }]
  }],
  "description" : "Code system for regions.",
  "content" : "complete",
  "count" : 17,
  "concept" : [{
    "code" : "ATTAPU",
    "display" : "Attapu"
  },
  {
    "code" : "BOKEO",
    "display" : "Bokeo"
  },
  {
    "code" : "BOLIKHAMXAI",
    "display" : "Bolikhamxai"
  },
  {
    "code" : "CHAMPASAK",
    "display" : "Champasak"
  },
  {
    "code" : "HOUAPHAN",
    "display" : "Houaphan"
  },
  {
    "code" : "KHAMMOUAN",
    "display" : "Khammouan"
  },
  {
    "code" : "LOUANGNAMTHA",
    "display" : "Louang-Namtha"
  },
  {
    "code" : "LOUANGPHABANG",
    "display" : "Louangphabang"
  },
  {
    "code" : "OUDOMXAI",
    "display" : "Oudomxai"
  },
  {
    "code" : "PHONGSALI",
    "display" : "Phongsali"
  },
  {
    "code" : "SALAVAN",
    "display" : "Salavan"
  },
  {
    "code" : "SAVANNAKHET",
    "display" : "Savannakhet"
  },
  {
    "code" : "VIENTIANE",
    "display" : "Vientiane"
  },
  {
    "code" : "VIENTIANE_CAPITAL",
    "display" : "Vientiane capital"
  },
  {
    "code" : "XAINYABOULI",
    "display" : "Xaignabouli"
  },
  {
    "code" : "XEKONG",
    "display" : "Xekong"
  },
  {
    "code" : "XIANGKHOUANG",
    "display" : "Xiangkhouang"
  }]
}